SET session_replication_role = replica;

--
-- PostgreSQL database dump
--

-- \restrict zTQsa10PoSgXWVRWW06GVDTsxfLsYXc2eRAhPb2VLy9O80WXMBxPH8DEajsW8sh

-- Dumped from database version 17.6
-- Dumped by pg_dump version 17.6

SET statement_timeout = 0;
SET lock_timeout = 0;
SET idle_in_transaction_session_timeout = 0;
SET transaction_timeout = 0;
SET client_encoding = 'UTF8';
SET standard_conforming_strings = on;
SELECT pg_catalog.set_config('search_path', '', false);
SET check_function_bodies = false;
SET xmloption = content;
SET client_min_messages = warning;
SET row_security = off;

--
-- Data for Name: audit_log_entries; Type: TABLE DATA; Schema: auth; Owner: supabase_auth_admin
--



--
-- Data for Name: flow_state; Type: TABLE DATA; Schema: auth; Owner: supabase_auth_admin
--



--
-- Data for Name: users; Type: TABLE DATA; Schema: auth; Owner: supabase_auth_admin
--



--
-- Data for Name: identities; Type: TABLE DATA; Schema: auth; Owner: supabase_auth_admin
--



--
-- Data for Name: instances; Type: TABLE DATA; Schema: auth; Owner: supabase_auth_admin
--



--
-- Data for Name: oauth_clients; Type: TABLE DATA; Schema: auth; Owner: supabase_auth_admin
--



--
-- Data for Name: sessions; Type: TABLE DATA; Schema: auth; Owner: supabase_auth_admin
--



--
-- Data for Name: mfa_amr_claims; Type: TABLE DATA; Schema: auth; Owner: supabase_auth_admin
--



--
-- Data for Name: mfa_factors; Type: TABLE DATA; Schema: auth; Owner: supabase_auth_admin
--



--
-- Data for Name: mfa_challenges; Type: TABLE DATA; Schema: auth; Owner: supabase_auth_admin
--



--
-- Data for Name: oauth_authorizations; Type: TABLE DATA; Schema: auth; Owner: supabase_auth_admin
--



--
-- Data for Name: oauth_client_states; Type: TABLE DATA; Schema: auth; Owner: supabase_auth_admin
--



--
-- Data for Name: oauth_consents; Type: TABLE DATA; Schema: auth; Owner: supabase_auth_admin
--



--
-- Data for Name: one_time_tokens; Type: TABLE DATA; Schema: auth; Owner: supabase_auth_admin
--



--
-- Data for Name: refresh_tokens; Type: TABLE DATA; Schema: auth; Owner: supabase_auth_admin
--



--
-- Data for Name: sso_providers; Type: TABLE DATA; Schema: auth; Owner: supabase_auth_admin
--



--
-- Data for Name: saml_providers; Type: TABLE DATA; Schema: auth; Owner: supabase_auth_admin
--



--
-- Data for Name: saml_relay_states; Type: TABLE DATA; Schema: auth; Owner: supabase_auth_admin
--



--
-- Data for Name: sso_domains; Type: TABLE DATA; Schema: auth; Owner: supabase_auth_admin
--



--
-- Data for Name: jobs; Type: TABLE DATA; Schema: public; Owner: postgres
--

INSERT INTO "public"."jobs" ("id", "job_number", "customer_name", "description", "planned_quantity", "created_at", "updated_at", "due_date") VALUES
	('3410d8f8-afc8-4cd3-8832-8f346bbcd4ce', '777', NULL, NULL, NULL, '2026-01-13 21:03:07.533615+00', '2026-01-20 12:14:02.876+00', NULL),
	('dcf03d04-d8df-458f-a630-39a1d9edb1aa', '333', 'asdsadas', NULL, NULL, '2026-01-17 21:34:06.850014+00', '2026-01-20 12:43:28.152+00', NULL),
	('bf667a2c-d03e-448b-9724-21b94a0f0e7d', '32131', 'לקוח בדיקה', NULL, NULL, '2026-01-19 21:46:55.027138+00', '2026-01-20 12:47:17.914+00', '2026-04-29'),
	('d4d6fcd7-4f58-4161-a34d-31af56748b40', '1111', 'לקוח בדיקה', 'תיאוxssa', NULL, '2026-01-18 20:10:53.219474+00', '2026-01-20 12:47:26.202+00', '2026-01-23'),
	('a248f289-0803-4aff-b26e-50e839b16142', '0000', 'רנה ביטון', NULL, NULL, '2026-01-20 13:45:03.538303+00', '2026-01-20 13:45:03.538303+00', '2026-01-28'),
	('f695c525-eb82-4cd1-a8cf-b5ec958a0efe', '66666666', 'לקוח', NULL, NULL, '2026-01-21 13:53:45.364532+00', '2026-01-21 13:53:45.364532+00', '2026-01-21'),
	('ad317053-f195-4dcf-a5ae-5de2c73e958e', '456', 'לקוח', 'תיאורתיאורתיאורתיאורתיאורתיאורתיאורתיאורתיאורתיאורתיאורתיאורתיאורתיאורתיאורתיאורתיאורתיאורתיאורתיאורתיאורתיאורתיאורתיאורתיאורתיאורתיאורתיאורתיאורתיאורתיאורתיאורתיאורתיאורתיאורתיאורתיאורתיאור', NULL, '2026-01-10 15:38:26.656718+00', '2026-01-10 15:38:26.656718+00', NULL),
	('6c40d9aa-c342-4dc6-babe-3c510d0844af', '222', NULL, NULL, NULL, '2026-01-13 21:10:32.032587+00', '2026-01-13 21:10:32.032587+00', NULL);


--
-- Data for Name: pipeline_presets; Type: TABLE DATA; Schema: public; Owner: postgres
--

INSERT INTO "public"."pipeline_presets" ("id", "name", "description", "is_active", "created_at", "updated_at") VALUES
	('071cb31d-7e2f-4e42-9b53-aab7d859afd6', 'Test Line A', 'מועבר מקו ייצור: TLA', true, '2026-01-08 21:57:31.353017+00', '2026-01-20 12:54:13.172489+00'),
	('f6833784-b361-42c9-b3aa-7e1a45cd3009', 'tfh', NULL, true, '2026-01-21 12:28:16.52668+00', '2026-01-21 12:28:16.52668+00'),
	('0612fd4c-cdb6-4e5a-918f-110751e7da61', 'בדיקה פולר', NULL, true, '2026-01-15 09:00:00.381652+00', '2026-01-21 13:07:32.156371+00'),
	('b0219c70-fa6c-465b-8fb1-d3be4f0ff2fa', 'בדיקה', NULL, true, '2026-01-20 13:44:13.562397+00', '2026-01-21 13:07:52.782651+00'),
	('72c81a3a-f809-4688-ba99-f98b7178844a', 'סופי??', NULL, true, '2026-01-21 13:44:38.523884+00', '2026-01-21 13:44:38.523884+00');


--
-- Data for Name: job_items; Type: TABLE DATA; Schema: public; Owner: postgres
--

INSERT INTO "public"."job_items" ("id", "job_id", "planned_quantity", "is_active", "created_at", "updated_at", "name", "pipeline_preset_id", "is_pipeline_locked") VALUES
	('7104d141-7a58-4b2c-b6b5-97ffbd67acd6', 'dcf03d04-d8df-458f-a630-39a1d9edb1aa', 10000, true, '2026-01-18 20:08:33.86965+00', '2026-01-18 20:08:33.86965+00', 'cshev rhpeyur', NULL, false),
	('e9cbc681-343a-47f2-8c81-f4e4e0e81cd6', 'd4d6fcd7-4f58-4161-a34d-31af56748b40', 100000, true, '2026-01-18 20:14:44.690702+00', '2026-01-18 20:15:06.921823+00', 'ccccc', NULL, true),
	('a76089bf-f232-4d1f-9b23-133cc8fa9153', 'bf667a2c-d03e-448b-9724-21b94a0f0e7d', 10000, true, '2026-01-19 21:46:57.810788+00', '2026-01-19 22:02:18.822317+00', 'cshev', NULL, true),
	('50b60a3a-58b2-4d43-b452-88ef543814d9', 'bf667a2c-d03e-448b-9724-21b94a0f0e7d', 10000, true, '2026-01-19 21:46:55.465515+00', '2026-01-19 22:04:54.297445+00', '321', NULL, true),
	('640bbdc0-c0d9-4463-87f8-11fb789f9753', 'a248f289-0803-4aff-b26e-50e839b16142', 10000, true, '2026-01-20 13:45:04.020642+00', '2026-01-20 13:48:48.766447+00', 'בדיקה', NULL, true),
	('cd8c9d01-a73e-4193-b5a2-0fbe57d2eebe', '6c40d9aa-c342-4dc6-babe-3c510d0844af', 30000, true, '2026-01-13 21:20:14.994788+00', '2026-01-13 22:18:06.445152+00', 'פריט צינור', NULL, false),
	('a5e7e178-915e-4405-aa1e-320c10e2b479', 'a248f289-0803-4aff-b26e-50e839b16142', 10000, true, '2026-01-21 13:17:25.910348+00', '2026-01-21 13:49:36.710009+00', 'בדיקה פולר', NULL, true),
	('327cc3cd-e43a-45a7-bfb0-39f811a7468e', 'f695c525-eb82-4cd1-a8cf-b5ec958a0efe', 100000, true, '2026-01-21 13:53:48.493608+00', '2026-01-21 13:56:58.078478+00', 'QA', NULL, true),
	('4ae8d4c5-de42-4a85-8159-be9f4f9517c0', 'f695c525-eb82-4cd1-a8cf-b5ec958a0efe', 1000000, true, '2026-01-21 13:57:41.565651+00', '2026-01-21 13:57:58.43289+00', 'סופי??', NULL, true),
	('55b91c21-3f85-48a2-a08f-9ed7d607bc6b', 'f695c525-eb82-4cd1-a8cf-b5ec958a0efe', 1000000, true, '2026-01-21 14:01:46.865911+00', '2026-01-21 14:02:01.041939+00', 'פולר QA', NULL, true),
	('c9d6e4e6-f977-4277-8c6c-427f269f4599', 'a248f289-0803-4aff-b26e-50e839b16142', 10000000, true, '2026-01-21 13:10:07.777422+00', '2026-01-21 14:03:54.35066+00', 'בדיקה פולר', NULL, true),
	('4b0e7964-b073-47b4-a292-963e17628283', '6c40d9aa-c342-4dc6-babe-3c510d0844af', 100000, true, '2026-01-14 23:45:25.545391+00', '2026-01-14 23:45:25.545391+00', 'Test Line A', NULL, false),
	('84022274-459b-4db8-a631-9edc6c07eecd', '6c40d9aa-c342-4dc6-babe-3c510d0844af', 100000, true, '2026-01-15 09:01:10.966555+00', '2026-01-15 09:01:10.966555+00', 'בדיקה פולר', NULL, false),
	('f8379c16-b5dd-49c0-be02-7e2ccc3809ec', '6c40d9aa-c342-4dc6-babe-3c510d0844af', 100000, true, '2026-01-16 13:28:51.351606+00', '2026-01-16 13:28:51.351606+00', 'יחידה', NULL, false),
	('865dd250-9a9c-4399-8954-fbb633fcf9d3', 'dcf03d04-d8df-458f-a630-39a1d9edb1aa', 10000, true, '2026-01-17 21:34:07.302536+00', '2026-01-17 21:34:07.302536+00', 'מוצר בדיקה', NULL, false),
	('32fc264b-6821-4c42-b9fe-2cd572cb095e', 'dcf03d04-d8df-458f-a630-39a1d9edb1aa', 10000, true, '2026-01-17 21:34:08.522297+00', '2026-01-17 21:34:08.522297+00', 'יחיד בדיקה', NULL, false),
	('7e6971a8-4783-4a37-b7e7-84bd9dff7494', '3410d8f8-afc8-4cd3-8832-8f346bbcd4ce', 3000, true, '2026-01-14 19:12:10.134934+00', '2026-01-17 22:54:58.334022+00', 'יחיד', NULL, true),
	('070a7ea5-da46-4989-8773-a4ee18a41126', 'ad317053-f195-4dcf-a5ae-5de2c73e958e', 500, true, '2026-01-11 18:55:50.434376+00', '2026-01-17 22:56:50.821645+00', 'Polar 92 XT', NULL, true),
	('08baf2a3-c2c0-4425-a22b-8e2ec7db9438', 'dcf03d04-d8df-458f-a630-39a1d9edb1aa', 100000, true, '2026-01-17 21:34:09.848936+00', '2026-01-17 22:59:09.825326+00', 'עוד בדיקות', NULL, true),
	('a0efc25a-2c83-4af3-b5a4-f1e5ca5ed534', 'ad317053-f195-4dcf-a5ae-5de2c73e958e', 600, true, '2026-01-10 15:38:28.811745+00', '2026-01-17 23:36:32.442325+00', 'Test Line A', '071cb31d-7e2f-4e42-9b53-aab7d859afd6', true);


--
-- Data for Name: job_item_progress; Type: TABLE DATA; Schema: public; Owner: postgres
--

INSERT INTO "public"."job_item_progress" ("job_item_id", "completed_good", "updated_at") VALUES
	('7104d141-7a58-4b2c-b6b5-97ffbd67acd6', 0, '2026-01-18 20:08:34.496414+00'),
	('e9cbc681-343a-47f2-8c81-f4e4e0e81cd6', 0, '2026-01-18 20:14:45.582004+00'),
	('50b60a3a-58b2-4d43-b452-88ef543814d9', 0, '2026-01-19 21:46:56.052053+00'),
	('a76089bf-f232-4d1f-9b23-133cc8fa9153', 5000, '2026-01-19 22:02:30.759344+00'),
	('640bbdc0-c0d9-4463-87f8-11fb789f9753', 0, '2026-01-20 13:45:04.667693+00'),
	('c9d6e4e6-f977-4277-8c6c-427f269f4599', 0, '2026-01-21 13:10:08.356229+00'),
	('a5e7e178-915e-4405-aa1e-320c10e2b479', 0, '2026-01-21 13:17:26.463982+00'),
	('327cc3cd-e43a-45a7-bfb0-39f811a7468e', 0, '2026-01-21 13:53:49.104874+00'),
	('4ae8d4c5-de42-4a85-8159-be9f4f9517c0', 0, '2026-01-21 13:57:42.182846+00'),
	('55b91c21-3f85-48a2-a08f-9ed7d607bc6b', 0, '2026-01-21 14:01:47.705474+00'),
	('a0efc25a-2c83-4af3-b5a4-f1e5ca5ed534', 600, '2026-01-15 21:55:25.618572+00'),
	('f8379c16-b5dd-49c0-be02-7e2ccc3809ec', 100000, '2026-01-16 13:54:47.242318+00'),
	('cd8c9d01-a73e-4193-b5a2-0fbe57d2eebe', 30000, '2026-01-17 21:31:15.352201+00'),
	('84022274-459b-4db8-a631-9edc6c07eecd', 100000, '2026-01-17 21:31:15.352201+00'),
	('4b0e7964-b073-47b4-a292-963e17628283', 100000, '2026-01-17 21:31:15.352201+00'),
	('865dd250-9a9c-4399-8954-fbb633fcf9d3', 0, '2026-01-17 21:34:07.879835+00'),
	('08baf2a3-c2c0-4425-a22b-8e2ec7db9438', 0, '2026-01-17 21:34:10.456811+00'),
	('32fc264b-6821-4c42-b9fe-2cd572cb095e', 10000, '2026-01-17 21:47:32.770994+00'),
	('7e6971a8-4783-4a37-b7e7-84bd9dff7494', 1382, '2026-01-18 16:43:54.017784+00'),
	('070a7ea5-da46-4989-8773-a4ee18a41126', 503, '2026-01-18 19:48:32.109722+00');


--
-- Data for Name: stations; Type: TABLE DATA; Schema: public; Owner: postgres
--

INSERT INTO "public"."stations" ("id", "name", "code", "station_type", "is_active", "start_checklist", "end_checklist", "station_reasons", "created_at", "updated_at", "requires_first_product_qa") VALUES
	('963edd40-7139-479e-b11f-4223187b76eb', 'איסוף 20 תאים', 'GATHER_20', 'binding', true, '[{"id": "placeholder-gather_20-start-1", "label_he": "איסוף 20 תאים 1 start", "label_ru": "איסוף 20 תאים 1 start", "is_required": true, "order_index": 0}, {"id": "placeholder-gather_20-start-2", "label_he": "איסוף 20 תאים 2 start", "label_ru": "איסוף 20 תאים 2 start", "is_required": true, "order_index": 1}, {"id": "placeholder-gather_20-start-3", "label_he": "איסוף 20 תאים 3 start", "label_ru": "איסוף 20 תאים 3 start", "is_required": true, "order_index": 2}]', '[{"id": "placeholder-gather_20-end-1", "label_he": "איסוף 20 תאים 1 end", "label_ru": "איסוף 20 תאים 1 end", "is_required": true, "order_index": 0}, {"id": "placeholder-gather_20-end-2", "label_he": "איסוף 20 תאים 2 end", "label_ru": "איסוף 20 תאים 2 end", "is_required": true, "order_index": 1}, {"id": "placeholder-gather_20-end-3", "label_he": "איסוף 20 תאים 3 end", "label_ru": "איסוף 20 תאים 3 end", "is_required": true, "order_index": 2}]', '[{"id": "general-malfunction", "label_he": "תקלת כללית", "label_ru": "Общая неисправность", "is_active": true}, {"id": "general-report", "label_he": "דיווח כללי", "label_ru": "Общий отчёт", "is_active": true}]', '2025-12-02 12:28:09.135176+00', '2026-01-20 21:57:37.150008+00', false),
	('29a660f6-1094-4603-afdf-19fbae335c16', 'H2', 'H2', 'digital_press', true, '[{"id": "placeholder-h2-start-1", "label_he": "H2 1 start", "label_ru": "H2 1 start", "is_required": true, "order_index": 0}, {"id": "placeholder-h2-start-2", "label_he": "H2 2 start", "label_ru": "H2 2 start", "is_required": true, "order_index": 1}, {"id": "placeholder-h2-start-3", "label_he": "H2 3 start", "label_ru": "H2 3 start", "is_required": true, "order_index": 2}]', '[{"id": "placeholder-h2-end-1", "label_he": "H2 1 end", "label_ru": "H2 1 end", "is_required": true, "order_index": 0}, {"id": "placeholder-h2-end-2", "label_he": "H2 2 end", "label_ru": "H2 2 end", "is_required": true, "order_index": 1}, {"id": "placeholder-h2-end-3", "label_he": "H2 3 end", "label_ru": "H2 3 end", "is_required": true, "order_index": 2}]', '[{"id": "general-malfunction", "label_he": "תקלת כללית", "label_ru": "Общая неисправность", "is_active": true}]', '2025-12-02 12:28:09.135176+00', '2026-01-20 21:57:37.150008+00', false),
	('92e92710-dd6b-4870-9738-50fda2f76b26', 'חרור ידני לספירלה', 'SPIRAL_PUNCH_HAND', 'binding', true, '[{"id": "placeholder-spiral_punch_hand-start-1", "label_he": "חרור ידני לספירלה 1 start", "label_ru": "חרור ידני לספירלה 1 start", "is_required": true, "order_index": 0}, {"id": "placeholder-spiral_punch_hand-start-2", "label_he": "חרור ידני לספירלה 2 start", "label_ru": "חרור ידני לספירלה 2 start", "is_required": true, "order_index": 1}, {"id": "placeholder-spiral_punch_hand-start-3", "label_he": "חרור ידני לספירלה 3 start", "label_ru": "חרור ידני לספירלה 3 start", "is_required": true, "order_index": 2}]', '[{"id": "placeholder-spiral_punch_hand-end-1", "label_he": "חרור ידני לספירלה 1 end", "label_ru": "חרור ידני לספירלה 1 end", "is_required": true, "order_index": 0}, {"id": "placeholder-spiral_punch_hand-end-2", "label_he": "חרור ידני לספירלה 2 end", "label_ru": "חרור ידני לספירלה 2 end", "is_required": true, "order_index": 1}, {"id": "placeholder-spiral_punch_hand-end-3", "label_he": "חרור ידני לספירלה 3 end", "label_ru": "חרור ידני לספירלה 3 end", "is_required": true, "order_index": 2}]', '[{"id": "general-malfunction", "label_he": "תקלת כללית", "label_ru": "Общая неисправность", "is_active": true}]', '2025-12-02 12:28:09.135176+00', '2026-01-20 21:57:37.150008+00', false),
	('669d8833-4729-4225-b869-e3f62d804a41', 'דבק גדולה', 'GLUE_LARGE', 'binding', true, '[{"id": "placeholder-glue_large-start-1", "label_he": "דבק גדולה 1 start", "label_ru": "דבק גדולה 1 start", "is_required": true, "order_index": 0}, {"id": "placeholder-glue_large-start-2", "label_he": "דבק גדולה 2 start", "label_ru": "דבק גדולה 2 start", "is_required": true, "order_index": 1}, {"id": "placeholder-glue_large-start-3", "label_he": "דבק גדולה 3 start", "label_ru": "דבק גדולה 3 start", "is_required": true, "order_index": 2}]', '[{"id": "placeholder-glue_large-end-1", "label_he": "דבק גדולה 1 end", "label_ru": "דבק גדולה 1 end", "is_required": true, "order_index": 0}, {"id": "placeholder-glue_large-end-2", "label_he": "דבק גדולה 2 end", "label_ru": "דבק גדולה 2 end", "is_required": true, "order_index": 1}, {"id": "placeholder-glue_large-end-3", "label_he": "דבק גדולה 3 end", "label_ru": "דבק גדולה 3 end", "is_required": true, "order_index": 2}]', '[{"id": "general-malfunction", "label_he": "תקלת כללית", "label_ru": "Общая неисправность", "is_active": true}]', '2025-12-02 12:28:09.135176+00', '2026-01-20 21:57:37.150008+00', false),
	('12c4100a-b45c-470c-9903-0691b6ab5716', 'קיפול 2', 'FOLD_2', 'folding', true, '[{"id": "placeholder-fold_2-start-1", "label_he": "קיפול 2 1 start", "label_ru": "קיפול 2 1 start", "is_required": true, "order_index": 0}, {"id": "placeholder-fold_2-start-2", "label_he": "קיפול 2 2 start", "label_ru": "קיפול 2 2 start", "is_required": true, "order_index": 1}, {"id": "placeholder-fold_2-start-3", "label_he": "קיפול 2 3 start", "label_ru": "קיפול 2 3 start", "is_required": true, "order_index": 2}]', '[{"id": "placeholder-fold_2-end-1", "label_he": "קיפול 2 1 end", "label_ru": "קיפול 2 1 end", "is_required": true, "order_index": 0}, {"id": "placeholder-fold_2-end-2", "label_he": "קיפול 2 2 end", "label_ru": "קיפול 2 2 end", "is_required": true, "order_index": 1}, {"id": "placeholder-fold_2-end-3", "label_he": "קיפול 2 3 end", "label_ru": "קיפול 2 3 end", "is_required": true, "order_index": 2}]', '[{"id": "general-malfunction", "label_he": "תקלת כללית", "label_ru": "Общая неисправность", "is_active": true}]', '2025-12-02 12:28:09.135176+00', '2026-01-20 21:57:37.150008+00', false),
	('34c8dc22-aecd-46c2-8fde-a810909f5e6d', 'קיפול 1/4', 'FOLD_QTR', 'folding', true, '[{"id": "placeholder-fold_qtr-start-1", "label_he": "קיפול 1/4 1 start", "label_ru": "קיפול 1/4 1 start", "is_required": true, "order_index": 0}, {"id": "placeholder-fold_qtr-start-2", "label_he": "קיפול 1/4 2 start", "label_ru": "קיפול 1/4 2 start", "is_required": true, "order_index": 1}, {"id": "placeholder-fold_qtr-start-3", "label_he": "קיפול 1/4 3 start", "label_ru": "קיפול 1/4 3 start", "is_required": true, "order_index": 2}]', '[{"id": "placeholder-fold_qtr-end-1", "label_he": "קיפול 1/4 1 end", "label_ru": "קיפול 1/4 1 end", "is_required": true, "order_index": 0}, {"id": "placeholder-fold_qtr-end-2", "label_he": "קיפול 1/4 2 end", "label_ru": "קיפול 1/4 2 end", "is_required": true, "order_index": 1}, {"id": "placeholder-fold_qtr-end-3", "label_he": "קיפול 1/4 3 end", "label_ru": "קיפול 1/4 3 end", "is_required": true, "order_index": 2}]', '[{"id": "general-malfunction", "label_he": "תקלת כללית", "label_ru": "Общая неисправность", "is_active": true}]', '2025-12-02 12:28:09.135176+00', '2026-01-20 21:57:37.150008+00', false),
	('027bc72c-0fed-46bb-921b-694f458d345b', 'סיכות', 'STAPLES', 'binding', true, '[{"id": "placeholder-staples-start-1", "label_he": "סיכות 1 start", "label_ru": "סיכות 1 start", "is_required": true, "order_index": 0}, {"id": "placeholder-staples-start-2", "label_he": "סיכות 2 start", "label_ru": "סיכות 2 start", "is_required": true, "order_index": 1}, {"id": "placeholder-staples-start-3", "label_he": "סיכות 3 start", "label_ru": "סיכות 3 start", "is_required": true, "order_index": 2}]', '[{"id": "placeholder-staples-end-1", "label_he": "סיכות 1 end", "label_ru": "סיכות 1 end", "is_required": true, "order_index": 0}, {"id": "placeholder-staples-end-2", "label_he": "סיכות 2 end", "label_ru": "סיכות 2 end", "is_required": true, "order_index": 1}, {"id": "placeholder-staples-end-3", "label_he": "סיכות 3 end", "label_ru": "סיכות 3 end", "is_required": true, "order_index": 2}]', '[{"id": "general-malfunction", "label_he": "תקלת כללית", "label_ru": "Общая неисправность", "is_active": true}]', '2025-12-02 12:28:09.135176+00', '2026-01-20 21:57:37.150008+00', false),
	('645a371c-a301-42fd-b99c-3c7a8a261453', 'לוחות דפוס', 'PLATE_MAKING', 'other', true, '[{"id": "placeholder-plate_making-start-1", "label_he": "לוחות דפוס 1 start", "label_ru": "לוחות דפוס 1 start", "is_required": true, "order_index": 0}, {"id": "placeholder-plate_making-start-2", "label_he": "לוחות דפוס 2 start", "label_ru": "לוחות דפוס 2 start", "is_required": true, "order_index": 1}, {"id": "placeholder-plate_making-start-3", "label_he": "לוחות דפוס 3 start", "label_ru": "לוחות דפוס 3 start", "is_required": true, "order_index": 2}]', '[{"id": "placeholder-plate_making-end-1", "label_he": "לוחות דפוס 1 end", "label_ru": "לוחות דפוס 1 end", "is_required": true, "order_index": 0}, {"id": "placeholder-plate_making-end-2", "label_he": "לוחות דפוס 2 end", "label_ru": "לוחות דפוס 2 end", "is_required": true, "order_index": 1}, {"id": "placeholder-plate_making-end-3", "label_he": "לוחות דפוס 3 end", "label_ru": "לוחות דפוס 3 end", "is_required": true, "order_index": 2}]', '[{"id": "general-malfunction", "label_he": "תקלת כללית", "label_ru": "Общая неисправность", "is_active": true}]', '2025-12-02 12:28:09.135176+00', '2026-01-20 21:57:37.150008+00', false),
	('cdc81757-e03e-450f-b170-f29ef7d546a9', 'קיפול 1', 'FOLD_1', 'folding', true, '[{"id": "placeholder-fold_1-start-1", "label_he": "קיפול 1 1 start", "label_ru": "קיפול 1 1 start", "is_required": true, "order_index": 0}, {"id": "placeholder-fold_1-start-2", "label_he": "קיפול 1 2 start", "label_ru": "קיפול 1 2 start", "is_required": true, "order_index": 1}, {"id": "placeholder-fold_1-start-3", "label_he": "קיפול 1 3 start", "label_ru": "קיפול 1 3 start", "is_required": true, "order_index": 2}]', '[{"id": "placeholder-fold_1-end-1", "label_he": "קיפול 1 1 end", "label_ru": "קיפול 1 1 end", "is_required": true, "order_index": 0}, {"id": "placeholder-fold_1-end-2", "label_he": "קיפול 1 2 end", "label_ru": "קיפול 1 2 end", "is_required": true, "order_index": 1}, {"id": "placeholder-fold_1-end-3", "label_he": "קיפול 1 3 end", "label_ru": "קיפול 1 3 end", "is_required": true, "order_index": 2}]', '[{"id": "general-malfunction", "label_he": "תקלת כללית", "label_ru": "Общая неисправность", "is_active": true}]', '2025-12-02 12:28:09.135176+00', '2026-01-20 21:57:37.150008+00', false),
	('54acd631-f017-4972-a461-6562cccfb9e5', 'סגירת ספירלה 1', 'SPIRAL_CLOSE_1', 'binding', true, '[{"id": "placeholder-spiral_close_1-start-1", "label_he": "סגירת ספירלה 1 1 start", "label_ru": "סגירת ספירלה 1 1 start", "is_required": true, "order_index": 0}, {"id": "placeholder-spiral_close_1-start-2", "label_he": "סגירת ספירלה 1 2 start", "label_ru": "סגירת ספירלה 1 2 start", "is_required": true, "order_index": 1}, {"id": "placeholder-spiral_close_1-start-3", "label_he": "סגירת ספירלה 1 3 start", "label_ru": "סגירת ספירלה 1 3 start", "is_required": true, "order_index": 2}]', '[{"id": "placeholder-spiral_close_1-end-1", "label_he": "סגירת ספירלה 1 1 end", "label_ru": "סגירת ספירלה 1 1 end", "is_required": true, "order_index": 0}, {"id": "placeholder-spiral_close_1-end-2", "label_he": "סגירת ספירלה 1 2 end", "label_ru": "סגירת ספירלה 1 2 end", "is_required": true, "order_index": 1}, {"id": "placeholder-spiral_close_1-end-3", "label_he": "סגירת ספירלה 1 3 end", "label_ru": "סגירת ספירלה 1 3 end", "is_required": true, "order_index": 2}]', '[{"id": "general-malfunction", "label_he": "תקלת כללית", "label_ru": "Общая неисправность", "is_active": true}]', '2025-12-02 12:28:09.135176+00', '2026-01-20 21:57:37.150008+00', false),
	('cfe024e0-eaaf-4cab-a492-1fec144fa226', 'קיפול NBO', 'FOLD_NBO', 'folding', true, '[{"id": "placeholder-fold_nbo-start-1", "label_he": "קיפול NBO 1 start", "label_ru": "קיפול NBO 1 start", "is_required": true, "order_index": 0}, {"id": "placeholder-fold_nbo-start-2", "label_he": "קיפול NBO 2 start", "label_ru": "קיפול NBO 2 start", "is_required": true, "order_index": 1}, {"id": "placeholder-fold_nbo-start-3", "label_he": "קיפול NBO 3 start", "label_ru": "קיפול NBO 3 start", "is_required": true, "order_index": 2}]', '[{"id": "placeholder-fold_nbo-end-1", "label_he": "קיפול NBO 1 end", "label_ru": "קיפול NBO 1 end", "is_required": true, "order_index": 0}, {"id": "placeholder-fold_nbo-end-2", "label_he": "קיפול NBO 2 end", "label_ru": "קיפול NBO 2 end", "is_required": true, "order_index": 1}, {"id": "placeholder-fold_nbo-end-3", "label_he": "קיפול NBO 3 end", "label_ru": "קיפול NBO 3 end", "is_required": true, "order_index": 2}]', '[{"id": "general-malfunction", "label_he": "תקלת כללית", "label_ru": "Общая неисправность", "is_active": true}]', '2025-12-02 12:28:09.135176+00', '2026-01-20 21:57:37.150008+00', false),
	('d11c7137-5245-46f1-aa3e-49bbb6e7e585', 'סגירת ספירלה 2', 'SPIRAL_CLOSE_2', 'binding', true, '[{"id": "placeholder-spiral_close_2-start-1", "label_he": "סגירת ספירלה 2 1 start", "label_ru": "סגירת ספירלה 2 1 start", "is_required": true, "order_index": 0}, {"id": "placeholder-spiral_close_2-start-2", "label_he": "סגירת ספירלה 2 2 start", "label_ru": "סגירת ספירלה 2 2 start", "is_required": true, "order_index": 1}, {"id": "placeholder-spiral_close_2-start-3", "label_he": "סגירת ספירלה 2 3 start", "label_ru": "סגירת ספירלה 2 3 start", "is_required": true, "order_index": 2}]', '[{"id": "placeholder-spiral_close_2-end-1", "label_he": "סגירת ספירלה 2 1 end", "label_ru": "סגירת ספירלה 2 1 end", "is_required": true, "order_index": 0}, {"id": "placeholder-spiral_close_2-end-2", "label_he": "סגירת ספירלה 2 2 end", "label_ru": "סגירת ספירלה 2 2 end", "is_required": true, "order_index": 1}, {"id": "placeholder-spiral_close_2-end-3", "label_he": "סגירת ספירלה 2 3 end", "label_ru": "סגירת ספירלה 2 3 end", "is_required": true, "order_index": 2}]', '[{"id": "general-malfunction", "label_he": "תקלת כללית", "label_ru": "Общая неисправность", "is_active": true}]', '2025-12-02 12:28:09.135176+00', '2026-01-20 21:57:37.150008+00', false),
	('1255449f-008c-4d6d-aa75-b2a454992f0b', 'ביגים', 'SCORING', 'cutting', true, '[{"id": "placeholder-scoring-start-1", "label_he": "ביגים 1 start", "label_ru": "ביגים 1 start", "is_required": true, "order_index": 0}, {"id": "placeholder-scoring-start-2", "label_he": "ביגים 2 start", "label_ru": "ביגים 2 start", "is_required": true, "order_index": 1}, {"id": "placeholder-scoring-start-3", "label_he": "ביגים 3 start", "label_ru": "ביגים 3 start", "is_required": true, "order_index": 2}]', '[{"id": "placeholder-scoring-end-1", "label_he": "ביגים 1 end", "label_ru": "ביגים 1 end", "is_required": true, "order_index": 0}, {"id": "placeholder-scoring-end-2", "label_he": "ביגים 2 end", "label_ru": "ביגים 2 end", "is_required": true, "order_index": 1}, {"id": "placeholder-scoring-end-3", "label_he": "ביגים 3 end", "label_ru": "ביגים 3 end", "is_required": true, "order_index": 2}]', '[{"id": "general-malfunction", "label_he": "תקלת כללית", "label_ru": "Общая неисправность", "is_active": true}]', '2025-12-02 12:28:09.135176+00', '2026-01-20 21:57:37.150008+00', false),
	('a81d6630-0c0a-480f-bed9-30dc1009a67e', 'CD', 'CD', 'digital_press', true, '[{"id": "placeholder-cd-start-1", "label_he": "CD 1 start", "label_ru": "CD 1 start", "is_required": true, "order_index": 0}, {"id": "placeholder-cd-start-2", "label_he": "CD 2 start", "label_ru": "CD 2 start", "is_required": true, "order_index": 1}, {"id": "placeholder-cd-start-3", "label_he": "CD 3 start", "label_ru": "CD 3 start", "is_required": true, "order_index": 2}]', '[{"id": "placeholder-cd-end-1", "label_he": "CD 1 end", "label_ru": "CD 1 end", "is_required": true, "order_index": 0}, {"id": "placeholder-cd-end-2", "label_he": "CD 2 end", "label_ru": "CD 2 end", "is_required": true, "order_index": 1}, {"id": "placeholder-cd-end-3", "label_he": "CD 3 end", "label_ru": "CD 3 end", "is_required": true, "order_index": 2}]', '[{"id": "general-malfunction", "label_he": "תקלת כללית", "label_ru": "Общая неисправность", "is_active": true}]', '2025-12-02 12:28:09.135176+00', '2026-01-20 21:57:37.150008+00', false),
	('5282352b-07ee-42e9-8ba6-44417b86fc5c', 'חרור חור', 'PUNCH_HOLE', 'binding', true, '[{"id": "placeholder-punch_hole-start-1", "label_he": "חרור חור 1 start", "label_ru": "חרור חור 1 start", "is_required": true, "order_index": 0}, {"id": "placeholder-punch_hole-start-2", "label_he": "חרור חור 2 start", "label_ru": "חרור חור 2 start", "is_required": true, "order_index": 1}, {"id": "placeholder-punch_hole-start-3", "label_he": "חרור חור 3 start", "label_ru": "חרור חור 3 start", "is_required": true, "order_index": 2}]', '[{"id": "placeholder-punch_hole-end-1", "label_he": "חרור חור 1 end", "label_ru": "חרור חור 1 end", "is_required": true, "order_index": 0}, {"id": "placeholder-punch_hole-end-2", "label_he": "חרור חור 2 end", "label_ru": "חרור חור 2 end", "is_required": true, "order_index": 1}, {"id": "placeholder-punch_hole-end-3", "label_he": "חרור חור 3 end", "label_ru": "חרור חור 3 end", "is_required": true, "order_index": 2}]', '[{"id": "general-malfunction", "label_he": "תקלת כללית", "label_ru": "Общая неисправность", "is_active": true}]', '2025-12-02 12:28:09.135176+00', '2026-01-20 21:57:37.150008+00', false),
	('7a2444c9-5799-4d85-9b9d-0aa5f740e903', 'חיתוך מדבקות', 'CUT_LABELS', 'cutting', true, '[{"id": "placeholder-cut_labels-start-1", "label_he": "חיתוך מדבקות 1 start", "label_ru": "חיתוך מדבקות 1 start", "is_required": true, "order_index": 0}, {"id": "placeholder-cut_labels-start-2", "label_he": "חיתוך מדבקות 2 start", "label_ru": "חיתוך מדבקות 2 start", "is_required": true, "order_index": 1}, {"id": "placeholder-cut_labels-start-3", "label_he": "חיתוך מדבקות 3 start", "label_ru": "חיתוך מדבקות 3 start", "is_required": true, "order_index": 2}]', '[{"id": "placeholder-cut_labels-end-1", "label_he": "חיתוך מדבקות 1 end", "label_ru": "חיתוך מדבקות 1 end", "is_required": true, "order_index": 0}, {"id": "placeholder-cut_labels-end-2", "label_he": "חיתוך מדבקות 2 end", "label_ru": "חיתוך מדבקות 2 end", "is_required": true, "order_index": 1}, {"id": "placeholder-cut_labels-end-3", "label_he": "חיתוך מדבקות 3 end", "label_ru": "חיתוך מדבקות 3 end", "is_required": true, "order_index": 2}]', '[{"id": "general-malfunction", "label_he": "תקלת כללית", "label_ru": "Общая неисправность", "is_active": true}]', '2025-12-02 12:28:09.135176+00', '2026-01-20 21:57:37.150008+00', false),
	('5a29824a-e99c-4cfa-b17f-8ce97ee3c57c', 'חיתוך 2', 'CUT_2', 'cutting', true, '[{"id": "placeholder-cut_2-start-1", "label_he": "חיתוך 2 1 start", "label_ru": "חיתוך 2 1 start", "is_required": true, "order_index": 0}, {"id": "placeholder-cut_2-start-2", "label_he": "חיתוך 2 2 start", "label_ru": "חיתוך 2 2 start", "is_required": true, "order_index": 1}, {"id": "placeholder-cut_2-start-3", "label_he": "חיתוך 2 3 start", "label_ru": "חיתוך 2 3 start", "is_required": true, "order_index": 2}]', '[{"id": "placeholder-cut_2-end-1", "label_he": "חיתוך 2 1 end", "label_ru": "חיתוך 2 1 end", "is_required": true, "order_index": 0}, {"id": "placeholder-cut_2-end-2", "label_he": "חיתוך 2 2 end", "label_ru": "חיתוך 2 2 end", "is_required": true, "order_index": 1}, {"id": "placeholder-cut_2-end-3", "label_he": "חיתוך 2 3 end", "label_ru": "חיתוך 2 3 end", "is_required": true, "order_index": 2}]', '[{"id": "general-malfunction", "label_he": "תקלת כללית", "label_ru": "Общая неисправность", "is_active": true}]', '2025-12-02 12:28:09.135176+00', '2026-01-20 21:57:37.150008+00', false),
	('60afb855-ed79-40bc-9103-baf4a1752536', 'קוגלר', 'KUGLER', 'binding', true, '[{"id": "placeholder-kugler-start-1", "label_he": "קוגלר 1 start", "label_ru": "קוגלר 1 start", "is_required": true, "order_index": 0}, {"id": "placeholder-kugler-start-2", "label_he": "קוגלר 2 start", "label_ru": "קוגלר 2 start", "is_required": true, "order_index": 1}, {"id": "placeholder-kugler-start-3", "label_he": "קוגלר 3 start", "label_ru": "קוגלר 3 start", "is_required": true, "order_index": 2}]', '[{"id": "placeholder-kugler-end-1", "label_he": "קוגלר 1 end", "label_ru": "קוגלר 1 end", "is_required": true, "order_index": 0}, {"id": "placeholder-kugler-end-2", "label_he": "קוגלר 2 end", "label_ru": "קוגלר 2 end", "is_required": true, "order_index": 1}, {"id": "placeholder-kugler-end-3", "label_he": "קוגלר 3 end", "label_ru": "קוגלר 3 end", "is_required": true, "order_index": 2}]', '[{"id": "general-malfunction", "label_he": "תקלת כללית", "label_ru": "Общая неисправность", "is_active": true}]', '2025-12-02 12:28:09.135176+00', '2026-01-20 21:57:37.150008+00', false),
	('7249b54d-5789-43aa-96dd-4850452ac7c3', 'למינציה', 'LAMINATION', 'lamination', true, '[{"id": "placeholder-lamination-start-1", "label_he": "למינציה 1 start", "label_ru": "למינציה 1 start", "is_required": true, "order_index": 0}, {"id": "placeholder-lamination-start-2", "label_he": "למינציה 2 start", "label_ru": "למינציה 2 start", "is_required": true, "order_index": 1}, {"id": "placeholder-lamination-start-3", "label_he": "למינציה 3 start", "label_ru": "למינציה 3 start", "is_required": true, "order_index": 2}]', '[{"id": "placeholder-lamination-end-1", "label_he": "למינציה 1 end", "label_ru": "למינציה 1 end", "is_required": true, "order_index": 0}, {"id": "placeholder-lamination-end-2", "label_he": "למינציה 2 end", "label_ru": "למינציה 2 end", "is_required": true, "order_index": 1}, {"id": "placeholder-lamination-end-3", "label_he": "למינציה 3 end", "label_ru": "למינציה 3 end", "is_required": true, "order_index": 2}]', '[{"id": "general-malfunction", "label_he": "תקלת כללית", "label_ru": "Общая неисправность", "is_active": true}]', '2025-12-02 12:28:09.135176+00', '2026-01-20 21:57:37.150008+00', false),
	('8f5a63a2-06d8-416d-9a4b-bd80ee138bfa', 'דפוס דיגיטלי', 'DIGITAL_PRESS_GENERIC', 'digital_press', true, '[{"id": "placeholder-digital_press_generic-start-1", "label_he": "דפוס דיגיטלי 1 start", "label_ru": "דפוס דיגיטלי 1 start", "is_required": true, "order_index": 0}, {"id": "placeholder-digital_press_generic-start-2", "label_he": "דפוס דיגיטלי 2 start", "label_ru": "דפוס דיגיטלי 2 start", "is_required": true, "order_index": 1}, {"id": "placeholder-digital_press_generic-start-3", "label_he": "דפוס דיגיטלי 3 start", "label_ru": "דפוס דיגיטלי 3 start", "is_required": true, "order_index": 2}]', '[{"id": "placeholder-digital_press_generic-end-1", "label_he": "דפוס דיגיטלי 1 end", "label_ru": "דפוס דיגיטלי 1 end", "is_required": true, "order_index": 0}, {"id": "placeholder-digital_press_generic-end-2", "label_he": "דפוס דיגיטלי 2 end", "label_ru": "דפוס דיגיטלי 2 end", "is_required": true, "order_index": 1}, {"id": "placeholder-digital_press_generic-end-3", "label_he": "דפוס דיגיטלי 3 end", "label_ru": "דפוס דיגיטלי 3 end", "is_required": true, "order_index": 2}]', '[{"id": "general-malfunction", "label_he": "תקלת כללית", "label_ru": "Общая неисправность", "is_active": true}]', '2025-12-02 12:28:09.135176+00', '2026-01-20 21:57:37.150008+00', false),
	('a21cd9a4-0986-4e48-9626-2fb4082c258e', 'H8', 'H8', 'digital_press', true, '[{"id": "placeholder-h8-start-1", "label_he": "H8 1 start", "label_ru": "H8 1 start", "is_required": true, "order_index": 0}, {"id": "placeholder-h8-start-2", "label_he": "H8 2 start", "label_ru": "H8 2 start", "is_required": true, "order_index": 1}, {"id": "placeholder-h8-start-3", "label_he": "H8 3 start", "label_ru": "H8 3 start", "is_required": true, "order_index": 2}]', '[{"id": "placeholder-h8-end-1", "label_he": "H8 1 end", "label_ru": "H8 1 end", "is_required": true, "order_index": 0}, {"id": "placeholder-h8-end-2", "label_he": "H8 2 end", "label_ru": "H8 2 end", "is_required": true, "order_index": 1}, {"id": "placeholder-h8-end-3", "label_he": "H8 3 end", "label_ru": "H8 3 end", "is_required": true, "order_index": 2}]', '[{"id": "general-malfunction", "label_he": "תקלת כללית", "label_ru": "Общая неисправность", "is_active": true}]', '2025-12-02 12:28:09.135176+00', '2026-01-20 21:57:37.150008+00', false),
	('69c6e4dc-6503-4b64-be23-ac3df2c04744', 'חיתוך 1', 'CUT_1', 'cutting', false, '[{"id": "placeholder-cut_1-start-1", "label_he": "חיתוך 1 1 start", "label_ru": "חיתוך 1 1 start", "is_required": true, "order_index": 0}, {"id": "placeholder-cut_1-start-2", "label_he": "חיתוך 1 2 start", "label_ru": "חיתוך 1 2 start", "is_required": true, "order_index": 1}, {"id": "placeholder-cut_1-start-3", "label_he": "חיתוך 1 3 start", "label_ru": "חיתוך 1 3 start", "is_required": true, "order_index": 2}]', '[{"id": "placeholder-cut_1-end-1", "label_he": "חיתוך 1 1 end", "label_ru": "חיתוך 1 1 end", "is_required": true, "order_index": 0}, {"id": "placeholder-cut_1-end-2", "label_he": "חיתוך 1 2 end", "label_ru": "חיתוך 1 2 end", "is_required": true, "order_index": 1}, {"id": "placeholder-cut_1-end-3", "label_he": "חיתוך 1 3 end", "label_ru": "חיתוך 1 3 end", "is_required": true, "order_index": 2}]', '[{"id": "general-malfunction", "label_he": "תקלת כללית", "label_ru": "Общая неисправность", "is_active": true}]', '2025-12-02 12:28:09.135176+00', '2026-01-20 21:57:37.150008+00', false),
	('a56abb83-f3e8-47a1-bc87-ae14667fb00f', 'דרוג', 'STACK_STEP', 'binding', true, '[{"id": "placeholder-stack_step-start-1", "label_he": "דרוג 1 start", "label_ru": "דרוג 1 start", "is_required": true, "order_index": 0}, {"id": "placeholder-stack_step-start-2", "label_he": "דרוג 2 start", "label_ru": "דרוג 2 start", "is_required": true, "order_index": 1}, {"id": "placeholder-stack_step-start-3", "label_he": "דרוג 3 start", "label_ru": "דרוג 3 start", "is_required": true, "order_index": 2}]', '[{"id": "placeholder-stack_step-end-1", "label_he": "דרוג 1 end", "label_ru": "דרוג 1 end", "is_required": true, "order_index": 0}, {"id": "placeholder-stack_step-end-2", "label_he": "דרוג 2 end", "label_ru": "דרוג 2 end", "is_required": true, "order_index": 1}, {"id": "placeholder-stack_step-end-3", "label_he": "דרוג 3 end", "label_ru": "דרוג 3 end", "is_required": true, "order_index": 2}]', '[{"id": "general-malfunction", "label_he": "תקלת כללית", "label_ru": "Общая неисправность", "is_active": true}]', '2025-12-02 12:28:09.135176+00', '2026-01-20 21:57:37.150008+00', false),
	('03b447d5-3698-45e3-b850-64379a87de0b', 'שרינק קטנה', 'SHRINK_SMALL', 'shrink', true, '[{"id": "placeholder-shrink_small-start-1", "label_he": "שרינק קטנה 1 start", "label_ru": "שרינק קטנה 1 start", "is_required": true, "order_index": 0}, {"id": "placeholder-shrink_small-start-2", "label_he": "שרינק קטנה 2 start", "label_ru": "שרינק קטנה 2 start", "is_required": true, "order_index": 1}, {"id": "placeholder-shrink_small-start-3", "label_he": "שרינק קטנה 3 start", "label_ru": "שרינק קטנה 3 start", "is_required": true, "order_index": 2}]', '[{"id": "placeholder-shrink_small-end-1", "label_he": "שרינק קטנה 1 end", "label_ru": "שרינק קטנה 1 end", "is_required": true, "order_index": 0}, {"id": "placeholder-shrink_small-end-2", "label_he": "שרינק קטנה 2 end", "label_ru": "שרינק קטנה 2 end", "is_required": true, "order_index": 1}, {"id": "placeholder-shrink_small-end-3", "label_he": "שרינק קטנה 3 end", "label_ru": "שרינק קטנה 3 end", "is_required": true, "order_index": 2}]', '[{"id": "general-malfunction", "label_he": "תקלת כללית", "label_ru": "Общая неисправность", "is_active": true}, {"id": "general-report", "label_he": "דיווח כללי", "label_ru": "Общий отчёт", "is_active": true}]', '2025-12-02 12:28:09.135176+00', '2026-01-20 21:57:37.150008+00', false),
	('9f4d4c29-ea68-42e8-9c29-2784feed4a30', 'דבק קטנה', 'GLUE_SMALL', 'binding', true, '[{"id": "placeholder-glue_small-start-1", "label_he": "דבק קטנה 1 start", "label_ru": "דבק קטנה 1 start", "is_required": true, "order_index": 0}, {"id": "placeholder-glue_small-start-2", "label_he": "דבק קטנה 2 start", "label_ru": "דבק קטנה 2 start", "is_required": true, "order_index": 1}, {"id": "placeholder-glue_small-start-3", "label_he": "דבק קטנה 3 start", "label_ru": "דבק קטנה 3 start", "is_required": true, "order_index": 2}]', '[{"id": "placeholder-glue_small-end-1", "label_he": "דבק קטנה 1 end", "label_ru": "דבק קטנה 1 end", "is_required": true, "order_index": 0}, {"id": "placeholder-glue_small-end-2", "label_he": "דבק קטנה 2 end", "label_ru": "דבק קטנה 2 end", "is_required": true, "order_index": 1}, {"id": "placeholder-glue_small-end-3", "label_he": "דבק קטנה 3 end", "label_ru": "דבק קטנה 3 end", "is_required": true, "order_index": 2}]', '[{"id": "general-malfunction", "label_he": "תקלת כללית", "label_ru": "Общая неисправность", "is_active": true}, {"id": "general-report", "label_he": "דיווח כללי", "label_ru": "Общий отчёт", "is_active": true}]', '2025-12-02 12:28:09.135176+00', '2026-01-20 21:57:37.150008+00', false),
	('b5e16f44-9d4d-48e4-92a7-242e04f3a8e1', 'שרינק גדולה', 'SHRINK_LARGE', 'shrink', true, '[{"id": "placeholder-shrink_large-start-1", "label_he": "שרינק גדולה 1 start", "label_ru": "שרינק גדולה 1 start", "is_required": true, "order_index": 0}, {"id": "placeholder-shrink_large-start-2", "label_he": "שרינק גדולה 2 start", "label_ru": "שרינק גדולה 2 start", "is_required": true, "order_index": 1}, {"id": "placeholder-shrink_large-start-3", "label_he": "שרינק גדולה 3 start", "label_ru": "שרינק גדולה 3 start", "is_required": true, "order_index": 2}]', '[{"id": "placeholder-shrink_large-end-1", "label_he": "שרינק גדולה 1 end", "label_ru": "שרינק גדולה 1 end", "is_required": true, "order_index": 0}, {"id": "placeholder-shrink_large-end-2", "label_he": "שרינק גדולה 2 end", "label_ru": "שרינק גדולה 2 end", "is_required": true, "order_index": 1}, {"id": "placeholder-shrink_large-end-3", "label_he": "שרינק גדולה 3 end", "label_ru": "שרינק גדולה 3 end", "is_required": true, "order_index": 2}]', '[{"id": "general-malfunction", "label_he": "תקלת כללית", "label_ru": "Общая неисправность", "is_active": true}, {"id": "general-report", "label_he": "דיווח כללי", "label_ru": "Общий отчёт", "is_active": true}]', '2025-12-02 12:28:09.135176+00', '2026-01-20 21:57:37.150008+00', false),
	('7ee596d8-9c11-465b-b748-4606fafc0283', 'Polar 92 XT', 'CUT-05', 'cutting', true, '[{"id": "placeholder-cut-05-start-1", "label_he": "Polar 92 XT 1 start", "label_ru": "Polar 92 XT 1 start", "is_required": true, "order_index": 0}, {"id": "placeholder-cut-05-start-2", "label_he": "Polar 92 XT 2 start", "label_ru": "Polar 92 XT 2 start", "is_required": true, "order_index": 1}, {"id": "placeholder-cut-05-start-3", "label_he": "Polar 92 XT 3 start", "label_ru": "Polar 92 XT 3 start", "is_required": true, "order_index": 2}]', '[{"id": "placeholder-cut-05-end-1", "label_he": "Polar 92 XT 1 end", "label_ru": "Polar 92 XT 1 end", "is_required": true, "order_index": 0}, {"id": "placeholder-cut-05-end-2", "label_he": "Polar 92 XT 2 end", "label_ru": "Polar 92 XT 2 end", "is_required": true, "order_index": 1}, {"id": "placeholder-cut-05-end-3", "label_he": "Polar 92 XT 3 end", "label_ru": "Polar 92 XT 3 end", "is_required": true, "order_index": 2}]', '[{"id": "general-malfunction", "label_he": "תקלת כללית", "label_ru": "Общая неисправность", "is_active": true}, {"id": "general-report", "label_he": "דיווח כללי", "label_ru": "Общий отчёт", "is_active": true}]', '2025-12-01 13:43:38.851032+00', '2026-01-20 21:57:37.150008+00', false);


--
-- Data for Name: job_item_steps; Type: TABLE DATA; Schema: public; Owner: postgres
--

INSERT INTO "public"."job_item_steps" ("id", "job_item_id", "station_id", "position", "is_terminal", "created_at", "requires_first_product_approval") VALUES
	('b4bb90ff-ae8a-48c5-bc07-f36a98db7c03', '50b60a3a-58b2-4d43-b452-88ef543814d9', '9f4d4c29-ea68-42e8-9c29-2784feed4a30', 3, true, '2026-01-19 21:46:55.660798+00', false),
	('78e24c59-42fd-4a65-ad74-3c4ce8556f78', 'a76089bf-f232-4d1f-9b23-133cc8fa9153', '645a371c-a301-42fd-b99c-3c7a8a261453', 1, true, '2026-01-19 21:46:57.994502+00', false),
	('06d32f7d-281d-437b-bebb-2cacef345bd7', '640bbdc0-c0d9-4463-87f8-11fb789f9753', '669d8833-4729-4225-b869-e3f62d804a41', 1, false, '2026-01-20 13:45:04.204396+00', true),
	('9973f3dc-fd94-4073-8e32-1a875e8a94cc', 'a0efc25a-2c83-4af3-b5a4-f1e5ca5ed534', 'b5e16f44-9d4d-48e4-92a7-242e04f3a8e1', 1, false, '2026-01-10 15:38:29.011857+00', false),
	('00189512-7ab2-4765-ba3f-2a90ad9ce595', 'a0efc25a-2c83-4af3-b5a4-f1e5ca5ed534', '963edd40-7139-479e-b11f-4223187b76eb', 2, false, '2026-01-10 15:38:29.011857+00', false),
	('716208f4-391a-463e-9228-6b4cc3f714bb', 'a0efc25a-2c83-4af3-b5a4-f1e5ca5ed534', '9f4d4c29-ea68-42e8-9c29-2784feed4a30', 3, true, '2026-01-10 15:38:29.011857+00', false),
	('3d75df6c-ec7c-4fa5-8183-8fe3f4075fdf', '070a7ea5-da46-4989-8773-a4ee18a41126', '7ee596d8-9c11-465b-b748-4606fafc0283', 1, true, '2026-01-11 18:55:50.629357+00', false),
	('7b20fb75-2a18-48f4-933f-c5beded56bd5', '50b60a3a-58b2-4d43-b452-88ef543814d9', '963edd40-7139-479e-b11f-4223187b76eb', 2, false, '2026-01-19 21:46:55.660798+00', true),
	('c1d83f45-da01-4cad-bab2-ad4d26f8f744', '50b60a3a-58b2-4d43-b452-88ef543814d9', 'b5e16f44-9d4d-48e4-92a7-242e04f3a8e1', 1, false, '2026-01-19 21:46:55.660798+00', true),
	('818d3ea9-7f1a-47ce-b565-db7bc40dfab3', 'c9d6e4e6-f977-4277-8c6c-427f269f4599', '9f4d4c29-ea68-42e8-9c29-2784feed4a30', 2, false, '2026-01-21 13:10:07.970155+00', false),
	('3fdd7ad4-3e19-4898-980c-f9453cde760b', 'c9d6e4e6-f977-4277-8c6c-427f269f4599', '963edd40-7139-479e-b11f-4223187b76eb', 3, true, '2026-01-21 13:10:07.970155+00', false),
	('a2bdc258-6b90-452d-8368-2f09c1b9756c', 'a5e7e178-915e-4405-aa1e-320c10e2b479', '9f4d4c29-ea68-42e8-9c29-2784feed4a30', 2, false, '2026-01-21 13:17:26.097363+00', false),
	('5ce4ed97-8bd7-4ff9-823b-2c049af40967', 'a5e7e178-915e-4405-aa1e-320c10e2b479', '963edd40-7139-479e-b11f-4223187b76eb', 3, true, '2026-01-21 13:17:26.097363+00', false),
	('aaad76a4-9c80-4443-a007-eb0b1201bcfa', 'cd8c9d01-a73e-4193-b5a2-0fbe57d2eebe', 'a81d6630-0c0a-480f-bed9-30dc1009a67e', 1, false, '2026-01-13 21:20:15.18499+00', false),
	('b194afbd-bbc3-4673-8187-5b9ac3e2ea35', 'cd8c9d01-a73e-4193-b5a2-0fbe57d2eebe', '7ee596d8-9c11-465b-b748-4606fafc0283', 2, false, '2026-01-13 21:20:15.18499+00', false),
	('92aac352-5b7f-49f8-b51b-d7de5cdbe49a', 'cd8c9d01-a73e-4193-b5a2-0fbe57d2eebe', 'a21cd9a4-0986-4e48-9626-2fb4082c258e', 3, true, '2026-01-13 21:20:15.18499+00', false),
	('e6a51633-1e30-4e58-a32e-e3385f978082', '7e6971a8-4783-4a37-b7e7-84bd9dff7494', '7ee596d8-9c11-465b-b748-4606fafc0283', 1, true, '2026-01-14 19:12:10.377402+00', false),
	('6e101f93-a744-407e-8cc6-7f062064a153', 'c9d6e4e6-f977-4277-8c6c-427f269f4599', '7ee596d8-9c11-465b-b748-4606fafc0283', 1, false, '2026-01-21 13:10:07.970155+00', true),
	('4210baa6-0f30-41c2-8e85-8c9e0fae17b6', '640bbdc0-c0d9-4463-87f8-11fb789f9753', 'a81d6630-0c0a-480f-bed9-30dc1009a67e', 2, true, '2026-01-20 13:45:04.204396+00', true),
	('71d82466-d155-4e1d-b111-7338a53d95ad', '327cc3cd-e43a-45a7-bfb0-39f811a7468e', '29a660f6-1094-4603-afdf-19fbae335c16', 1, false, '2026-01-21 13:53:48.704791+00', true),
	('56370721-4208-46e7-9a7f-ad32aa0cc901', '327cc3cd-e43a-45a7-bfb0-39f811a7468e', 'cdc81757-e03e-450f-b170-f29ef7d546a9', 2, true, '2026-01-21 13:53:48.704791+00', true),
	('85bb9612-1ad5-45db-b6fe-457934d71c40', '4ae8d4c5-de42-4a85-8159-be9f4f9517c0', '29a660f6-1094-4603-afdf-19fbae335c16', 1, false, '2026-01-21 13:57:41.794588+00', true),
	('fd271d45-ed6b-4aff-9d29-f9d50dbae097', '4ae8d4c5-de42-4a85-8159-be9f4f9517c0', 'cdc81757-e03e-450f-b170-f29ef7d546a9', 2, true, '2026-01-21 13:57:41.794588+00', true),
	('468617c1-21c7-46f4-914a-3a63cf9b584c', 'a5e7e178-915e-4405-aa1e-320c10e2b479', '7ee596d8-9c11-465b-b748-4606fafc0283', 1, false, '2026-01-21 13:17:26.097363+00', true),
	('b999238c-a8a8-4d60-acc0-65dd6ea7aa7e', '55b91c21-3f85-48a2-a08f-9ed7d607bc6b', '7ee596d8-9c11-465b-b748-4606fafc0283', 1, true, '2026-01-21 14:01:47.054288+00', true),
	('e5fcfdb4-da46-425a-a925-8eb241b4b64d', '4b0e7964-b073-47b4-a292-963e17628283', 'b5e16f44-9d4d-48e4-92a7-242e04f3a8e1', 1, false, '2026-01-14 23:45:25.731581+00', false),
	('9b53fff0-f7ec-4832-b2e0-435a399a132d', '4b0e7964-b073-47b4-a292-963e17628283', '963edd40-7139-479e-b11f-4223187b76eb', 2, false, '2026-01-14 23:45:25.731581+00', false),
	('2296d8bf-eadf-41ad-b28b-b16fde7bbbb3', '4b0e7964-b073-47b4-a292-963e17628283', '9f4d4c29-ea68-42e8-9c29-2784feed4a30', 3, true, '2026-01-14 23:45:25.731581+00', false),
	('71d90bb4-cb98-4920-a741-6d435c180ae0', '84022274-459b-4db8-a631-9edc6c07eecd', '963edd40-7139-479e-b11f-4223187b76eb', 1, false, '2026-01-15 09:01:11.154059+00', false),
	('2f3e3060-719f-430d-b9c4-114dd4936b72', '84022274-459b-4db8-a631-9edc6c07eecd', '7ee596d8-9c11-465b-b748-4606fafc0283', 2, false, '2026-01-15 09:01:11.154059+00', false),
	('72a9fe11-d66e-48e0-b9a9-53aaa2f1256e', '84022274-459b-4db8-a631-9edc6c07eecd', '9f4d4c29-ea68-42e8-9c29-2784feed4a30', 3, true, '2026-01-15 09:01:11.154059+00', false),
	('49cbec30-b457-4dbe-86f9-4bc3d64b5abc', 'f8379c16-b5dd-49c0-be02-7e2ccc3809ec', '7ee596d8-9c11-465b-b748-4606fafc0283', 1, true, '2026-01-16 13:28:51.56047+00', false),
	('aedf9857-0d98-48e3-b20f-64cc1fc35cdf', '865dd250-9a9c-4399-8954-fbb633fcf9d3', '963edd40-7139-479e-b11f-4223187b76eb', 1, false, '2026-01-17 21:34:07.488572+00', false),
	('4e625a7c-0786-44fe-8a99-aa02244df0a9', '865dd250-9a9c-4399-8954-fbb633fcf9d3', '7ee596d8-9c11-465b-b748-4606fafc0283', 2, false, '2026-01-17 21:34:07.488572+00', false),
	('e9ff3fa7-caef-4a81-b105-1bcf61ee1931', '865dd250-9a9c-4399-8954-fbb633fcf9d3', '9f4d4c29-ea68-42e8-9c29-2784feed4a30', 3, true, '2026-01-17 21:34:07.488572+00', false),
	('f2169da7-08b1-45e6-ba5b-303e9f18ac18', '32fc264b-6821-4c42-b9fe-2cd572cb095e', '7ee596d8-9c11-465b-b748-4606fafc0283', 1, true, '2026-01-17 21:34:08.722788+00', false),
	('0521d520-358e-4f41-8748-279c09eb158d', '08baf2a3-c2c0-4425-a22b-8e2ec7db9438', 'b5e16f44-9d4d-48e4-92a7-242e04f3a8e1', 1, false, '2026-01-17 21:34:10.059132+00', false),
	('78f2a09a-ea6b-41a5-97e9-5e9b6320ba3c', '08baf2a3-c2c0-4425-a22b-8e2ec7db9438', '963edd40-7139-479e-b11f-4223187b76eb', 2, false, '2026-01-17 21:34:10.059132+00', false),
	('c95098a2-33cb-4ebd-af48-cc0826214301', '08baf2a3-c2c0-4425-a22b-8e2ec7db9438', '9f4d4c29-ea68-42e8-9c29-2784feed4a30', 3, true, '2026-01-17 21:34:10.059132+00', false),
	('40be20f4-57f9-40b5-99a3-a51d6b5677c4', '7104d141-7a58-4b2c-b6b5-97ffbd67acd6', 'a21cd9a4-0986-4e48-9626-2fb4082c258e', 1, true, '2026-01-18 20:08:34.063016+00', false),
	('77a418d3-d9ce-43b1-ae3b-efd5f64680dd', 'e9cbc681-343a-47f2-8c81-f4e4e0e81cd6', '7ee596d8-9c11-465b-b748-4606fafc0283', 1, true, '2026-01-18 20:14:45.185863+00', false);


--
-- Data for Name: pipeline_preset_steps; Type: TABLE DATA; Schema: public; Owner: postgres
--

INSERT INTO "public"."pipeline_preset_steps" ("id", "pipeline_preset_id", "station_id", "position", "created_at", "requires_first_product_approval") VALUES
	('b6a24b7a-4b2a-4043-be77-c06e7feaab2e', '071cb31d-7e2f-4e42-9b53-aab7d859afd6', 'b5e16f44-9d4d-48e4-92a7-242e04f3a8e1', 1, '2026-01-20 12:57:29.015749+00', false),
	('99e6a69a-bd3a-4324-a213-a97cf5d3ffc6', '071cb31d-7e2f-4e42-9b53-aab7d859afd6', '963edd40-7139-479e-b11f-4223187b76eb', 2, '2026-01-20 12:57:29.015749+00', false),
	('728dbbeb-910c-4494-bed0-858313395dc5', '071cb31d-7e2f-4e42-9b53-aab7d859afd6', '9f4d4c29-ea68-42e8-9c29-2784feed4a30', 3, '2026-01-20 12:57:29.015749+00', false),
	('cc17661d-651a-41b8-b996-6c1f8b973b29', 'f6833784-b361-42c9-b3aa-7e1a45cd3009', '7ee596d8-9c11-465b-b748-4606fafc0283', 1, '2026-01-21 12:28:16.735987+00', false),
	('652a17fe-7b4b-44e1-a675-1e1f844339f5', 'f6833784-b361-42c9-b3aa-7e1a45cd3009', '29a660f6-1094-4603-afdf-19fbae335c16', 2, '2026-01-21 12:28:16.735987+00', false),
	('6b0df984-82df-48de-86df-c25b41b224ba', 'f6833784-b361-42c9-b3aa-7e1a45cd3009', '669d8833-4729-4225-b869-e3f62d804a41', 3, '2026-01-21 12:28:16.735987+00', false),
	('b77ae143-7d38-4858-bdc7-c77ddd046ac2', '0612fd4c-cdb6-4e5a-918f-110751e7da61', '7ee596d8-9c11-465b-b748-4606fafc0283', 1, '2026-01-21 13:07:32.963647+00', true),
	('f81368b8-f05b-4022-9149-91a744af8967', '0612fd4c-cdb6-4e5a-918f-110751e7da61', '9f4d4c29-ea68-42e8-9c29-2784feed4a30', 2, '2026-01-21 13:07:32.963647+00', true),
	('8a7a9a6d-4668-40aa-909c-d751d66b157d', '0612fd4c-cdb6-4e5a-918f-110751e7da61', '963edd40-7139-479e-b11f-4223187b76eb', 3, '2026-01-21 13:07:32.963647+00', false),
	('1e4f7f26-21bc-4856-afe5-b3d353de8551', 'b0219c70-fa6c-465b-8fb1-d3be4f0ff2fa', '7ee596d8-9c11-465b-b748-4606fafc0283', 1, '2026-01-21 13:07:53.209418+00', true),
	('b38ea4bd-d151-4aa7-b057-391e2e674fda', '72c81a3a-f809-4688-ba99-f98b7178844a', '29a660f6-1094-4603-afdf-19fbae335c16', 1, '2026-01-21 13:44:38.864219+00', true),
	('f1f8615e-afa0-47e0-853e-4a5ded15e4ab', '72c81a3a-f809-4688-ba99-f98b7178844a', 'cdc81757-e03e-450f-b170-f29ef7d546a9', 2, '2026-01-21 13:44:38.864219+00', false);


--
-- Data for Name: report_reasons; Type: TABLE DATA; Schema: public; Owner: postgres
--

INSERT INTO "public"."report_reasons" ("id", "label_he", "label_ru", "is_active", "sort_order", "created_at", "updated_at") VALUES
	('daf1a622-1cb7-447d-a9f3-dd7e18ed4946', 'ארוחת צהריים', NULL, true, 0, '2025-12-28 21:58:34.908503+00', '2025-12-28 21:58:34.908503+00'),
	('3ef908fc-27e9-4043-ab18-3c902ca8d850', 'הפסקה', NULL, true, 0, '2025-12-28 21:59:02.533475+00', '2025-12-28 21:59:02.533475+00');


--
-- Data for Name: status_definitions; Type: TABLE DATA; Schema: public; Owner: postgres
--

INSERT INTO "public"."status_definitions" ("id", "scope", "station_id", "label_he", "label_ru", "color_hex", "machine_state", "report_type", "is_protected", "created_at", "updated_at") VALUES
	('aba59ce0-d35a-4a2a-a95f-5e0339f4942e', 'global', NULL, 'כיוונים', 'Настройка', '#f59e0b', 'setup', 'none', false, '2025-12-11 22:29:40.417066+00', '2026-01-06 22:15:48.884503+00'),
	('31b6bec2-2700-42c7-881a-e675ba87fb23', 'global', NULL, 'שינוי גלופות', 'Смена форм', '#8b5cf6', 'stoppage', 'none', false, '2025-12-11 22:29:40.417066+00', '2026-01-06 22:15:49.543165+00'),
	('9e7ea5f4-3025-4acb-9708-6bbbb13adbdf', 'global', NULL, 'המתנה ללקוח', 'Ожидание клиента', '#3b82f6', 'stoppage', 'none', false, '2025-12-11 22:29:40.417066+00', '2026-01-06 22:15:50.233789+00'),
	('f33ae7c3-0856-4219-8d19-d0dfd5019143', 'global', NULL, 'תקלה', 'Неисправность', '#ef4444', 'stoppage', 'malfunction', true, '2025-12-11 22:29:40.417066+00', '2025-12-28 19:27:40.276938+00'),
	('aaaee715-fe2c-4612-ae07-2d801dbeab5b', 'global', NULL, 'ייצור', 'Производство', '#10b981', 'production', 'none', true, '2025-12-11 22:29:40.417066+00', '2025-12-28 19:27:40.276938+00'),
	('4b59be72-8911-459d-b20f-dc27720270ea', 'station', '7ee596d8-9c11-465b-b748-4606fafc0283', 'תיאום צבעים', 'דגכג', '#ef4444', 'production', 'none', false, '2025-12-26 17:04:27.309055+00', '2025-12-28 19:27:40.276938+00'),
	('6ed1a573-5d16-4c1f-99ab-b6644b9f45d7', 'station', '7ee596d8-9c11-465b-b748-4606fafc0283', 'few', '', '#0ea5e9', 'setup', 'none', false, '2025-12-28 14:12:04.630758+00', '2025-12-28 19:27:40.276938+00'),
	('f9cd566e-ede6-4c40-90b3-307a2f9611d3', 'station', '963edd40-7139-479e-b11f-4223187b76eb', 'סטטוס בדיקה', 'סטטוס בדיקה ברוסית', '#14b8a6', 'production', 'none', false, '2025-12-17 16:21:19.014082+00', '2025-12-28 22:00:41.536778+00'),
	('035ceb17-3b2c-4194-a9c6-4435be2bcf08', 'global', NULL, 'אחר', 'Другое', '#94a3b8', 'stoppage', 'general', true, '2025-12-14 21:12:51.534569+00', '2025-12-28 23:02:54.501222+00'),
	('988c96a7-a611-4c7a-bc77-962e916bc23c', 'global', NULL, 'עצירה', 'Остановка', '#f97316', 'stoppage', 'general', true, '2025-12-11 22:29:40.417066+00', '2025-12-29 19:44:14.646789+00');


--
-- Data for Name: workers; Type: TABLE DATA; Schema: public; Owner: postgres
--

INSERT INTO "public"."workers" ("id", "worker_code", "full_name", "language", "role", "is_active", "created_at", "updated_at", "department") VALUES
	('b6467fb9-66f8-4014-b29b-725a15096b93', '02635356-5', 'חלבי כרמל', 'auto', 'worker', true, '2025-12-02 12:28:09.135176+00', '2025-12-02 12:28:09.135176+00', NULL),
	('4394b60e-f927-49d5-ab79-8879d676159d', '34798969-1', 'קמנב קסניה', 'auto', 'worker', true, '2025-12-02 12:28:09.135176+00', '2025-12-02 12:28:09.135176+00', NULL),
	('60b3c71d-64b9-4553-9bee-bef278766798', '05233743-3', 'יפרח דני', 'auto', 'worker', true, '2025-12-02 12:28:09.135176+00', '2025-12-02 12:28:09.135176+00', NULL),
	('87c6b8e9-7a65-42ed-8f70-06b7a4813f48', '30581100-2', 'פרידלנדר מיכאל', 'auto', 'worker', true, '2025-12-02 12:28:09.135176+00', '2025-12-02 12:28:09.135176+00', NULL),
	('f2848e51-0230-4a4c-887f-84868c227ded', '06063432-6', 'חשמי גאלב', 'auto', 'worker', true, '2025-12-02 12:28:09.135176+00', '2025-12-02 12:28:09.135176+00', NULL),
	('1f1ecdee-2fac-4b32-8fb9-bd8aa69e0199', '03722332-8', 'קוסטינר יוסי', 'auto', 'worker', true, '2025-12-02 12:28:09.135176+00', '2025-12-02 12:28:09.135176+00', NULL),
	('f6b776cb-bc77-4348-9ec5-2e73c1f929e3', '32904281-6', 'האילו אנטנך', 'auto', 'worker', true, '2025-12-02 12:28:09.135176+00', '2025-12-02 12:28:09.135176+00', NULL),
	('1eb1b2a9-58f8-46f3-9709-fb61e897cf8e', '20459758-7', 'סאלח מחמוד', 'auto', 'worker', true, '2025-12-02 12:28:09.135176+00', '2025-12-02 12:28:09.135176+00', NULL),
	('c3bf526f-37d2-4acd-a94d-8f3a17b5bda0', '02288313-6', 'רוזן אברהם', 'auto', 'worker', true, '2025-12-02 12:28:09.135176+00', '2025-12-02 12:28:09.135176+00', NULL),
	('56361241-7ae5-4048-9013-e24c7454ade3', '02321520-5', 'כרים אחמד', 'auto', 'worker', true, '2025-12-02 12:28:09.135176+00', '2025-12-02 12:28:09.135176+00', NULL),
	('379f1133-283a-4c7c-abac-aad53be31964', '30169123-4', 'ספורי מוראד', 'auto', 'worker', true, '2025-12-02 12:28:09.135176+00', '2025-12-02 12:28:09.135176+00', NULL),
	('b38f35d5-c329-4ee8-9954-52677a554b77', '05944532-0', 'מחול מזל', 'auto', 'worker', true, '2025-12-02 12:28:09.135176+00', '2025-12-02 12:28:09.135176+00', NULL),
	('5e03af91-299a-4837-bf78-dc29bf068dd7', '03274458-3', 'חביבאללה אסחאק', 'auto', 'worker', true, '2025-12-02 12:28:09.135176+00', '2025-12-02 12:28:09.135176+00', NULL),
	('d07b3b47-01a1-4f13-b241-301bdfcf67e4', '05899826-1', 'רוחאנא שהרזאד', 'auto', 'worker', true, '2025-12-02 12:28:09.135176+00', '2025-12-02 12:28:09.135176+00', NULL),
	('b7639835-9d18-44d4-8c67-4050ff326146', '05301623-4', 'כילאני ענאן', 'auto', 'worker', true, '2025-12-02 12:28:09.135176+00', '2025-12-02 12:28:09.135176+00', NULL),
	('6f3cb9c7-f004-4b84-ae08-bfd09f82190f', '31721913-7', 'גולייב  אלכסנדרה', 'auto', 'worker', true, '2025-12-02 12:28:09.135176+00', '2025-12-02 12:28:09.135176+00', NULL),
	('467a1ba5-e9db-4a7c-9c36-da46464aa961', '32128342-6', 'וצריאונוב אנדריי', 'auto', 'worker', true, '2025-12-02 12:28:09.135176+00', '2025-12-02 12:28:09.135176+00', NULL),
	('6a435d45-55e3-46ec-878e-7a86f362df38', '33255041-7', 'גולומבוק אריק', 'auto', 'worker', true, '2025-12-02 12:28:09.135176+00', '2025-12-02 12:28:09.135176+00', NULL),
	('4b2cd7ea-09ed-4469-83a7-85097053b670', '31956085-0', 'סיריאק סופיה', 'auto', 'worker', true, '2025-12-02 12:28:09.135176+00', '2025-12-02 12:28:09.135176+00', NULL),
	('b2b3999c-6f3e-4576-a900-e53077c6b866', '34501604-2', 'סרוליה קרוסמן אנריקה', 'auto', 'worker', true, '2025-12-02 12:28:09.135176+00', '2025-12-02 12:28:09.135176+00', NULL),
	('0eaffc33-63ee-41d3-91ba-fa5814bc53a3', '34518201-8', 'עייש סלמה מויסס', 'auto', 'worker', true, '2025-12-02 12:28:09.135176+00', '2025-12-02 12:28:09.135176+00', NULL),
	('56e628e2-d746-4c4c-9e1b-2e7871c43d3a', '02331966-8', 'חביבאללה סלאח', 'auto', 'worker', true, '2025-12-02 12:28:09.135176+00', '2025-12-02 12:28:09.135176+00', NULL),
	('11efb783-b5f4-4ffe-bfae-aef173ab8e1d', '32370536-8', 'לוקצקי יוליה', 'auto', 'worker', true, '2025-12-02 12:28:09.135176+00', '2025-12-02 12:28:09.135176+00', NULL),
	('7a5a5809-b928-41c5-81d9-04f0c1d42c98', '33808202-7', 'קוטליארוב ילנה', 'auto', 'worker', true, '2025-12-02 12:28:09.135176+00', '2025-12-02 12:28:09.135176+00', NULL),
	('cf1a47cc-1e25-43d7-b4f1-d1a591d7a374', '34501605-9', 'דה סילבה קרוסמן גוסטבו', 'auto', 'worker', true, '2025-12-02 12:28:09.135176+00', '2025-12-02 12:28:09.135176+00', NULL),
	('32c1400d-4275-427b-9ea4-106fd5712d03', '34751603-1', 'קוסטינה אולגה', 'auto', 'worker', true, '2025-12-02 12:28:09.135176+00', '2025-12-02 12:28:09.135176+00', NULL),
	('22d14b46-089a-4dd4-b083-bcd6a35891f7', '34750065-4', 'טשחנובה גוזל', 'auto', 'worker', true, '2025-12-02 12:28:09.135176+00', '2025-12-02 12:28:09.135176+00', NULL),
	('6245d273-27ed-494b-a394-062f0c2e058c', '01747907-2', 'שלבטוב ויטאלי', 'auto', 'worker', true, '2025-12-02 12:28:09.135176+00', '2025-12-02 12:28:09.135176+00', NULL),
	('f92dc6ec-32c8-4cb6-a97a-2b12b1ecd502', '34132673-4', 'קזמירצוק אלכסנדר', 'auto', 'worker', true, '2025-12-02 12:28:09.135176+00', '2025-12-02 12:28:09.135176+00', NULL),
	('e5803098-fbd9-472f-94b6-11ad52ed43cb', '05756443-7', 'שיני לוריס', 'auto', 'worker', true, '2025-12-02 12:28:09.135176+00', '2025-12-02 12:28:09.135176+00', NULL),
	('56a21c10-9248-44a7-a542-20949697c84f', '30482505-2', 'פירובנו בנדטה', 'auto', 'worker', true, '2025-12-02 12:28:09.135176+00', '2025-12-02 12:28:09.135176+00', NULL),
	('2a361bf6-e315-4f69-8beb-0d4ac503936e', '4582', 'דנה כהן', 'he', 'worker', true, '2025-12-01 13:43:29.762132+00', '2025-12-01 13:43:29.762132+00', 'כריכה'),
	('ce3d5f07-58e2-44f4-a6ab-2971f0f02df4', '30968643-4', 'בירסאו קרן', 'auto', 'worker', true, '2025-12-02 12:28:09.135176+00', '2025-12-02 12:28:09.135176+00', 'הדפסה'),
	('b17d2f4f-831a-4ed3-bd7e-8715b41bc75b', '03627015-5', 'אוחנה שמחון', 'auto', 'worker', true, '2025-12-02 12:28:09.135176+00', '2025-12-02 12:28:09.135176+00', 'הדפסה'),
	('9e6b7c92-c70b-4acb-95b9-b5e52d8f1471', '05937740-8', 'אבו ליל עבד אלעזיז', 'auto', 'worker', true, '2025-12-02 12:28:09.135176+00', '2025-12-02 12:28:09.135176+00', NULL),
	('5892c159-d702-4c3d-9d7f-ed3f53789e55', '33627496-4', 'איזיקוביץ גוסלין', 'auto', 'worker', true, '2025-12-02 12:28:09.135176+00', '2025-12-02 12:28:09.135176+00', NULL),
	('ce53431f-a6a3-4b94-9f6f-5c48302d5f26', '01566167-1', 'אסטודילו בהמונדז ראובן אנטוניו', 'auto', 'worker', true, '2025-12-02 12:28:09.135176+00', '2025-12-02 12:28:09.135176+00', NULL),
	('1453e969-c81a-451e-b558-4e6d33482618', '32071259-9', 'גולייב אדלט', 'auto', 'worker', true, '2025-12-02 12:28:09.135176+00', '2025-12-02 12:28:09.135176+00', NULL),
	('3316a0ea-5835-49ec-9adc-51ccb45cd61e', '123', 'ישראל ישראלי', 'he', 'worker', true, '2026-01-11 13:45:32.241907+00', '2026-01-11 13:45:32.241907+00', 'הדפסה');


--
-- Data for Name: sessions; Type: TABLE DATA; Schema: public; Owner: postgres
--

INSERT INTO "public"."sessions" ("id", "worker_id", "station_id", "job_id", "status", "current_status_id", "last_status_change_at", "started_at", "ended_at", "last_seen_at", "forced_closed_at", "active_instance_id", "total_good", "total_scrap", "start_checklist_completed", "end_checklist_completed", "scrap_report_submitted", "worker_full_name_snapshot", "worker_code_snapshot", "station_name_snapshot", "station_code_snapshot", "created_at", "updated_at", "job_item_id", "job_item_step_id") VALUES
	('0c6f2660-b51d-4835-9048-e4d75ece68c3', '2a361bf6-e315-4f69-8beb-0d4ac503936e', '645a371c-a301-42fd-b99c-3c7a8a261453', 'bf667a2c-d03e-448b-9724-21b94a0f0e7d', 'completed', '988c96a7-a611-4c7a-bc77-962e916bc23c', '2026-01-19 22:04:16.371403+00', '2026-01-19 22:02:04.197546+00', '2026-01-19 22:04:15.678+00', '2026-01-19 22:04:10.747+00', '2026-01-19 22:04:15.678+00', 'mklpmzaq-il8epf80x', 0, 0, false, false, false, NULL, NULL, NULL, NULL, '2026-01-19 22:02:04.197546+00', '2026-01-19 22:02:04.197546+00', 'a76089bf-f232-4d1f-9b23-133cc8fa9153', '78e24c59-42fd-4a65-ad74-3c4ce8556f78'),
	('ef04a5e3-8359-40fb-a3c8-dbfb435e9c04', '3316a0ea-5835-49ec-9adc-51ccb45cd61e', '963edd40-7139-479e-b11f-4223187b76eb', NULL, 'completed', '988c96a7-a611-4c7a-bc77-962e916bc23c', '2026-01-17 21:34:35.112858+00', '2026-01-17 20:41:37.346+00', '2026-01-17 21:34:34.463+00', '2026-01-17 21:34:32.05+00', '2026-01-17 21:34:34.463+00', 'mkfv1oxr-xjie6oq03', 114, 0, true, false, false, NULL, NULL, NULL, NULL, '2026-01-17 20:41:31.41248+00', '2026-01-17 20:41:31.41248+00', NULL, NULL),
	('fa93a627-4fe0-4813-a5ac-d6388f65e873', '2a361bf6-e315-4f69-8beb-0d4ac503936e', '669d8833-4729-4225-b869-e3f62d804a41', 'a248f289-0803-4aff-b26e-50e839b16142', 'completed', '988c96a7-a611-4c7a-bc77-962e916bc23c', '2026-01-21 13:55:03.571917+00', '2026-01-21 13:50:54.743+00', '2026-01-21 13:55:03.166+00', '2026-01-21 13:54:59.391+00', NULL, 'mkn5rasr-bk2wp2uzi', 0, 0, true, true, false, NULL, NULL, NULL, NULL, '2026-01-21 13:50:51.421526+00', '2026-01-21 13:50:51.421526+00', '640bbdc0-c0d9-4463-87f8-11fb789f9753', '06d32f7d-281d-437b-bebb-2cacef345bd7'),
	('36f2cd31-9516-4f6d-840b-7527a34129f2', '3316a0ea-5835-49ec-9adc-51ccb45cd61e', '92e92710-dd6b-4870-9738-50fda2f76b26', NULL, 'completed', '988c96a7-a611-4c7a-bc77-962e916bc23c', '2026-01-17 18:19:24.968292+00', '2026-01-17 18:19:24.968292+00', '2026-01-17 18:19:33.829916+00', '2026-01-17 18:19:24.968292+00', '2026-01-17 18:19:33.829916+00', 'mkfv1oxr-xjie6oq03', 0, 0, false, false, false, NULL, NULL, NULL, NULL, '2026-01-17 18:19:24.968292+00', '2026-01-17 18:19:24.968292+00', NULL, NULL),
	('6be75d3d-081a-4632-b4e9-f1b32e3e80c7', '2a361bf6-e315-4f69-8beb-0d4ac503936e', '92e92710-dd6b-4870-9738-50fda2f76b26', NULL, 'completed', '31b6bec2-2700-42c7-881a-e675ba87fb23', '2026-01-18 17:55:34.853+00', '2026-01-18 17:43:51.815217+00', '2026-01-18 17:55:34.853+00', '2026-01-18 17:45:20.217+00', '2026-01-18 17:55:34.853+00', 'mkk0zatj-u630rc5s5', 0, 0, false, false, false, NULL, NULL, NULL, NULL, '2026-01-18 17:43:51.815217+00', '2026-01-18 17:43:51.815217+00', NULL, NULL),
	('11bb67fa-baf5-4e67-a6b6-68713479b224', '3316a0ea-5835-49ec-9adc-51ccb45cd61e', '7ee596d8-9c11-465b-b748-4606fafc0283', '3410d8f8-afc8-4cd3-8832-8f346bbcd4ce', 'completed', '988c96a7-a611-4c7a-bc77-962e916bc23c', '2026-01-17 22:56:09.671146+00', '2026-01-17 22:45:17.067+00', '2026-01-17 22:56:09.281+00', '2026-01-17 22:56:06.939+00', '2026-01-17 22:56:09.281+00', 'mkfv1oxr-xjie6oq03', 1, 0, true, false, false, NULL, NULL, NULL, NULL, '2026-01-17 22:45:13.34563+00', '2026-01-17 22:45:13.34563+00', '7e6971a8-4783-4a37-b7e7-84bd9dff7494', 'e6a51633-1e30-4e58-a32e-e3385f978082'),
	('27528430-9fc5-4b49-926e-477cc7ccfb40', '3316a0ea-5835-49ec-9adc-51ccb45cd61e', '7ee596d8-9c11-465b-b748-4606fafc0283', NULL, 'completed', '988c96a7-a611-4c7a-bc77-962e916bc23c', '2026-01-18 20:10:09.514092+00', '2026-01-18 20:09:50.031+00', '2026-01-18 20:10:08.912+00', '2026-01-18 20:10:07.333+00', '2026-01-18 20:10:08.912+00', 'mkgv25c7-4owvop387', 0, 0, true, false, false, NULL, NULL, NULL, NULL, '2026-01-18 20:09:48.408189+00', '2026-01-18 20:09:48.408189+00', NULL, NULL),
	('89e55c70-64a7-4917-84f3-3f095b3c1b09', '2a361bf6-e315-4f69-8beb-0d4ac503936e', '7ee596d8-9c11-465b-b748-4606fafc0283', '6c40d9aa-c342-4dc6-babe-3c510d0844af', 'completed', '31b6bec2-2700-42c7-881a-e675ba87fb23', '2026-01-17 16:23:24.663+00', '2026-01-17 14:54:46.267+00', '2026-01-17 16:23:24.663+00', '2026-01-17 16:06:03.142+00', '2026-01-17 16:23:24.663+00', 'mkgm87vl-0n4whosem', 0, 10, true, false, true, NULL, NULL, NULL, NULL, '2026-01-17 14:54:43.988083+00', '2026-01-17 14:54:43.988083+00', 'cd8c9d01-a73e-4193-b5a2-0fbe57d2eebe', 'b194afbd-bbc3-4673-8187-5b9ac3e2ea35'),
	('1e5b1455-e02f-444b-a90e-9c7696934d06', '3316a0ea-5835-49ec-9adc-51ccb45cd61e', '7ee596d8-9c11-465b-b748-4606fafc0283', '3410d8f8-afc8-4cd3-8832-8f346bbcd4ce', 'completed', '988c96a7-a611-4c7a-bc77-962e916bc23c', '2026-01-17 22:45:05.791896+00', '2026-01-17 22:43:59.813+00', '2026-01-17 22:45:05.39+00', '2026-01-17 22:44:59.302+00', '2026-01-17 22:45:05.39+00', 'mkfv1oxr-xjie6oq03', 0, 0, true, false, false, NULL, NULL, NULL, NULL, '2026-01-17 22:43:54.526346+00', '2026-01-17 22:43:54.526346+00', '7e6971a8-4783-4a37-b7e7-84bd9dff7494', 'e6a51633-1e30-4e58-a32e-e3385f978082'),
	('0d5d1ce7-9f9f-496e-88f2-96436548e0f5', 'b6467fb9-66f8-4014-b29b-725a15096b93', '669d8833-4729-4225-b869-e3f62d804a41', NULL, 'completed', '988c96a7-a611-4c7a-bc77-962e916bc23c', '2026-01-21 11:28:51.051222+00', '2026-01-21 00:03:43.525+00', '2026-01-21 11:28:50.596+00', '2026-01-21 11:28:16.363+00', '2026-01-21 11:28:50.596+00', 'mkn9dhgv-3oi94s6pb', 0, 0, true, false, false, NULL, NULL, NULL, NULL, '2026-01-21 00:03:12.012646+00', '2026-01-21 00:03:12.012646+00', NULL, NULL),
	('9e3d710e-4d7b-4311-8970-5349d63b160b', '3316a0ea-5835-49ec-9adc-51ccb45cd61e', '7ee596d8-9c11-465b-b748-4606fafc0283', 'ad317053-f195-4dcf-a5ae-5de2c73e958e', 'completed', 'aaaee715-fe2c-4612-ae07-2d801dbeab5b', '2026-01-17 22:56:50.821645+00', '2026-01-17 22:56:41.216+00', '2026-01-17 22:57:58.400548+00', '2026-01-17 22:57:48.09+00', '2026-01-17 22:57:58.400548+00', 'mkfv1oxr-xjie6oq03', 0, 0, true, false, false, NULL, NULL, NULL, NULL, '2026-01-17 22:56:38.775763+00', '2026-01-17 22:56:38.775763+00', '070a7ea5-da46-4989-8773-a4ee18a41126', '3d75df6c-ec7c-4fa5-8183-8fe3f4075fdf'),
	('14809c89-cc16-4fe6-9622-f4412594342d', '2a361bf6-e315-4f69-8beb-0d4ac503936e', '669d8833-4729-4225-b869-e3f62d804a41', NULL, 'completed', '988c96a7-a611-4c7a-bc77-962e916bc23c', '2026-01-20 22:30:28.810525+00', '2026-01-20 22:24:00.224+00', '2026-01-20 22:30:28.376+00', '2026-01-20 22:25:22.424+00', '2026-01-20 22:30:28.376+00', 'mkn5rasr-bk2wp2uzi', 0, 0, true, false, false, NULL, NULL, NULL, NULL, '2026-01-20 22:23:56.228685+00', '2026-01-20 22:23:56.228685+00', NULL, NULL),
	('b065d4b3-5bcf-432d-a821-088b226c209b', '3316a0ea-5835-49ec-9adc-51ccb45cd61e', '7ee596d8-9c11-465b-b748-4606fafc0283', '3410d8f8-afc8-4cd3-8832-8f346bbcd4ce', 'completed', '988c96a7-a611-4c7a-bc77-962e916bc23c', '2026-01-18 16:35:14.297594+00', '2026-01-18 14:48:49.07+00', '2026-01-18 16:35:13.677+00', '2026-01-18 16:35:11.932+00', '2026-01-18 16:35:13.677+00', 'mkgv25c7-4owvop387', 0, 0, true, false, false, NULL, NULL, NULL, NULL, '2026-01-18 14:48:47.753226+00', '2026-01-18 14:48:47.753226+00', '7e6971a8-4783-4a37-b7e7-84bd9dff7494', 'e6a51633-1e30-4e58-a32e-e3385f978082'),
	('1540d389-1371-4d3f-b9fc-2b3330f64cb2', '3316a0ea-5835-49ec-9adc-51ccb45cd61e', 'b5e16f44-9d4d-48e4-92a7-242e04f3a8e1', 'dcf03d04-d8df-458f-a630-39a1d9edb1aa', 'completed', '988c96a7-a611-4c7a-bc77-962e916bc23c', '2026-01-18 09:33:24.358907+00', '2026-01-18 09:31:23.068+00', '2026-01-18 09:33:23.857+00', '2026-01-18 09:33:21.726+00', NULL, 'mkfv1oxr-xjie6oq03', 0, 0, true, true, false, NULL, NULL, NULL, NULL, '2026-01-17 23:38:45.465498+00', '2026-01-17 23:38:45.465498+00', '08baf2a3-c2c0-4425-a22b-8e2ec7db9438', '0521d520-358e-4f41-8748-279c09eb158d'),
	('a41c74b7-bdad-42e7-a8e8-5c833b10652f', '2a361bf6-e315-4f69-8beb-0d4ac503936e', '29a660f6-1094-4603-afdf-19fbae335c16', NULL, 'completed', '988c96a7-a611-4c7a-bc77-962e916bc23c', '2026-01-18 14:24:36.530142+00', '2026-01-18 14:23:42.41054+00', '2026-01-18 14:24:36.025+00', '2026-01-18 14:23:42.41054+00', '2026-01-18 14:24:36.025+00', 'mkjrj4b1-68yymrsph', 0, 0, false, false, false, NULL, NULL, NULL, NULL, '2026-01-18 14:23:42.41054+00', '2026-01-18 14:23:42.41054+00', NULL, NULL),
	('7083fffd-3726-44a2-a42b-87275985d85a', '2a361bf6-e315-4f69-8beb-0d4ac503936e', '7ee596d8-9c11-465b-b748-4606fafc0283', 'a248f289-0803-4aff-b26e-50e839b16142', 'completed', '988c96a7-a611-4c7a-bc77-962e916bc23c', '2026-01-21 14:27:13.363825+00', '2026-01-21 14:08:05.582+00', '2026-01-21 14:27:12.934+00', '2026-01-21 14:25:30.623+00', '2026-01-21 14:27:12.934+00', 'mkn5rasr-bk2wp2uzi', 0, 0, true, false, false, NULL, NULL, NULL, NULL, '2026-01-21 14:07:58.306887+00', '2026-01-21 14:07:58.306887+00', 'c9d6e4e6-f977-4277-8c6c-427f269f4599', '6e101f93-a744-407e-8cc6-7f062064a153'),
	('3c26e540-5806-4d74-bddf-6130b0919dda', '3316a0ea-5835-49ec-9adc-51ccb45cd61e', '7ee596d8-9c11-465b-b748-4606fafc0283', '3410d8f8-afc8-4cd3-8832-8f346bbcd4ce', 'completed', '988c96a7-a611-4c7a-bc77-962e916bc23c', '2026-01-18 18:35:07.59678+00', '2026-01-18 16:35:21.067+00', '2026-01-18 18:35:06.932+00', '2026-01-18 18:30:06.345+00', '2026-01-18 18:35:06.932+00', 'mkgv25c7-4owvop387', 0, 0, true, false, true, NULL, NULL, NULL, NULL, '2026-01-18 16:35:19.258743+00', '2026-01-18 16:35:19.258743+00', '7e6971a8-4783-4a37-b7e7-84bd9dff7494', 'e6a51633-1e30-4e58-a32e-e3385f978082'),
	('4da3b5fd-e3c9-4c69-93a0-96373ae9952c', '3316a0ea-5835-49ec-9adc-51ccb45cd61e', '92e92710-dd6b-4870-9738-50fda2f76b26', NULL, 'completed', '988c96a7-a611-4c7a-bc77-962e916bc23c', '2026-01-18 09:44:11.318473+00', '2026-01-18 09:42:47.429448+00', '2026-01-18 09:44:10.806+00', '2026-01-18 09:44:08.269+00', '2026-01-18 09:44:10.806+00', 'mkfv1oxr-xjie6oq03', 0, 0, false, false, false, NULL, NULL, NULL, NULL, '2026-01-18 09:42:47.429448+00', '2026-01-18 09:42:47.429448+00', NULL, NULL),
	('1d7449aa-ff68-4060-abda-e049e2306d6c', '2a361bf6-e315-4f69-8beb-0d4ac503936e', '7ee596d8-9c11-465b-b748-4606fafc0283', '3410d8f8-afc8-4cd3-8832-8f346bbcd4ce', 'completed', '31b6bec2-2700-42c7-881a-e675ba87fb23', '2026-01-17 14:54:25.407+00', '2026-01-17 14:31:49.975+00', '2026-01-17 14:54:25.407+00', '2026-01-17 14:42:37.113+00', '2026-01-17 14:54:25.407+00', 'mkgm87vl-0n4whosem', 0, 10, true, false, true, NULL, NULL, NULL, NULL, '2026-01-17 14:31:47.59523+00', '2026-01-17 14:31:47.59523+00', '7e6971a8-4783-4a37-b7e7-84bd9dff7494', 'e6a51633-1e30-4e58-a32e-e3385f978082'),
	('c9fd658c-655b-41bc-9db7-ff343b0fed92', '3316a0ea-5835-49ec-9adc-51ccb45cd61e', '7ee596d8-9c11-465b-b748-4606fafc0283', NULL, 'completed', '988c96a7-a611-4c7a-bc77-962e916bc23c', '2026-01-18 14:26:01.266131+00', '2026-01-18 10:14:10.345+00', '2026-01-18 14:26:00.742+00', '2026-01-18 14:25:53.677+00', '2026-01-18 14:26:00.742+00', 'mkfv1oxr-xjie6oq03', 0, 0, true, false, false, NULL, NULL, NULL, NULL, '2026-01-18 10:14:07.788783+00', '2026-01-18 10:14:07.788783+00', NULL, NULL),
	('78632f83-9384-4fb7-8794-7775f6220ad6', '2a361bf6-e315-4f69-8beb-0d4ac503936e', '669d8833-4729-4225-b869-e3f62d804a41', 'a248f289-0803-4aff-b26e-50e839b16142', 'completed', '31b6bec2-2700-42c7-881a-e675ba87fb23', '2026-01-20 15:01:09.323+00', '2026-01-20 13:48:19.561429+00', '2026-01-20 15:01:09.323+00', '2026-01-20 13:53:35.924+00', '2026-01-20 15:01:09.323+00', 'mkmng4lc-e9rs2h5e7', 0, 0, false, false, true, NULL, NULL, NULL, NULL, '2026-01-20 13:48:19.561429+00', '2026-01-20 13:48:19.561429+00', '640bbdc0-c0d9-4463-87f8-11fb789f9753', '06d32f7d-281d-437b-bebb-2cacef345bd7'),
	('a1bbf0a2-f8dc-479c-8131-874d52dbf7b6', '2a361bf6-e315-4f69-8beb-0d4ac503936e', '669d8833-4729-4225-b869-e3f62d804a41', 'a248f289-0803-4aff-b26e-50e839b16142', 'completed', 'aaaee715-fe2c-4612-ae07-2d801dbeab5b', '2026-01-20 22:32:02.953284+00', '2026-01-20 22:31:04.38+00', '2026-01-20 22:33:32.056542+00', '2026-01-20 22:33:21.718+00', '2026-01-20 22:33:32.056542+00', 'mkn647bu-hlegclct8', 0, 0, true, false, false, NULL, NULL, NULL, NULL, '2026-01-20 22:30:56.547679+00', '2026-01-20 22:30:56.547679+00', '640bbdc0-c0d9-4463-87f8-11fb789f9753', '06d32f7d-281d-437b-bebb-2cacef345bd7'),
	('4d85f1bf-0aae-4745-a2d3-53ff75d440d2', '2a361bf6-e315-4f69-8beb-0d4ac503936e', '963edd40-7139-479e-b11f-4223187b76eb', '6c40d9aa-c342-4dc6-babe-3c510d0844af', 'completed', '988c96a7-a611-4c7a-bc77-962e916bc23c', '2026-01-17 13:52:49.607683+00', '2026-01-17 13:22:47.076+00', '2026-01-17 13:52:49.116+00', '2026-01-17 13:52:44.159+00', '2026-01-17 13:52:49.116+00', 'mkgm87vl-0n4whosem', 59300, 0, true, false, false, NULL, NULL, NULL, NULL, '2026-01-17 13:22:42.571961+00', '2026-01-17 13:22:42.571961+00', '84022274-459b-4db8-a631-9edc6c07eecd', '71d90bb4-cb98-4920-a741-6d435c180ae0'),
	('26fcfc1d-5d3b-4811-920a-1b823e1f5478', '2a361bf6-e315-4f69-8beb-0d4ac503936e', '29a660f6-1094-4603-afdf-19fbae335c16', 'f695c525-eb82-4cd1-a8cf-b5ec958a0efe', 'completed', '988c96a7-a611-4c7a-bc77-962e916bc23c', '2026-01-21 13:58:57.266254+00', '2026-01-21 13:55:14.652+00', '2026-01-21 13:58:56.866+00', '2026-01-21 13:58:54.865+00', '2026-01-21 13:58:56.866+00', 'mkn5rasr-bk2wp2uzi', 0, 0, true, false, false, NULL, NULL, NULL, NULL, '2026-01-21 13:55:11.853265+00', '2026-01-21 13:55:11.853265+00', '327cc3cd-e43a-45a7-bfb0-39f811a7468e', '71d82466-d155-4e1d-b111-7338a53d95ad'),
	('40d458d1-1b8c-48b4-a109-a783779312f0', '3316a0ea-5835-49ec-9adc-51ccb45cd61e', '7ee596d8-9c11-465b-b748-4606fafc0283', 'ad317053-f195-4dcf-a5ae-5de2c73e958e', 'completed', '988c96a7-a611-4c7a-bc77-962e916bc23c', '2026-01-18 19:54:09.621726+00', '2026-01-18 19:46:47.651+00', '2026-01-18 19:54:08.959+00', '2026-01-18 19:54:07.577+00', '2026-01-18 19:54:08.959+00', 'mkgv25c7-4owvop387', 0, 0, true, false, false, NULL, NULL, NULL, NULL, '2026-01-18 19:46:43.644808+00', '2026-01-18 19:46:43.644808+00', '070a7ea5-da46-4989-8773-a4ee18a41126', '3d75df6c-ec7c-4fa5-8183-8fe3f4075fdf'),
	('8c0d529c-b3c4-4e6a-b400-d4cf143256f5', '2a361bf6-e315-4f69-8beb-0d4ac503936e', '963edd40-7139-479e-b11f-4223187b76eb', 'bf667a2c-d03e-448b-9724-21b94a0f0e7d', 'completed', '988c96a7-a611-4c7a-bc77-962e916bc23c', '2026-01-20 12:14:25.777718+00', '2026-01-19 22:04:41.174+00', '2026-01-20 12:14:25.199+00', '2026-01-20 12:14:20.915+00', NULL, 'mklpmzaq-il8epf80x', 0, 0, true, true, false, NULL, NULL, NULL, NULL, '2026-01-19 22:04:37.695439+00', '2026-01-19 22:04:37.695439+00', '50b60a3a-58b2-4d43-b452-88ef543814d9', '7b20fb75-2a18-48f4-933f-c5beded56bd5'),
	('bca128d5-e9ef-4504-971d-87369b953109', '2a361bf6-e315-4f69-8beb-0d4ac503936e', '92e92710-dd6b-4870-9738-50fda2f76b26', NULL, 'completed', '988c96a7-a611-4c7a-bc77-962e916bc23c', '2026-01-18 13:22:37.66209+00', '2026-01-18 13:21:24.191583+00', '2026-01-18 13:22:37.234+00', '2026-01-18 13:21:24.191583+00', '2026-01-18 13:22:37.234+00', 'mkjrj4b1-68yymrsph', 0, 0, false, false, false, NULL, NULL, NULL, NULL, '2026-01-18 13:21:24.191583+00', '2026-01-18 13:21:24.191583+00', NULL, NULL),
	('d827589f-b3d6-4472-8524-78d66e1a734a', '2a361bf6-e315-4f69-8beb-0d4ac503936e', '7ee596d8-9c11-465b-b748-4606fafc0283', '6c40d9aa-c342-4dc6-babe-3c510d0844af', 'completed', 'aaaee715-fe2c-4612-ae07-2d801dbeab5b', '2026-01-17 13:53:24.977871+00', '2026-01-17 13:52:54.018+00', '2026-01-17 13:53:44.876837+00', '2026-01-17 13:53:38.575+00', '2026-01-17 13:53:44.876837+00', 'mkgm87vl-0n4whosem', 0, 0, true, false, false, NULL, NULL, NULL, NULL, '2026-01-17 13:52:52.612651+00', '2026-01-17 13:52:52.612651+00', '84022274-459b-4db8-a631-9edc6c07eecd', '2f3e3060-719f-430d-b9c4-114dd4936b72'),
	('e71cf7b8-1b0e-4759-bc33-6396a2efa47d', '2a361bf6-e315-4f69-8beb-0d4ac503936e', '7ee596d8-9c11-465b-b748-4606fafc0283', 'a248f289-0803-4aff-b26e-50e839b16142', 'completed', '988c96a7-a611-4c7a-bc77-962e916bc23c', '2026-01-21 13:50:17.041717+00', '2026-01-21 12:24:48.568+00', '2026-01-21 13:50:16.569+00', '2026-01-21 13:50:14.575+00', '2026-01-21 13:50:16.569+00', 'mkn5rasr-bk2wp2uzi', 0, 0, true, false, false, NULL, NULL, NULL, NULL, '2026-01-21 12:24:44.923258+00', '2026-01-21 12:24:44.923258+00', 'a5e7e178-915e-4405-aa1e-320c10e2b479', '468617c1-21c7-46f4-914a-3a63cf9b584c'),
	('ce9a85b5-78e2-4821-a17d-a9d355977b53', '3316a0ea-5835-49ec-9adc-51ccb45cd61e', '7ee596d8-9c11-465b-b748-4606fafc0283', 'd4d6fcd7-4f58-4161-a34d-31af56748b40', 'completed', '31b6bec2-2700-42c7-881a-e675ba87fb23', '2026-01-18 22:01:29.352+00', '2026-01-18 20:11:18.412+00', '2026-01-18 22:01:29.352+00', '2026-01-18 21:23:27.047+00', '2026-01-18 22:01:29.352+00', 'mkgv25c7-4owvop387', 0, 0, true, false, false, NULL, NULL, NULL, NULL, '2026-01-18 20:11:17.32322+00', '2026-01-18 20:11:17.32322+00', 'e9cbc681-343a-47f2-8c81-f4e4e0e81cd6', '77a418d3-d9ce-43b1-ae3b-efd5f64680dd'),
	('27107538-6e57-4ec3-bc94-8b2d98321b66', '3316a0ea-5835-49ec-9adc-51ccb45cd61e', '7ee596d8-9c11-465b-b748-4606fafc0283', '3410d8f8-afc8-4cd3-8832-8f346bbcd4ce', 'completed', '31b6bec2-2700-42c7-881a-e675ba87fb23', '2026-01-19 19:42:20.022+00', '2026-01-19 18:41:48.488+00', '2026-01-19 19:42:20.022+00', '2026-01-19 19:33:27.052+00', '2026-01-19 19:42:20.022+00', 'mkgv25c7-4owvop387', 0, 0, true, false, false, NULL, NULL, NULL, NULL, '2026-01-19 18:41:46.954072+00', '2026-01-19 18:41:46.954072+00', '7e6971a8-4783-4a37-b7e7-84bd9dff7494', 'e6a51633-1e30-4e58-a32e-e3385f978082'),
	('863eebf0-6276-4183-9b74-9b696254b83d', '3316a0ea-5835-49ec-9adc-51ccb45cd61e', '7ee596d8-9c11-465b-b748-4606fafc0283', '3410d8f8-afc8-4cd3-8832-8f346bbcd4ce', 'completed', '988c96a7-a611-4c7a-bc77-962e916bc23c', '2026-01-17 22:43:46.443088+00', '2026-01-17 22:43:35.438+00', '2026-01-17 22:43:46.014+00', '2026-01-17 22:43:42.532+00', '2026-01-17 22:43:46.014+00', 'mkfv1oxr-xjie6oq03', 20001, 9, true, false, true, NULL, NULL, NULL, NULL, '2026-01-17 21:34:38.277663+00', '2026-01-17 21:34:38.277663+00', '7e6971a8-4783-4a37-b7e7-84bd9dff7494', 'e6a51633-1e30-4e58-a32e-e3385f978082'),
	('b47f1596-fc56-47d3-97c3-c8523e5dc57a', 'b6467fb9-66f8-4014-b29b-725a15096b93', '669d8833-4729-4225-b869-e3f62d804a41', 'a248f289-0803-4aff-b26e-50e839b16142', 'completed', '988c96a7-a611-4c7a-bc77-962e916bc23c', '2026-01-21 11:41:29.448482+00', '2026-01-21 11:29:20.653+00', '2026-01-21 11:41:29.002+00', '2026-01-21 11:41:09.04+00', '2026-01-21 11:41:29.002+00', 'mknxwfw7-eml66ue01', 0, 0, true, false, false, NULL, NULL, NULL, NULL, '2026-01-21 11:28:57.810042+00', '2026-01-21 11:28:57.810042+00', '640bbdc0-c0d9-4463-87f8-11fb789f9753', '06d32f7d-281d-437b-bebb-2cacef345bd7'),
	('1310528f-7e07-4fd3-9532-754ee01cc25f', '3316a0ea-5835-49ec-9adc-51ccb45cd61e', 'a21cd9a4-0986-4e48-9626-2fb4082c258e', '6c40d9aa-c342-4dc6-babe-3c510d0844af', 'completed', '31b6bec2-2700-42c7-881a-e675ba87fb23', '2026-01-14 23:44:32.093+00', '2026-01-14 21:46:33.779877+00', '2026-01-14 23:44:32.093+00', '2026-01-14 23:01:22.071+00', '2026-01-14 23:44:32.093+00', 'mkehrrdf-u9akozbca', 28500, 0, false, false, false, NULL, NULL, NULL, NULL, '2026-01-14 21:46:33.779877+00', '2026-01-14 21:46:33.779877+00', 'cd8c9d01-a73e-4193-b5a2-0fbe57d2eebe', '92aac352-5b7f-49f8-b51b-d7de5cdbe49a'),
	('fc57b12c-6dec-4c39-b07e-810b2e78da6d', '2a361bf6-e315-4f69-8beb-0d4ac503936e', '7ee596d8-9c11-465b-b748-4606fafc0283', NULL, 'completed', '988c96a7-a611-4c7a-bc77-962e916bc23c', '2026-01-15 09:34:53.252223+00', '2026-01-15 09:34:53.252223+00', '2026-01-15 09:34:58.82284+00', '2026-01-15 09:34:53.252223+00', '2026-01-15 09:34:58.82284+00', 'mkeny3ro-p5wcz45or', 0, 0, false, false, false, NULL, NULL, NULL, NULL, '2026-01-15 09:34:53.252223+00', '2026-01-15 09:34:53.252223+00', NULL, NULL),
	('ef32c986-3f35-4a9f-a616-21179892ec13', '3316a0ea-5835-49ec-9adc-51ccb45cd61e', 'b5e16f44-9d4d-48e4-92a7-242e04f3a8e1', 'ad317053-f195-4dcf-a5ae-5de2c73e958e', 'completed', '988c96a7-a611-4c7a-bc77-962e916bc23c', '2026-01-11 15:00:56.310899+00', '2026-01-11 14:16:56.737+00', '2026-01-11 15:00:55.658+00', '2026-01-11 14:17:55.361+00', '2026-01-11 15:00:55.658+00', 'mk8f7qmo-abl5psm37', 24, 0, true, false, false, NULL, NULL, NULL, NULL, '2026-01-11 14:07:03.574017+00', '2026-01-11 14:07:03.574017+00', 'a0efc25a-2c83-4af3-b5a4-f1e5ca5ed534', '9973f3dc-fd94-4073-8e32-1a875e8a94cc'),
	('e1dbaa92-b0ec-4f05-8380-a598d94f12ae', '9e6b7c92-c70b-4acb-95b9-b5e52d8f1471', 'b5e16f44-9d4d-48e4-92a7-242e04f3a8e1', 'ad317053-f195-4dcf-a5ae-5de2c73e958e', 'completed', '988c96a7-a611-4c7a-bc77-962e916bc23c', '2026-01-11 20:04:26.945423+00', '2026-01-11 17:28:54.588+00', '2026-01-11 20:04:26.444+00', '2026-01-11 20:01:00.713+00', '2026-01-11 20:04:26.444+00', 'mka0amiy-9e8y0thnh', 85, 0, true, false, false, NULL, NULL, NULL, NULL, '2026-01-11 17:28:50.551572+00', '2026-01-11 17:28:50.551572+00', 'a0efc25a-2c83-4af3-b5a4-f1e5ca5ed534', '9973f3dc-fd94-4073-8e32-1a875e8a94cc'),
	('788d400a-0dcd-4e17-a651-faa2d3b3db95', '2a361bf6-e315-4f69-8beb-0d4ac503936e', '9f4d4c29-ea68-42e8-9c29-2784feed4a30', NULL, 'completed', '988c96a7-a611-4c7a-bc77-962e916bc23c', '2026-01-15 19:45:19.816389+00', '2026-01-15 19:45:19.816389+00', '2026-01-15 19:45:42.183254+00', '2026-01-15 19:45:19.816389+00', '2026-01-15 19:45:42.183254+00', 'mkeny3ro-p5wcz45or', 0, 0, false, false, false, NULL, NULL, NULL, NULL, '2026-01-15 19:45:19.816389+00', '2026-01-15 19:45:19.816389+00', NULL, NULL),
	('2a62797a-d116-489a-b7de-9ed7fbd7076c', 'b6467fb9-66f8-4014-b29b-725a15096b93', '669d8833-4729-4225-b869-e3f62d804a41', 'a248f289-0803-4aff-b26e-50e839b16142', 'completed', '31b6bec2-2700-42c7-881a-e675ba87fb23', '2026-01-21 13:06:00.819+00', '2026-01-21 11:43:17.007+00', '2026-01-21 13:06:00.819+00', '2026-01-21 12:20:19.744+00', '2026-01-21 13:06:00.819+00', 'mknxwfw7-eml66ue01', 0, 0, true, false, false, NULL, NULL, NULL, NULL, '2026-01-21 11:41:40.860484+00', '2026-01-21 11:41:40.860484+00', '640bbdc0-c0d9-4463-87f8-11fb789f9753', '06d32f7d-281d-437b-bebb-2cacef345bd7'),
	('2241e11b-fc2c-4c92-9e70-8a1d85842cae', '2a361bf6-e315-4f69-8beb-0d4ac503936e', '7ee596d8-9c11-465b-b748-4606fafc0283', NULL, 'completed', '988c96a7-a611-4c7a-bc77-962e916bc23c', '2026-01-21 13:59:22.194912+00', '2026-01-21 13:59:20.404+00', '2026-01-21 14:00:17.372625+00', '2026-01-21 13:59:36.491+00', '2026-01-21 14:00:17.372625+00', 'mkn4mjtv-qf6tgmaes', 0, 0, true, false, false, NULL, NULL, NULL, NULL, '2026-01-21 13:59:16.470837+00', '2026-01-21 13:59:16.470837+00', NULL, NULL),
	('1053a242-784f-4428-9485-636809b13648', '2a361bf6-e315-4f69-8beb-0d4ac503936e', '7ee596d8-9c11-465b-b748-4606fafc0283', 'a248f289-0803-4aff-b26e-50e839b16142', 'completed', '988c96a7-a611-4c7a-bc77-962e916bc23c', '2026-01-21 14:28:45.54296+00', '2026-01-21 14:27:18.573+00', '2026-01-21 14:28:45.071+00', '2026-01-21 14:28:36.494+00', '2026-01-21 14:28:45.071+00', 'mkn5rasr-bk2wp2uzi', 0, 0, true, false, false, NULL, NULL, NULL, NULL, '2026-01-21 14:27:16.008822+00', '2026-01-21 14:27:16.008822+00', 'c9d6e4e6-f977-4277-8c6c-427f269f4599', '6e101f93-a744-407e-8cc6-7f062064a153'),
	('e5476d90-190d-440e-8d73-575e8d508664', '2a361bf6-e315-4f69-8beb-0d4ac503936e', '7ee596d8-9c11-465b-b748-4606fafc0283', 'f695c525-eb82-4cd1-a8cf-b5ec958a0efe', 'active', 'aba59ce0-d35a-4a2a-a95f-5e0339f4942e', '2026-01-21 15:41:55.517406+00', '2026-01-21 15:39:28.481+00', NULL, '2026-01-21 16:13:28.535+00', NULL, 'mkn5rasr-bk2wp2uzi', 0, 0, true, false, false, NULL, NULL, NULL, NULL, '2026-01-21 15:39:22.238927+00', '2026-01-21 15:39:22.238927+00', '55b91c21-3f85-48a2-a08f-9ed7d607bc6b', 'b999238c-a8a8-4d60-acc0-65dd6ea7aa7e'),
	('64cbef6c-6acf-4165-bd2f-7fa1e03fe404', '2a361bf6-e315-4f69-8beb-0d4ac503936e', 'b5e16f44-9d4d-48e4-92a7-242e04f3a8e1', 'ad317053-f195-4dcf-a5ae-5de2c73e958e', 'completed', '988c96a7-a611-4c7a-bc77-962e916bc23c', '2026-01-10 15:39:59.08914+00', '2026-01-10 15:39:39.045+00', '2026-01-10 15:39:58.392+00', '2026-01-10 15:39:44.008+00', '2026-01-10 15:39:58.392+00', 'mk8f7ngf-64372a3vp', 0, 0, true, false, false, NULL, NULL, NULL, NULL, '2026-01-10 15:39:17.564727+00', '2026-01-10 15:39:17.564727+00', 'a0efc25a-2c83-4af3-b5a4-f1e5ca5ed534', '9973f3dc-fd94-4073-8e32-1a875e8a94cc'),
	('e90f8548-cb0b-4737-9128-16b9f5365ab7', '3316a0ea-5835-49ec-9adc-51ccb45cd61e', 'a81d6630-0c0a-480f-bed9-30dc1009a67e', '6c40d9aa-c342-4dc6-babe-3c510d0844af', 'completed', '988c96a7-a611-4c7a-bc77-962e916bc23c', '2026-01-14 21:45:21.646808+00', '2026-01-14 20:49:27.566968+00', '2026-01-14 21:46:24.580327+00', '2026-01-14 21:46:05.634+00', '2026-01-14 21:46:24.580327+00', 'mkehrrdf-u9akozbca', 13000, 0, false, false, false, NULL, NULL, NULL, NULL, '2026-01-14 20:49:27.566968+00', '2026-01-14 20:49:27.566968+00', 'cd8c9d01-a73e-4193-b5a2-0fbe57d2eebe', 'aaad76a4-9c80-4443-a007-eb0b1201bcfa'),
	('651e4e72-a575-4f93-84d2-8f670c0e8341', '3316a0ea-5835-49ec-9adc-51ccb45cd61e', 'a21cd9a4-0986-4e48-9626-2fb4082c258e', '6c40d9aa-c342-4dc6-babe-3c510d0844af', 'completed', '988c96a7-a611-4c7a-bc77-962e916bc23c', '2026-01-14 21:46:24.580327+00', '2026-01-14 21:46:24.580327+00', '2026-01-14 21:46:33.779877+00', '2026-01-14 21:46:24.580327+00', '2026-01-14 21:46:33.779877+00', 'mkehrrdf-u9akozbca', 0, 0, false, false, false, NULL, NULL, NULL, NULL, '2026-01-14 21:46:24.580327+00', '2026-01-14 21:46:24.580327+00', 'cd8c9d01-a73e-4193-b5a2-0fbe57d2eebe', '92aac352-5b7f-49f8-b51b-d7de5cdbe49a'),
	('ba1b4f39-f062-4509-94e7-e80cab9af30c', '2a361bf6-e315-4f69-8beb-0d4ac503936e', '963edd40-7139-479e-b11f-4223187b76eb', 'ad317053-f195-4dcf-a5ae-5de2c73e958e', 'completed', '988c96a7-a611-4c7a-bc77-962e916bc23c', '2026-01-13 15:39:23.070909+00', '2026-01-11 22:08:02.236+00', '2026-01-13 15:39:22.595+00', '2026-01-13 12:57:14.207+00', '2026-01-13 15:39:22.595+00', 'mk8f7qmo-abl5psm37', 20, 0, true, false, false, NULL, NULL, NULL, NULL, '2026-01-11 22:07:55.676263+00', '2026-01-11 22:07:55.676263+00', 'a0efc25a-2c83-4af3-b5a4-f1e5ca5ed534', '00189512-7ab2-4765-ba3f-2a90ad9ce595'),
	('760c8ba8-964e-4c82-b1b4-3d6c7a4b83e0', '3316a0ea-5835-49ec-9adc-51ccb45cd61e', 'b5e16f44-9d4d-48e4-92a7-242e04f3a8e1', NULL, 'completed', '988c96a7-a611-4c7a-bc77-962e916bc23c', '2026-01-13 15:46:59.720559+00', '2026-01-13 15:46:59.720559+00', '2026-01-13 15:51:56.280521+00', '2026-01-13 15:46:59.720559+00', '2026-01-13 15:51:56.280521+00', 'mkcrc2xz-8ergagvra', 0, 0, false, false, false, NULL, NULL, NULL, NULL, '2026-01-13 15:46:59.720559+00', '2026-01-13 15:46:59.720559+00', NULL, NULL),
	('e0fe1576-5798-43a9-a832-72064f70dd57', '3316a0ea-5835-49ec-9adc-51ccb45cd61e', 'b5e16f44-9d4d-48e4-92a7-242e04f3a8e1', 'ad317053-f195-4dcf-a5ae-5de2c73e958e', 'completed', '31b6bec2-2700-42c7-881a-e675ba87fb23', '2026-01-11 17:20:12.854+00', '2026-01-11 15:00:58.7+00', '2026-01-11 17:20:12.854+00', '2026-01-11 16:35:23.081+00', '2026-01-11 17:20:12.854+00', 'mk8f7ngf-64372a3vp', 6, 0, true, false, false, NULL, NULL, NULL, NULL, '2026-01-11 15:00:56.892963+00', '2026-01-11 15:00:56.892963+00', 'a0efc25a-2c83-4af3-b5a4-f1e5ca5ed534', '9973f3dc-fd94-4073-8e32-1a875e8a94cc'),
	('7210daf7-d411-405d-b246-c22876227c48', '2a361bf6-e315-4f69-8beb-0d4ac503936e', '963edd40-7139-479e-b11f-4223187b76eb', 'ad317053-f195-4dcf-a5ae-5de2c73e958e', 'completed', '988c96a7-a611-4c7a-bc77-962e916bc23c', '2026-01-10 15:56:23.703285+00', '2026-01-10 15:40:11.515+00', '2026-01-10 15:56:23.169+00', '2026-01-10 15:55:21.597+00', '2026-01-10 15:56:23.169+00', 'mk8f7ngf-64372a3vp', 21, 0, true, false, false, NULL, NULL, NULL, NULL, '2026-01-10 15:40:08.26024+00', '2026-01-10 15:40:08.26024+00', 'a0efc25a-2c83-4af3-b5a4-f1e5ca5ed534', '00189512-7ab2-4765-ba3f-2a90ad9ce595'),
	('b21fe6eb-fa23-4336-9984-2d682f076c6d', '2a361bf6-e315-4f69-8beb-0d4ac503936e', '963edd40-7139-479e-b11f-4223187b76eb', 'ad317053-f195-4dcf-a5ae-5de2c73e958e', 'completed', '988c96a7-a611-4c7a-bc77-962e916bc23c', '2026-01-11 16:37:03.781403+00', '2026-01-11 14:18:17.83+00', '2026-01-11 16:37:03.239+00', '2026-01-11 16:36:51.787+00', '2026-01-11 16:37:03.239+00', 'mk8f7qmo-abl5psm37', 22, 20, true, false, false, NULL, NULL, NULL, NULL, '2026-01-11 14:18:13.384729+00', '2026-01-11 14:18:13.384729+00', 'a0efc25a-2c83-4af3-b5a4-f1e5ca5ed534', '00189512-7ab2-4765-ba3f-2a90ad9ce595'),
	('fe31b0d3-a43d-4073-87fc-c955c9c26fd9', '2a361bf6-e315-4f69-8beb-0d4ac503936e', '963edd40-7139-479e-b11f-4223187b76eb', 'ad317053-f195-4dcf-a5ae-5de2c73e958e', 'completed', '988c96a7-a611-4c7a-bc77-962e916bc23c', '2026-01-10 17:14:32.523663+00', '2026-01-10 15:59:42.717+00', '2026-01-10 17:14:32.09+00', '2026-01-10 17:13:26.594+00', NULL, 'mk8f7ngf-64372a3vp', 145, 0, true, true, false, NULL, NULL, NULL, NULL, '2026-01-10 15:59:39.307228+00', '2026-01-10 15:59:39.307228+00', 'a0efc25a-2c83-4af3-b5a4-f1e5ca5ed534', '00189512-7ab2-4765-ba3f-2a90ad9ce595'),
	('b6e96280-a5da-4d2a-98f1-2fdf334fa99a', '2a361bf6-e315-4f69-8beb-0d4ac503936e', '9f4d4c29-ea68-42e8-9c29-2784feed4a30', 'ad317053-f195-4dcf-a5ae-5de2c73e958e', 'completed', '988c96a7-a611-4c7a-bc77-962e916bc23c', '2026-01-11 16:45:43.120729+00', '2026-01-11 16:45:26.21+00', '2026-01-11 16:45:42.612+00', '2026-01-11 16:45:31.013+00', '2026-01-11 16:45:42.612+00', 'mk8f7ngf-64372a3vp', 0, 0, true, false, false, NULL, NULL, NULL, NULL, '2026-01-11 16:45:23.197194+00', '2026-01-11 16:45:23.197194+00', 'a0efc25a-2c83-4af3-b5a4-f1e5ca5ed534', '716208f4-391a-463e-9228-6b4cc3f714bb'),
	('686b8d6c-7756-4c3e-b56a-41b749618c2b', '2a361bf6-e315-4f69-8beb-0d4ac503936e', '669d8833-4729-4225-b869-e3f62d804a41', 'a248f289-0803-4aff-b26e-50e839b16142', 'completed', '31b6bec2-2700-42c7-881a-e675ba87fb23', '2026-01-20 15:18:33.632+00', '2026-01-20 15:01:38.977315+00', '2026-01-20 15:18:33.632+00', '2026-01-20 15:08:14.936+00', '2026-01-20 15:18:33.632+00', 'mkmq2b70-b79yg0t01', 0, 0, false, false, false, NULL, NULL, NULL, NULL, '2026-01-20 15:01:38.977315+00', '2026-01-20 15:01:38.977315+00', '640bbdc0-c0d9-4463-87f8-11fb789f9753', '06d32f7d-281d-437b-bebb-2cacef345bd7'),
	('b2c98f02-ac9d-4e4f-8b81-e028ae168de9', '2a361bf6-e315-4f69-8beb-0d4ac503936e', '7ee596d8-9c11-465b-b748-4606fafc0283', 'ad317053-f195-4dcf-a5ae-5de2c73e958e', 'completed', '988c96a7-a611-4c7a-bc77-962e916bc23c', '2026-01-11 19:27:56.027545+00', '2026-01-11 19:18:41.287853+00', '2026-01-11 19:27:55.351+00', '2026-01-11 19:27:43.356+00', NULL, 'mk8f7qmo-abl5psm37', 3, 0, false, true, false, NULL, NULL, NULL, NULL, '2026-01-11 19:18:41.287853+00', '2026-01-11 19:18:41.287853+00', '070a7ea5-da46-4989-8773-a4ee18a41126', '3d75df6c-ec7c-4fa5-8183-8fe3f4075fdf'),
	('8c49c1fc-7473-4268-a9e1-23c6f032f03f', '3316a0ea-5835-49ec-9adc-51ccb45cd61e', '9f4d4c29-ea68-42e8-9c29-2784feed4a30', 'ad317053-f195-4dcf-a5ae-5de2c73e958e', 'completed', '988c96a7-a611-4c7a-bc77-962e916bc23c', '2026-01-11 17:22:07.933121+00', '2026-01-11 17:22:07.933121+00', '2026-01-11 17:22:27.306396+00', '2026-01-11 17:22:07.933121+00', '2026-01-11 17:22:27.306396+00', 'mka04af2-fnd37c355', 0, 0, false, false, false, NULL, NULL, NULL, NULL, '2026-01-11 17:22:07.933121+00', '2026-01-11 17:22:07.933121+00', 'a0efc25a-2c83-4af3-b5a4-f1e5ca5ed534', '716208f4-391a-463e-9228-6b4cc3f714bb'),
	('f763f0e8-c2bb-4494-bc01-21c21cfa81f7', '2a361bf6-e315-4f69-8beb-0d4ac503936e', 'b5e16f44-9d4d-48e4-92a7-242e04f3a8e1', 'ad317053-f195-4dcf-a5ae-5de2c73e958e', 'completed', '988c96a7-a611-4c7a-bc77-962e916bc23c', '2026-01-10 15:59:28.536059+00', '2026-01-10 15:56:40.688+00', '2026-01-10 15:59:28.009+00', '2026-01-10 15:58:01.313+00', '2026-01-10 15:59:28.009+00', 'mk8f7ngf-64372a3vp', 160, 0, true, false, false, NULL, NULL, NULL, NULL, '2026-01-10 15:56:38.912567+00', '2026-01-10 15:56:38.912567+00', 'a0efc25a-2c83-4af3-b5a4-f1e5ca5ed534', '9973f3dc-fd94-4073-8e32-1a875e8a94cc'),
	('2b6b8433-29d2-4a23-b27a-f4217ec1eb01', '2a361bf6-e315-4f69-8beb-0d4ac503936e', 'b5e16f44-9d4d-48e4-92a7-242e04f3a8e1', 'ad317053-f195-4dcf-a5ae-5de2c73e958e', 'completed', '988c96a7-a611-4c7a-bc77-962e916bc23c', '2026-01-10 17:16:35.987756+00', '2026-01-10 17:15:13.274+00', '2026-01-10 17:16:35.347+00', '2026-01-10 17:16:28.226+00', '2026-01-10 17:16:35.347+00', 'mk8f7ngf-64372a3vp', 0, 0, true, false, false, NULL, NULL, NULL, NULL, '2026-01-10 17:14:49.733691+00', '2026-01-10 17:14:49.733691+00', 'a0efc25a-2c83-4af3-b5a4-f1e5ca5ed534', '9973f3dc-fd94-4073-8e32-1a875e8a94cc'),
	('2029b495-392d-46a4-9732-5a9832d1bf9e', '2a361bf6-e315-4f69-8beb-0d4ac503936e', '963edd40-7139-479e-b11f-4223187b76eb', 'ad317053-f195-4dcf-a5ae-5de2c73e958e', 'completed', '988c96a7-a611-4c7a-bc77-962e916bc23c', '2026-01-11 13:39:41.586263+00', '2026-01-10 18:06:23.206+00', '2026-01-11 13:39:41.136+00', '2026-01-10 18:37:26.656+00', '2026-01-11 13:39:41.136+00', 'mk8f7ngf-64372a3vp', 10, 0, true, false, false, NULL, NULL, NULL, NULL, '2026-01-10 17:16:36.557784+00', '2026-01-10 17:16:36.557784+00', 'a0efc25a-2c83-4af3-b5a4-f1e5ca5ed534', '00189512-7ab2-4765-ba3f-2a90ad9ce595'),
	('94268ca3-4049-4f87-ad10-81fdde9b28fe', '2a361bf6-e315-4f69-8beb-0d4ac503936e', '963edd40-7139-479e-b11f-4223187b76eb', 'ad317053-f195-4dcf-a5ae-5de2c73e958e', 'completed', '31b6bec2-2700-42c7-881a-e675ba87fb23', '2026-01-11 14:17:19.994+00', '2026-01-11 13:40:09.042+00', '2026-01-11 14:17:19.994+00', '2026-01-11 14:08:22.192+00', '2026-01-11 14:17:19.994+00', 'mk8f7ngf-64372a3vp', 20, 0, true, false, false, NULL, NULL, NULL, NULL, '2026-01-11 13:40:03.789999+00', '2026-01-11 13:40:03.789999+00', 'a0efc25a-2c83-4af3-b5a4-f1e5ca5ed534', '00189512-7ab2-4765-ba3f-2a90ad9ce595'),
	('d20f1294-9c6d-45ba-96de-676384727256', '2a361bf6-e315-4f69-8beb-0d4ac503936e', '963edd40-7139-479e-b11f-4223187b76eb', 'ad317053-f195-4dcf-a5ae-5de2c73e958e', 'completed', '988c96a7-a611-4c7a-bc77-962e916bc23c', '2026-01-11 19:18:21.797837+00', '2026-01-11 16:45:57.254+00', '2026-01-11 19:18:21.181+00', '2026-01-11 19:18:04.174+00', '2026-01-11 19:18:21.181+00', 'mk8f7qmo-abl5psm37', 73, 0, true, false, false, NULL, NULL, NULL, NULL, '2026-01-11 16:45:54.820069+00', '2026-01-11 16:45:54.820069+00', 'a0efc25a-2c83-4af3-b5a4-f1e5ca5ed534', '00189512-7ab2-4765-ba3f-2a90ad9ce595'),
	('177e9595-9b71-4e10-8806-c734381cf987', '3316a0ea-5835-49ec-9adc-51ccb45cd61e', '9f4d4c29-ea68-42e8-9c29-2784feed4a30', 'ad317053-f195-4dcf-a5ae-5de2c73e958e', 'completed', '31b6bec2-2700-42c7-881a-e675ba87fb23', '2026-01-11 17:40:18.387+00', '2026-01-11 17:22:40.603+00', '2026-01-11 17:40:18.387+00', '2026-01-11 17:35:15.537+00', '2026-01-11 17:40:18.387+00', 'mka04af2-fnd37c355', 120, 0, true, false, false, NULL, NULL, NULL, NULL, '2026-01-11 17:22:27.306396+00', '2026-01-11 17:22:27.306396+00', 'a0efc25a-2c83-4af3-b5a4-f1e5ca5ed534', '716208f4-391a-463e-9228-6b4cc3f714bb'),
	('f7eac127-234a-4e1e-9862-c959832cd731', '3316a0ea-5835-49ec-9adc-51ccb45cd61e', 'b5e16f44-9d4d-48e4-92a7-242e04f3a8e1', 'ad317053-f195-4dcf-a5ae-5de2c73e958e', 'completed', '988c96a7-a611-4c7a-bc77-962e916bc23c', '2026-01-11 15:00:27.135004+00', '2026-01-11 14:09:22.296+00', '2026-01-11 15:00:26.604+00', '2026-01-11 14:59:59.549+00', '2026-01-11 15:00:26.604+00', 'mk8f7ngf-64372a3vp', 25, 0, true, false, false, NULL, NULL, NULL, NULL, '2026-01-11 14:09:20.877769+00', '2026-01-11 14:09:20.877769+00', 'a0efc25a-2c83-4af3-b5a4-f1e5ca5ed534', '9973f3dc-fd94-4073-8e32-1a875e8a94cc'),
	('9e666fe9-db81-4dcc-b5c6-726db194c77e', '3316a0ea-5835-49ec-9adc-51ccb45cd61e', 'b5e16f44-9d4d-48e4-92a7-242e04f3a8e1', 'ad317053-f195-4dcf-a5ae-5de2c73e958e', 'completed', '988c96a7-a611-4c7a-bc77-962e916bc23c', '2026-01-11 14:09:07.656219+00', '2026-01-11 14:08:50.263+00', '2026-01-11 14:09:07.235+00', '2026-01-11 14:09:04.11+00', NULL, 'mk8f7ngf-64372a3vp', 0, 0, true, true, false, NULL, NULL, NULL, NULL, '2026-01-11 14:08:48.043932+00', '2026-01-11 14:08:48.043932+00', 'a0efc25a-2c83-4af3-b5a4-f1e5ca5ed534', '9973f3dc-fd94-4073-8e32-1a875e8a94cc'),
	('a077779a-ad4d-4942-9346-b15cb5e4154b', '2a361bf6-e315-4f69-8beb-0d4ac503936e', '669d8833-4729-4225-b869-e3f62d804a41', NULL, 'completed', '31b6bec2-2700-42c7-881a-e675ba87fb23', '2026-01-20 23:38:40.433+00', '2026-01-20 22:34:03.644+00', '2026-01-20 23:38:40.433+00', '2026-01-20 23:22:17.618+00', '2026-01-20 23:38:40.433+00', 'mkn5rasr-bk2wp2uzi', 0, 0, true, false, false, NULL, NULL, NULL, NULL, '2026-01-20 22:33:32.056542+00', '2026-01-20 22:33:32.056542+00', NULL, NULL),
	('b6ec1199-f3a6-4cca-ae90-5e7d55570af7', '3316a0ea-5835-49ec-9adc-51ccb45cd61e', 'a21cd9a4-0986-4e48-9626-2fb4082c258e', NULL, 'completed', '988c96a7-a611-4c7a-bc77-962e916bc23c', '2026-01-17 18:19:33.829916+00', '2026-01-17 18:19:33.829916+00', '2026-01-17 18:19:44.644837+00', '2026-01-17 18:19:33.829916+00', '2026-01-17 18:19:44.644837+00', 'mkfv1oxr-xjie6oq03', 0, 0, false, false, false, NULL, NULL, NULL, NULL, '2026-01-17 18:19:33.829916+00', '2026-01-17 18:19:33.829916+00', NULL, NULL),
	('947ad3ec-67a4-47a3-9625-bd8c22e42c4b', '2a361bf6-e315-4f69-8beb-0d4ac503936e', '29a660f6-1094-4603-afdf-19fbae335c16', NULL, 'completed', '988c96a7-a611-4c7a-bc77-962e916bc23c', '2026-01-18 14:07:37.462157+00', '2026-01-18 14:02:46.489214+00', '2026-01-18 14:07:36.98+00', '2026-01-18 14:02:55.602+00', '2026-01-18 14:07:36.98+00', 'mkjrj4b1-68yymrsph', 0, 0, false, false, false, NULL, NULL, NULL, NULL, '2026-01-18 14:02:46.489214+00', '2026-01-18 14:02:46.489214+00', NULL, NULL),
	('e4cf5b2e-e58c-4463-b51c-33eab47bbc40', '2a361bf6-e315-4f69-8beb-0d4ac503936e', '7ee596d8-9c11-465b-b748-4606fafc0283', '6c40d9aa-c342-4dc6-babe-3c510d0844af', 'completed', '988c96a7-a611-4c7a-bc77-962e916bc23c', '2026-01-15 09:12:08.831243+00', '2026-01-15 09:02:06.93+00', '2026-01-15 09:12:07.452+00', '2026-01-15 09:10:12.379+00', '2026-01-15 09:12:07.452+00', 'mkeny3ro-p5wcz45or', 0, 0, true, false, false, NULL, NULL, NULL, NULL, '2026-01-15 09:02:05.98903+00', '2026-01-15 09:02:05.98903+00', 'cd8c9d01-a73e-4193-b5a2-0fbe57d2eebe', 'b194afbd-bbc3-4673-8187-5b9ac3e2ea35'),
	('fbe697f6-06f0-47d9-8f7d-4d767069ceb3', '2a361bf6-e315-4f69-8beb-0d4ac503936e', '9f4d4c29-ea68-42e8-9c29-2784feed4a30', 'ad317053-f195-4dcf-a5ae-5de2c73e958e', 'completed', '988c96a7-a611-4c7a-bc77-962e916bc23c', '2026-01-16 08:27:30.783618+00', '2026-01-15 21:47:46.858+00', '2026-01-16 08:27:29.963+00', '2026-01-16 05:32:25.022+00', '2026-01-16 08:27:29.963+00', 'mkeny3ro-p5wcz45or', 40480, 0, true, false, false, NULL, NULL, NULL, NULL, '2026-01-15 21:47:43.972617+00', '2026-01-15 21:47:43.972617+00', 'a0efc25a-2c83-4af3-b5a4-f1e5ca5ed534', '716208f4-391a-463e-9228-6b4cc3f714bb'),
	('9cb22c48-7a43-436c-b53d-4776a3d65605', '2a361bf6-e315-4f69-8beb-0d4ac503936e', '7ee596d8-9c11-465b-b748-4606fafc0283', '6c40d9aa-c342-4dc6-babe-3c510d0844af', 'completed', '988c96a7-a611-4c7a-bc77-962e916bc23c', '2026-01-15 11:14:14.054222+00', '2026-01-15 09:34:59.569+00', '2026-01-15 11:14:13.706+00', '2026-01-15 11:09:13.63+00', '2026-01-15 11:14:13.706+00', 'mkeny3ro-p5wcz45or', 100, 0, true, false, false, NULL, NULL, NULL, NULL, '2026-01-15 09:34:58.82284+00', '2026-01-15 09:34:58.82284+00', 'cd8c9d01-a73e-4193-b5a2-0fbe57d2eebe', 'b194afbd-bbc3-4673-8187-5b9ac3e2ea35'),
	('06e2d836-0344-47e7-9d30-4dc254d12662', '3316a0ea-5835-49ec-9adc-51ccb45cd61e', 'b5e16f44-9d4d-48e4-92a7-242e04f3a8e1', 'dcf03d04-d8df-458f-a630-39a1d9edb1aa', 'completed', '988c96a7-a611-4c7a-bc77-962e916bc23c', '2026-01-17 23:38:25.427205+00', '2026-01-17 22:58:01.269+00', '2026-01-17 23:38:25.074+00', '2026-01-17 23:38:22.032+00', NULL, 'mkfv1oxr-xjie6oq03', 0, 0, true, true, false, NULL, NULL, NULL, NULL, '2026-01-17 22:57:58.400548+00', '2026-01-17 22:57:58.400548+00', '08baf2a3-c2c0-4425-a22b-8e2ec7db9438', '0521d520-358e-4f41-8748-279c09eb158d'),
	('e6a73c05-acdc-4c22-ad6d-372838f05421', '3316a0ea-5835-49ec-9adc-51ccb45cd61e', '92e92710-dd6b-4870-9738-50fda2f76b26', NULL, 'completed', '988c96a7-a611-4c7a-bc77-962e916bc23c', '2026-01-18 20:01:35.308621+00', '2026-01-18 19:54:14.025614+00', '2026-01-18 20:01:34.653+00', '2026-01-18 20:01:32.776+00', '2026-01-18 20:01:34.653+00', 'mkgv25c7-4owvop387', 0, 0, false, false, false, NULL, NULL, NULL, NULL, '2026-01-18 19:54:14.025614+00', '2026-01-18 19:54:14.025614+00', NULL, NULL),
	('be60a7b1-0b30-4013-9db9-596d56b85888', '2a361bf6-e315-4f69-8beb-0d4ac503936e', '7ee596d8-9c11-465b-b748-4606fafc0283', '6c40d9aa-c342-4dc6-babe-3c510d0844af', 'completed', '988c96a7-a611-4c7a-bc77-962e916bc23c', '2026-01-15 09:34:50.849784+00', '2026-01-15 09:22:24.94+00', '2026-01-15 09:34:49.432+00', '2026-01-15 09:31:11.247+00', '2026-01-15 09:34:49.432+00', 'mkeny3ro-p5wcz45or', 0, 0, true, false, false, NULL, NULL, NULL, NULL, '2026-01-15 09:22:24.247272+00', '2026-01-15 09:22:24.247272+00', 'cd8c9d01-a73e-4193-b5a2-0fbe57d2eebe', 'b194afbd-bbc3-4673-8187-5b9ac3e2ea35'),
	('02f84917-614b-481e-94cd-339cce732457', '3316a0ea-5835-49ec-9adc-51ccb45cd61e', '92e92710-dd6b-4870-9738-50fda2f76b26', NULL, 'completed', '988c96a7-a611-4c7a-bc77-962e916bc23c', '2026-01-18 19:21:41.685866+00', '2026-01-18 18:35:14.872023+00', '2026-01-18 19:21:40.829+00', '2026-01-18 19:16:39.994+00', '2026-01-18 19:21:40.829+00', 'mkgv25c7-4owvop387', 0, 0, false, false, false, NULL, NULL, NULL, NULL, '2026-01-18 18:35:14.872023+00', '2026-01-18 18:35:14.872023+00', NULL, NULL),
	('6ceb0f39-6345-478d-b035-da319aae36bd', '2a361bf6-e315-4f69-8beb-0d4ac503936e', '963edd40-7139-479e-b11f-4223187b76eb', NULL, 'completed', '31b6bec2-2700-42c7-881a-e675ba87fb23', '2026-01-16 14:58:38.754+00', '2026-01-16 12:13:53.685+00', '2026-01-16 14:58:38.754+00', '2026-01-16 14:53:35.887+00', '2026-01-16 14:58:38.754+00', 'mkgm87vl-0n4whosem', 60371, 0, true, false, false, NULL, NULL, NULL, NULL, '2026-01-16 12:13:50.31695+00', '2026-01-16 12:13:50.31695+00', NULL, NULL),
	('e4e0c816-f280-4819-ae4b-e63519de71d2', '2a361bf6-e315-4f69-8beb-0d4ac503936e', 'a21cd9a4-0986-4e48-9626-2fb4082c258e', NULL, 'completed', '988c96a7-a611-4c7a-bc77-962e916bc23c', '2026-01-16 12:13:27.326342+00', '2026-01-16 08:28:39.656992+00', '2026-01-16 12:13:26.908+00', '2026-01-16 08:28:39.656992+00', '2026-01-16 12:13:26.908+00', 'mkgm87vl-0n4whosem', 0, 0, false, false, false, NULL, NULL, NULL, NULL, '2026-01-16 08:28:39.656992+00', '2026-01-16 08:28:39.656992+00', NULL, NULL),
	('a0bb60c8-2865-44ae-a5d8-80bc6d65313e', '3316a0ea-5835-49ec-9adc-51ccb45cd61e', '7ee596d8-9c11-465b-b748-4606fafc0283', '6c40d9aa-c342-4dc6-babe-3c510d0844af', 'completed', '988c96a7-a611-4c7a-bc77-962e916bc23c', '2026-01-16 12:09:35.155474+00', '2026-01-15 21:50:20.343+00', '2026-01-16 12:09:34.747+00', '2026-01-16 08:29:38.019+00', '2026-01-16 12:09:34.747+00', 'mkfv1oxr-xjie6oq03', 69310, 0, true, false, false, NULL, NULL, NULL, NULL, '2026-01-15 21:50:18.41203+00', '2026-01-15 21:50:18.41203+00', 'cd8c9d01-a73e-4193-b5a2-0fbe57d2eebe', 'b194afbd-bbc3-4673-8187-5b9ac3e2ea35'),
	('ff8249e2-473d-45d7-9405-9e54e4c3aac2', '2a361bf6-e315-4f69-8beb-0d4ac503936e', '7ee596d8-9c11-465b-b748-4606fafc0283', 'a248f289-0803-4aff-b26e-50e839b16142', 'completed', '988c96a7-a611-4c7a-bc77-962e916bc23c', '2026-01-21 14:07:53.978473+00', '2026-01-21 14:00:22.903+00', '2026-01-21 14:07:53.564+00', '2026-01-21 14:07:52.164+00', '2026-01-21 14:07:53.564+00', 'mkn5rasr-bk2wp2uzi', 0, 0, true, false, false, NULL, NULL, NULL, NULL, '2026-01-21 14:00:17.372625+00', '2026-01-21 14:00:17.372625+00', 'c9d6e4e6-f977-4277-8c6c-427f269f4599', '6e101f93-a744-407e-8cc6-7f062064a153'),
	('e245a463-b719-4271-b43b-c7914cb54c23', '3316a0ea-5835-49ec-9adc-51ccb45cd61e', '7ee596d8-9c11-465b-b748-4606fafc0283', NULL, 'completed', '988c96a7-a611-4c7a-bc77-962e916bc23c', '2026-01-16 12:12:26.859735+00', '2026-01-16 12:12:26.859735+00', '2026-01-16 12:12:38.181564+00', '2026-01-16 12:12:26.859735+00', '2026-01-16 12:12:38.181564+00', 'mkfv1oxr-xjie6oq03', 0, 0, false, false, false, NULL, NULL, NULL, NULL, '2026-01-16 12:12:26.859735+00', '2026-01-16 12:12:26.859735+00', NULL, NULL),
	('dea62f10-ef57-432a-9b53-fd08d73cb39a', '2a361bf6-e315-4f69-8beb-0d4ac503936e', '963edd40-7139-479e-b11f-4223187b76eb', '6c40d9aa-c342-4dc6-babe-3c510d0844af', 'completed', '988c96a7-a611-4c7a-bc77-962e916bc23c', '2026-01-15 08:48:49.030099+00', '2026-01-14 23:46:09.841+00', '2026-01-15 08:48:47.675+00', '2026-01-15 01:22:50.81+00', '2026-01-15 08:48:47.675+00', 'mkeny3ro-p5wcz45or', 200, 0, true, false, false, NULL, NULL, NULL, NULL, '2026-01-14 23:46:07.167003+00', '2026-01-14 23:46:07.167003+00', '4b0e7964-b073-47b4-a292-963e17628283', '9b53fff0-f7ec-4832-b2e0-435a399a132d'),
	('a744227e-8e43-4d64-b1fe-a7602b86224a', '3316a0ea-5835-49ec-9adc-51ccb45cd61e', '92e92710-dd6b-4870-9738-50fda2f76b26', NULL, 'completed', '988c96a7-a611-4c7a-bc77-962e916bc23c', '2026-01-18 20:07:49.98424+00', '2026-01-18 20:01:37.357576+00', '2026-01-18 20:07:49.325+00', '2026-01-18 20:01:37.357576+00', '2026-01-18 20:07:49.325+00', 'mkgv25c7-4owvop387', 0, 0, false, false, false, NULL, NULL, NULL, NULL, '2026-01-18 20:01:37.357576+00', '2026-01-18 20:01:37.357576+00', NULL, NULL),
	('338fb66d-eaf6-4398-8e31-1da41112085b', '3316a0ea-5835-49ec-9adc-51ccb45cd61e', '9f4d4c29-ea68-42e8-9c29-2784feed4a30', '6c40d9aa-c342-4dc6-babe-3c510d0844af', 'completed', '988c96a7-a611-4c7a-bc77-962e916bc23c', '2026-01-15 20:42:23.674321+00', '2026-01-15 19:46:58.575+00', '2026-01-15 20:42:23.048+00', '2026-01-15 20:34:35.735+00', '2026-01-15 20:42:23.048+00', 'mkfv1oxr-xjie6oq03', 600, 300, true, false, true, NULL, NULL, NULL, NULL, '2026-01-15 19:46:55.76576+00', '2026-01-15 19:46:55.76576+00', '84022274-459b-4db8-a631-9edc6c07eecd', '72a9fe11-d66e-48e0-b9a9-53aaa2f1256e'),
	('d82fae81-cb8a-4aaf-b22d-5490672be61f', '3316a0ea-5835-49ec-9adc-51ccb45cd61e', '7ee596d8-9c11-465b-b748-4606fafc0283', 'ad317053-f195-4dcf-a5ae-5de2c73e958e', 'completed', '988c96a7-a611-4c7a-bc77-962e916bc23c', '2026-01-18 14:48:42.892025+00', '2026-01-18 14:26:04.285221+00', '2026-01-18 14:48:42.382+00', '2026-01-18 14:48:32.781+00', '2026-01-18 14:48:42.382+00', 'mkgv25c7-4owvop387', 0, 0, false, false, false, NULL, NULL, NULL, NULL, '2026-01-18 14:26:04.285221+00', '2026-01-18 14:26:04.285221+00', '070a7ea5-da46-4989-8773-a4ee18a41126', '3d75df6c-ec7c-4fa5-8183-8fe3f4075fdf'),
	('c6ebb3e0-1892-4831-90e2-8e70c89655b0', '2a361bf6-e315-4f69-8beb-0d4ac503936e', '7ee596d8-9c11-465b-b748-4606fafc0283', NULL, 'completed', '988c96a7-a611-4c7a-bc77-962e916bc23c', '2026-01-20 22:20:50.241767+00', '2026-01-20 21:49:18.632+00', '2026-01-20 22:20:49.79+00', '2026-01-20 22:00:35.839+00', '2026-01-20 22:20:49.79+00', 'mkn4mjtv-qf6tgmaes', 0, 0, true, false, false, NULL, NULL, NULL, NULL, '2026-01-20 21:49:15.888978+00', '2026-01-20 21:49:15.888978+00', NULL, NULL),
	('eb4a49b5-1fa7-439b-8c0c-e942c80f3018', '2a361bf6-e315-4f69-8beb-0d4ac503936e', '7ee596d8-9c11-465b-b748-4606fafc0283', '6c40d9aa-c342-4dc6-babe-3c510d0844af', 'completed', '988c96a7-a611-4c7a-bc77-962e916bc23c', '2026-01-15 09:19:03.005522+00', '2026-01-15 09:12:17.714+00', '2026-01-15 09:19:01.628+00', '2026-01-15 09:18:41.355+00', '2026-01-15 09:19:01.628+00', 'mkeny3ro-p5wcz45or', 5000, 0, true, false, false, NULL, NULL, NULL, NULL, '2026-01-15 09:12:15.288768+00', '2026-01-15 09:12:15.288768+00', '84022274-459b-4db8-a631-9edc6c07eecd', '2f3e3060-719f-430d-b9c4-114dd4936b72'),
	('09d9b88d-0f9c-4730-9ce8-d1601cdd5def', '3316a0ea-5835-49ec-9adc-51ccb45cd61e', '7ee596d8-9c11-465b-b748-4606fafc0283', '3410d8f8-afc8-4cd3-8832-8f346bbcd4ce', 'completed', '31b6bec2-2700-42c7-881a-e675ba87fb23', '2026-01-16 14:58:38.754+00', '2026-01-16 12:12:39.685+00', '2026-01-16 14:58:38.754+00', '2026-01-16 14:53:36.294+00', '2026-01-16 14:58:38.754+00', 'mkfv1oxr-xjie6oq03', 132000, 149, true, false, true, NULL, NULL, NULL, NULL, '2026-01-16 12:12:38.181564+00', '2026-01-16 12:12:38.181564+00', '7e6971a8-4783-4a37-b7e7-84bd9dff7494', 'e6a51633-1e30-4e58-a32e-e3385f978082'),
	('3fe3e04d-a047-4ecd-9aac-9e5e453bbd77', '2a361bf6-e315-4f69-8beb-0d4ac503936e', '7ee596d8-9c11-465b-b748-4606fafc0283', '6c40d9aa-c342-4dc6-babe-3c510d0844af', 'completed', '988c96a7-a611-4c7a-bc77-962e916bc23c', '2026-01-14 23:40:04.299073+00', '2026-01-14 19:13:59.786+00', '2026-01-14 23:40:03.842+00', '2026-01-14 23:01:21.713+00', '2026-01-14 23:40:03.842+00', 'mkecvsdw-do4p6tdyc', 49206, 3, true, false, false, NULL, NULL, NULL, NULL, '2026-01-14 19:13:53.940104+00', '2026-01-14 19:13:53.940104+00', 'cd8c9d01-a73e-4193-b5a2-0fbe57d2eebe', 'b194afbd-bbc3-4673-8187-5b9ac3e2ea35'),
	('87ad9272-a24a-407c-8361-cf1aeb42a5a2', '3316a0ea-5835-49ec-9adc-51ccb45cd61e', '7ee596d8-9c11-465b-b748-4606fafc0283', NULL, 'completed', '988c96a7-a611-4c7a-bc77-962e916bc23c', '2026-01-18 10:03:09.364135+00', '2026-01-18 09:44:16.788+00', '2026-01-18 10:03:08.792+00', '2026-01-18 09:50:25.993+00', '2026-01-18 10:03:08.792+00', 'mkfv1oxr-xjie6oq03', 0, 0, true, false, false, NULL, NULL, NULL, NULL, '2026-01-18 09:44:14.348941+00', '2026-01-18 09:44:14.348941+00', NULL, NULL),
	('7e4bf546-64c0-42e0-bd54-538b4c2a2f7a', '2a361bf6-e315-4f69-8beb-0d4ac503936e', '7ee596d8-9c11-465b-b748-4606fafc0283', 'a248f289-0803-4aff-b26e-50e839b16142', 'completed', '31b6bec2-2700-42c7-881a-e675ba87fb23', '2026-01-21 14:40:28.671+00', '2026-01-21 14:28:54.766+00', '2026-01-21 14:40:28.671+00', '2026-01-21 14:34:31.31+00', '2026-01-21 14:40:28.671+00', 'mko4bz17-7vu37wyhs', 0, 0, true, false, false, NULL, NULL, NULL, NULL, '2026-01-21 14:28:49.920273+00', '2026-01-21 14:28:49.920273+00', 'c9d6e4e6-f977-4277-8c6c-427f269f4599', '6e101f93-a744-407e-8cc6-7f062064a153'),
	('b5047e23-1832-4ed4-81dc-e455e53a1f76', '2a361bf6-e315-4f69-8beb-0d4ac503936e', '9f4d4c29-ea68-42e8-9c29-2784feed4a30', '6c40d9aa-c342-4dc6-babe-3c510d0844af', 'completed', '31b6bec2-2700-42c7-881a-e675ba87fb23', '2026-01-17 14:12:34.72+00', '2026-01-17 13:53:46.433+00', '2026-01-17 14:12:34.72+00', '2026-01-17 14:07:33.912+00', '2026-01-17 14:12:34.72+00', 'mkgm87vl-0n4whosem', 59300, 10, true, false, true, NULL, NULL, NULL, NULL, '2026-01-17 13:53:44.876837+00', '2026-01-17 13:53:44.876837+00', '4b0e7964-b073-47b4-a292-963e17628283', '2296d8bf-eadf-41ad-b28b-b16fde7bbbb3'),
	('6fec17a4-fb0e-44ad-a6c4-af318f6b3771', '3316a0ea-5835-49ec-9adc-51ccb45cd61e', '9f4d4c29-ea68-42e8-9c29-2784feed4a30', '6c40d9aa-c342-4dc6-babe-3c510d0844af', 'completed', '988c96a7-a611-4c7a-bc77-962e916bc23c', '2026-01-15 21:47:36.886507+00', '2026-01-15 20:42:39.718+00', '2026-01-15 21:47:36.27+00', '2026-01-15 20:55:02.212+00', '2026-01-15 21:47:36.27+00', 'mkfv1oxr-xjie6oq03', 100, 0, true, false, false, NULL, NULL, NULL, NULL, '2026-01-15 20:42:34.403007+00', '2026-01-15 20:42:34.403007+00', '84022274-459b-4db8-a631-9edc6c07eecd', '72a9fe11-d66e-48e0-b9a9-53aaa2f1256e'),
	('6f96cb9d-cff7-4f75-b6f2-851a14f6486c', '2a361bf6-e315-4f69-8beb-0d4ac503936e', '7ee596d8-9c11-465b-b748-4606fafc0283', '6c40d9aa-c342-4dc6-babe-3c510d0844af', 'completed', '988c96a7-a611-4c7a-bc77-962e916bc23c', '2026-01-15 21:47:37.163073+00', '2026-01-15 19:45:45.195+00', '2026-01-15 21:47:36.538+00', '2026-01-15 20:55:02.075+00', '2026-01-15 21:47:36.538+00', 'mkeny3ro-p5wcz45or', 2500, 300, true, false, true, NULL, NULL, NULL, NULL, '2026-01-15 19:45:42.183254+00', '2026-01-15 19:45:42.183254+00', '84022274-459b-4db8-a631-9edc6c07eecd', '2f3e3060-719f-430d-b9c4-114dd4936b72'),
	('1b446bdf-b85e-4b92-b7b2-c0dbf614e2a9', '3316a0ea-5835-49ec-9adc-51ccb45cd61e', '7ee596d8-9c11-465b-b748-4606fafc0283', '3410d8f8-afc8-4cd3-8832-8f346bbcd4ce', 'completed', '988c96a7-a611-4c7a-bc77-962e916bc23c', '2026-01-18 20:09:46.042482+00', '2026-01-18 20:08:44.592+00', '2026-01-18 20:09:45.434+00', '2026-01-18 20:09:41.86+00', '2026-01-18 20:09:45.434+00', 'mkgv25c7-4owvop387', 0, 0, true, false, false, NULL, NULL, NULL, NULL, '2026-01-18 20:07:54.385398+00', '2026-01-18 20:07:54.385398+00', '7e6971a8-4783-4a37-b7e7-84bd9dff7494', 'e6a51633-1e30-4e58-a32e-e3385f978082'),
	('a158e6a4-2e50-44c2-921b-0bad6a7de06f', 'b6467fb9-66f8-4014-b29b-725a15096b93', 'b5e16f44-9d4d-48e4-92a7-242e04f3a8e1', NULL, 'completed', '31b6bec2-2700-42c7-881a-e675ba87fb23', '2026-01-09 13:09:25.661+00', '2026-01-08 21:59:51.799878+00', '2026-01-09 13:09:25.661+00', '2026-01-08 21:59:51.799878+00', '2026-01-09 13:09:25.661+00', NULL, 10, 0, false, false, false, NULL, NULL, NULL, NULL, '2026-01-08 21:59:51.799878+00', '2026-01-08 21:59:51.799878+00', NULL, NULL),
	('483890e2-6bab-48c4-8551-e0d92f470256', '3316a0ea-5835-49ec-9adc-51ccb45cd61e', 'b5e16f44-9d4d-48e4-92a7-242e04f3a8e1', NULL, 'completed', '988c96a7-a611-4c7a-bc77-962e916bc23c', '2026-01-13 16:27:47.649916+00', '2026-01-13 15:51:59.726+00', '2026-01-13 16:27:47.164+00', '2026-01-13 16:27:39.188+00', '2026-01-13 16:27:47.164+00', 'mkcrc2xz-8ergagvra', 48, 0, true, false, false, NULL, NULL, NULL, NULL, '2026-01-13 15:51:56.280521+00', '2026-01-13 15:51:56.280521+00', NULL, NULL),
	('d44e0c04-a1d6-48c7-9319-b622c556453f', '2a361bf6-e315-4f69-8beb-0d4ac503936e', '963edd40-7139-479e-b11f-4223187b76eb', NULL, 'completed', '31b6bec2-2700-42c7-881a-e675ba87fb23', '2026-01-17 18:33:25.56+00', '2026-01-17 16:23:41.558+00', '2026-01-17 18:33:25.56+00', '2026-01-17 18:19:28.937+00', '2026-01-17 18:33:25.56+00', 'mkgm87vl-0n4whosem', 205, 0, true, false, false, NULL, NULL, NULL, NULL, '2026-01-17 16:23:38.926421+00', '2026-01-17 16:23:38.926421+00', NULL, NULL),
	('777d2def-caf0-4ed7-a804-868c69c13f4b', 'b6467fb9-66f8-4014-b29b-725a15096b93', '963edd40-7139-479e-b11f-4223187b76eb', NULL, 'completed', '31b6bec2-2700-42c7-881a-e675ba87fb23', '2026-01-09 13:09:25.661+00', '2026-01-08 22:00:18.365959+00', '2026-01-09 13:09:25.661+00', '2026-01-08 22:00:18.365959+00', '2026-01-09 13:09:25.661+00', NULL, 5, 0, false, false, false, NULL, NULL, NULL, NULL, '2026-01-08 22:00:18.365959+00', '2026-01-08 22:00:18.365959+00', NULL, NULL),
	('68163238-c50b-4a09-8a72-fd4a2f1c1a2b', 'b6467fb9-66f8-4014-b29b-725a15096b93', '9f4d4c29-ea68-42e8-9c29-2784feed4a30', NULL, 'completed', '31b6bec2-2700-42c7-881a-e675ba87fb23', '2026-01-09 13:09:25.661+00', '2026-01-08 22:00:44.282022+00', '2026-01-09 13:09:25.661+00', '2026-01-08 22:00:44.282022+00', '2026-01-09 13:09:25.661+00', NULL, 3, 0, false, false, false, NULL, NULL, NULL, NULL, '2026-01-08 22:00:44.282022+00', '2026-01-08 22:00:44.282022+00', NULL, NULL),
	('e482f4d5-4fbf-41bd-bff5-f15d7cbb9085', '2a361bf6-e315-4f69-8beb-0d4ac503936e', '9f4d4c29-ea68-42e8-9c29-2784feed4a30', NULL, 'completed', '988c96a7-a611-4c7a-bc77-962e916bc23c', '2026-01-14 23:43:08.484992+00', '2026-01-14 23:40:50.784+00', '2026-01-14 23:43:08.064+00', '2026-01-14 23:43:04.18+00', NULL, 'mkeny3ro-p5wcz45or', 100, 0, true, true, false, NULL, NULL, NULL, NULL, '2026-01-14 23:40:47.325359+00', '2026-01-14 23:40:47.325359+00', NULL, NULL),
	('448701da-e8bb-48e1-b7a2-42d49b1f9b29', '2a361bf6-e315-4f69-8beb-0d4ac503936e', '29a660f6-1094-4603-afdf-19fbae335c16', NULL, 'completed', '988c96a7-a611-4c7a-bc77-962e916bc23c', '2026-01-18 14:01:23.334344+00', '2026-01-18 13:58:03.907+00', '2026-01-18 14:01:22.817+00', '2026-01-18 14:01:18.425+00', '2026-01-18 14:01:22.817+00', 'mkjrj4b1-68yymrsph', 0, 0, true, false, false, NULL, NULL, NULL, NULL, '2026-01-18 13:57:58.163106+00', '2026-01-18 13:57:58.163106+00', NULL, NULL),
	('59139cb2-177c-42bb-bc2d-e3bfcbc650b3', '2a361bf6-e315-4f69-8beb-0d4ac503936e', '29a660f6-1094-4603-afdf-19fbae335c16', NULL, 'completed', '988c96a7-a611-4c7a-bc77-962e916bc23c', '2026-01-18 13:33:41.061337+00', '2026-01-18 13:24:29.431+00', '2026-01-18 13:33:40.614+00', '2026-01-18 13:26:35.554+00', NULL, 'mkjrj4b1-68yymrsph', 0, 0, true, true, false, NULL, NULL, NULL, NULL, '2026-01-18 13:24:07.046866+00', '2026-01-18 13:24:07.046866+00', NULL, NULL),
	('c538ea35-84fe-40d7-9709-db62cd8b60e6', '2a361bf6-e315-4f69-8beb-0d4ac503936e', '92e92710-dd6b-4870-9738-50fda2f76b26', NULL, 'completed', '988c96a7-a611-4c7a-bc77-962e916bc23c', '2026-01-14 23:45:50.065654+00', '2026-01-14 23:44:06.679605+00', '2026-01-14 23:45:49.633+00', '2026-01-14 23:44:06.679605+00', '2026-01-14 23:45:49.633+00', 'mkeny3ro-p5wcz45or', 0, 0, false, false, false, NULL, NULL, NULL, NULL, '2026-01-14 23:44:06.679605+00', '2026-01-14 23:44:06.679605+00', NULL, NULL),
	('8e3a0f48-bae3-4d0b-9661-9011edd46839', '2a361bf6-e315-4f69-8beb-0d4ac503936e', 'b5e16f44-9d4d-48e4-92a7-242e04f3a8e1', NULL, 'completed', '988c96a7-a611-4c7a-bc77-962e916bc23c', '2026-01-09 15:16:48.55631+00', '2026-01-09 15:15:11.027+00', '2026-01-09 15:16:47.845+00', '2026-01-09 15:15:11.548019+00', '2026-01-09 15:16:47.845+00', 'mk70p38s-5shz0b2sq', 0, 0, false, false, false, NULL, NULL, NULL, NULL, '2026-01-09 15:15:11.548019+00', '2026-01-09 15:15:11.548019+00', NULL, NULL),
	('0da5420d-60d8-4c53-90cd-7bf780084083', '2a361bf6-e315-4f69-8beb-0d4ac503936e', 'b5e16f44-9d4d-48e4-92a7-242e04f3a8e1', NULL, 'completed', '988c96a7-a611-4c7a-bc77-962e916bc23c', '2026-01-09 15:45:03.403041+00', '2026-01-09 15:32:42.29+00', '2026-01-09 15:45:02.621+00', '2026-01-09 15:44:47.872+00', '2026-01-09 15:45:02.621+00', 'mk70p38s-5shz0b2sq', 22, 0, false, false, false, NULL, NULL, NULL, NULL, '2026-01-09 15:32:42.826149+00', '2026-01-09 15:32:42.826149+00', NULL, NULL),
	('da2d4142-9374-493a-a656-fe5cc261a4b3', '3316a0ea-5835-49ec-9adc-51ccb45cd61e', '963edd40-7139-479e-b11f-4223187b76eb', NULL, 'completed', '988c96a7-a611-4c7a-bc77-962e916bc23c', '2026-01-17 20:41:24.775604+00', '2026-01-17 19:47:19.156+00', '2026-01-17 20:41:24.173+00', '2026-01-17 20:32:48.012+00', '2026-01-17 20:41:24.173+00', 'mkfv1oxr-xjie6oq03', 32495, 0, true, false, false, NULL, NULL, NULL, NULL, '2026-01-17 19:47:09.850494+00', '2026-01-17 19:47:09.850494+00', NULL, NULL),
	('78eb9401-d159-411f-9f05-97a299e2497c', '2a361bf6-e315-4f69-8beb-0d4ac503936e', '963edd40-7139-479e-b11f-4223187b76eb', NULL, 'completed', '988c96a7-a611-4c7a-bc77-962e916bc23c', '2026-01-09 14:23:46.976187+00', '2026-01-09 14:23:09.057+00', '2026-01-09 14:23:46.1+00', '2026-01-09 14:23:09.547302+00', '2026-01-09 14:23:46.1+00', 'mk6y695l-fi243bait', 0, 0, false, false, false, NULL, NULL, NULL, NULL, '2026-01-09 14:23:09.547302+00', '2026-01-09 14:23:09.547302+00', NULL, NULL),
	('2ff78124-32f8-4d66-a5f8-ffd3c1192849', '2a361bf6-e315-4f69-8beb-0d4ac503936e', '963edd40-7139-479e-b11f-4223187b76eb', NULL, 'completed', '988c96a7-a611-4c7a-bc77-962e916bc23c', '2026-01-09 14:25:15.497184+00', '2026-01-09 14:23:47.086+00', '2026-01-09 14:25:14.642+00', '2026-01-09 14:23:47.58158+00', '2026-01-09 14:25:14.642+00', 'mk6y695l-fi243bait', 0, 0, false, false, false, NULL, NULL, NULL, NULL, '2026-01-09 14:23:47.58158+00', '2026-01-09 14:23:47.58158+00', NULL, NULL),
	('898aff74-d41e-46e4-92fb-0d49ada6a078', '2a361bf6-e315-4f69-8beb-0d4ac503936e', '963edd40-7139-479e-b11f-4223187b76eb', NULL, 'completed', '31b6bec2-2700-42c7-881a-e675ba87fb23', '2026-01-09 14:49:05.876+00', '2026-01-09 14:25:19.512+00', '2026-01-09 14:49:05.876+00', '2026-01-09 14:30:46.862+00', '2026-01-09 14:49:05.876+00', 'mk6y695l-fi243bait', 40, 0, true, false, false, NULL, NULL, NULL, NULL, '2026-01-09 14:25:16.06181+00', '2026-01-09 14:25:16.06181+00', NULL, NULL),
	('a0eb6bde-5968-44ec-804c-dc786962900e', '2a361bf6-e315-4f69-8beb-0d4ac503936e', '963edd40-7139-479e-b11f-4223187b76eb', NULL, 'completed', '988c96a7-a611-4c7a-bc77-962e916bc23c', '2026-01-10 15:39:17.013671+00', '2026-01-10 15:31:47.21+00', '2026-01-10 15:39:16.187+00', '2026-01-10 15:37:22.474+00', '2026-01-10 15:39:16.187+00', 'mk8f7ngf-64372a3vp', 0, 0, true, false, false, NULL, NULL, NULL, NULL, '2026-01-10 15:31:41.44749+00', '2026-01-10 15:31:41.44749+00', NULL, NULL),
	('30b311b1-4920-434b-a914-fdb0bb03ffb3', '2a361bf6-e315-4f69-8beb-0d4ac503936e', '963edd40-7139-479e-b11f-4223187b76eb', NULL, 'completed', '988c96a7-a611-4c7a-bc77-962e916bc23c', '2026-01-09 16:20:01.908234+00', '2026-01-09 15:45:21.046+00', '2026-01-09 16:20:01.134+00', '2026-01-09 16:10:19.49+00', '2026-01-09 16:20:01.134+00', 'mk70p38s-5shz0b2sq', 3, 0, true, false, false, NULL, NULL, NULL, NULL, '2026-01-09 15:45:17.822227+00', '2026-01-09 15:45:17.822227+00', NULL, NULL),
	('2a13e142-89fb-4d74-a9b9-560694bcc4a1', '2a361bf6-e315-4f69-8beb-0d4ac503936e', '963edd40-7139-479e-b11f-4223187b76eb', NULL, 'completed', '31b6bec2-2700-42c7-881a-e675ba87fb23', '2026-01-10 14:46:31.34+00', '2026-01-09 16:23:09.759+00', '2026-01-10 14:46:31.34+00', '2026-01-09 16:26:56.475+00', '2026-01-10 14:46:31.34+00', 'mk7310gc-i5pfoxkdc', 0, 11, true, false, false, NULL, NULL, NULL, NULL, '2026-01-09 16:23:06.944225+00', '2026-01-09 16:23:06.944225+00', NULL, NULL),
	('4cc95beb-adfd-4422-8d8a-7e670146afbf', '2a361bf6-e315-4f69-8beb-0d4ac503936e', '963edd40-7139-479e-b11f-4223187b76eb', NULL, 'completed', '988c96a7-a611-4c7a-bc77-962e916bc23c', '2026-01-10 15:30:39.217371+00', '2026-01-10 14:49:22.812+00', '2026-01-10 15:30:38.305+00', '2026-01-10 15:30:32.767+00', '2026-01-10 15:30:38.305+00', 'mk8f7ngf-64372a3vp', 0, 2, true, false, false, NULL, NULL, NULL, NULL, '2026-01-10 14:49:19.620455+00', '2026-01-10 14:49:19.620455+00', NULL, NULL),
	('6df0d1b6-80c8-4e95-bd1d-3d0d472ff478', '2a361bf6-e315-4f69-8beb-0d4ac503936e', '963edd40-7139-479e-b11f-4223187b76eb', NULL, 'completed', '988c96a7-a611-4c7a-bc77-962e916bc23c', '2026-01-10 15:31:21.057587+00', '2026-01-10 15:30:43.116+00', '2026-01-10 15:31:20.394+00', '2026-01-10 15:31:09.926+00', '2026-01-10 15:31:20.394+00', 'mk8f7ngf-64372a3vp', 10, 0, true, false, false, NULL, NULL, NULL, NULL, '2026-01-10 15:30:39.802249+00', '2026-01-10 15:30:39.802249+00', NULL, NULL),
	('b1814d4d-3e34-4b29-a41a-efbbaedf6107', '2a361bf6-e315-4f69-8beb-0d4ac503936e', '7ee596d8-9c11-465b-b748-4606fafc0283', 'f695c525-eb82-4cd1-a8cf-b5ec958a0efe', 'completed', '988c96a7-a611-4c7a-bc77-962e916bc23c', '2026-01-21 15:39:18.828544+00', '2026-01-21 15:15:50.775+00', '2026-01-21 15:39:18.37+00', '2026-01-21 15:38:38.812+00', '2026-01-21 15:39:18.37+00', 'mkn5rasr-bk2wp2uzi', 0, 0, true, false, false, NULL, NULL, NULL, NULL, '2026-01-21 15:15:43.371521+00', '2026-01-21 15:15:43.371521+00', '55b91c21-3f85-48a2-a08f-9ed7d607bc6b', 'b999238c-a8a8-4d60-acc0-65dd6ea7aa7e'),
	('1bdd3e27-514f-49a6-bc2b-b24cf375021d', '2a361bf6-e315-4f69-8beb-0d4ac503936e', '963edd40-7139-479e-b11f-4223187b76eb', NULL, 'completed', '988c96a7-a611-4c7a-bc77-962e916bc23c', '2026-01-09 16:22:56.05624+00', '2026-01-09 16:20:16.619+00', '2026-01-09 16:22:55.287+00', '2026-01-09 16:20:46.977+00', '2026-01-09 16:22:55.287+00', 'mk7310gc-i5pfoxkdc', 3, 0, true, false, false, NULL, NULL, NULL, NULL, '2026-01-09 16:20:13.702405+00', '2026-01-09 16:20:13.702405+00', NULL, NULL),
	('310f0e8a-5f85-48a0-9aee-01912d0810a8', '2a361bf6-e315-4f69-8beb-0d4ac503936e', '9f4d4c29-ea68-42e8-9c29-2784feed4a30', NULL, 'completed', '988c96a7-a611-4c7a-bc77-962e916bc23c', '2026-01-09 15:32:29.771913+00', '2026-01-09 15:17:02.992+00', '2026-01-09 15:32:29.057+00', '2026-01-09 15:31:37.838+00', NULL, 'mk70p38s-5shz0b2sq', 23, 0, true, true, false, NULL, NULL, NULL, NULL, '2026-01-09 15:17:01.15738+00', '2026-01-09 15:17:01.15738+00', NULL, NULL),
	('32207b0b-8aa4-4550-968c-29b9b7890ab4', '3316a0ea-5835-49ec-9adc-51ccb45cd61e', '9f4d4c29-ea68-42e8-9c29-2784feed4a30', NULL, 'completed', '988c96a7-a611-4c7a-bc77-962e916bc23c', '2026-01-17 19:45:54.513696+00', '2026-01-17 18:19:50.828+00', '2026-01-17 19:45:51.863+00', '2026-01-17 19:40:47.985+00', '2026-01-17 19:45:51.863+00', 'mkfv1oxr-xjie6oq03', 70110, 10, true, false, true, NULL, NULL, NULL, NULL, '2026-01-17 18:19:44.644837+00', '2026-01-17 18:19:44.644837+00', NULL, NULL),
	('5342b579-29e2-48de-96d3-9aae1106edba', '9e6b7c92-c70b-4acb-95b9-b5e52d8f1471', '9f4d4c29-ea68-42e8-9c29-2784feed4a30', NULL, 'completed', '31b6bec2-2700-42c7-881a-e675ba87fb23', '2026-01-09 14:49:05.876+00', '2026-01-09 14:29:05.515+00', '2026-01-09 14:49:05.876+00', '2026-01-09 14:30:54.969+00', '2026-01-09 14:49:05.876+00', 'mk6y695l-fi243bait', 30, 0, false, false, false, NULL, NULL, NULL, NULL, '2026-01-09 14:29:06.01828+00', '2026-01-09 14:29:06.01828+00', NULL, NULL),
	('dd35d8f9-0972-4369-91f3-e73ceb65055a', '2a361bf6-e315-4f69-8beb-0d4ac503936e', 'cdc81757-e03e-450f-b170-f29ef7d546a9', NULL, 'completed', '988c96a7-a611-4c7a-bc77-962e916bc23c', '2026-01-15 09:01:32.764895+00', '2026-01-15 08:58:58.581031+00', '2026-01-15 09:01:31.397+00', '2026-01-15 08:58:58.581031+00', '2026-01-15 09:01:31.397+00', 'mkeny3ro-p5wcz45or', 0, 0, false, false, false, NULL, NULL, NULL, NULL, '2026-01-15 08:58:58.581031+00', '2026-01-15 08:58:58.581031+00', NULL, NULL);


--
-- Data for Name: status_events; Type: TABLE DATA; Schema: public; Owner: postgres
--

INSERT INTO "public"."status_events" ("id", "session_id", "status_definition_id", "station_reason_id", "note", "image_url", "report_id", "started_at", "ended_at", "created_at", "quantity_good", "quantity_scrap", "job_item_id", "job_item_step_id") VALUES
	('b5372e91-e5f9-462c-96ec-22f6b69446bd', '09d9b88d-0f9c-4730-9ce8-d1601cdd5def', '988c96a7-a611-4c7a-bc77-962e916bc23c', NULL, NULL, NULL, NULL, '2026-01-16 13:54:03.527901+00', '2026-01-16 13:54:43.129315+00', '2026-01-16 13:54:03.527901+00', 0, 0, NULL, NULL),
	('c2dbcd01-cb2d-4219-9795-26e2061d0e71', '09d9b88d-0f9c-4730-9ce8-d1601cdd5def', '988c96a7-a611-4c7a-bc77-962e916bc23c', NULL, NULL, NULL, NULL, '2026-01-16 13:56:23.756462+00', '2026-01-16 14:32:09.153904+00', '2026-01-16 13:56:23.756462+00', 0, 0, NULL, NULL),
	('5dfabf5f-a298-4894-9d29-5d375641bd0a', '4d85f1bf-0aae-4745-a2d3-53ff75d440d2', '988c96a7-a611-4c7a-bc77-962e916bc23c', NULL, NULL, NULL, NULL, '2026-01-17 13:47:49.524137+00', '2026-01-17 13:48:15.653187+00', '2026-01-17 13:47:49.524137+00', 0, 0, NULL, NULL),
	('4eb0283a-d21b-453a-bd53-cf9e4d415b60', '4d85f1bf-0aae-4745-a2d3-53ff75d440d2', 'aaaee715-fe2c-4612-ae07-2d801dbeab5b', NULL, NULL, NULL, NULL, '2026-01-17 13:48:15.653187+00', '2026-01-17 13:51:24.68878+00', '2026-01-17 13:48:15.653187+00', 0, 0, '84022274-459b-4db8-a631-9edc6c07eecd', '71d90bb4-cb98-4920-a741-6d435c180ae0'),
	('c9b69605-d7fc-432f-a9b1-5f81a38fe05f', '11bb67fa-baf5-4e67-a6b6-68713479b224', '988c96a7-a611-4c7a-bc77-962e916bc23c', NULL, NULL, NULL, NULL, '2026-01-17 22:46:10.239027+00', '2026-01-17 22:54:58.334022+00', '2026-01-17 22:46:10.239027+00', 0, 0, NULL, NULL),
	('23692855-62ac-4453-b736-be2b07182dfd', '4d85f1bf-0aae-4745-a2d3-53ff75d440d2', 'aaaee715-fe2c-4612-ae07-2d801dbeab5b', NULL, NULL, NULL, NULL, '2026-01-17 13:52:17.472881+00', '2026-01-17 13:52:20.628726+00', '2026-01-17 13:52:17.472881+00', 59000, 0, '84022274-459b-4db8-a631-9edc6c07eecd', '71d90bb4-cb98-4920-a741-6d435c180ae0'),
	('b2e5d735-8fe6-4adf-8536-8b3b94135805', '4d85f1bf-0aae-4745-a2d3-53ff75d440d2', '988c96a7-a611-4c7a-bc77-962e916bc23c', NULL, NULL, NULL, NULL, '2026-01-17 13:52:20.628726+00', '2026-01-17 13:52:25.245384+00', '2026-01-17 13:52:20.628726+00', 0, 0, NULL, NULL),
	('0f28b45a-027d-4ed6-9145-c7998c86a380', '4d85f1bf-0aae-4745-a2d3-53ff75d440d2', '988c96a7-a611-4c7a-bc77-962e916bc23c', NULL, NULL, NULL, NULL, '2026-01-17 13:52:25.245384+00', '2026-01-17 13:52:49.607683+00', '2026-01-17 13:52:25.245384+00', 0, 0, NULL, NULL),
	('31747a29-fd76-4d8a-ae5c-a5c8a05dda6d', 'b5047e23-1832-4ed4-81dc-e455e53a1f76', '988c96a7-a611-4c7a-bc77-962e916bc23c', NULL, NULL, NULL, NULL, '2026-01-17 13:53:47.936611+00', '2026-01-17 13:54:02.253776+00', '2026-01-17 13:53:47.936611+00', 0, 0, NULL, NULL),
	('fa4e2e4b-3601-4e06-8339-3736bcd45d56', 'b5047e23-1832-4ed4-81dc-e455e53a1f76', '988c96a7-a611-4c7a-bc77-962e916bc23c', NULL, NULL, NULL, NULL, '2026-01-17 13:55:18.645083+00', '2026-01-17 14:06:59.46843+00', '2026-01-17 13:55:18.645083+00', 0, 0, NULL, NULL),
	('5d438196-5f62-4eba-a7c7-f2cb1ebc43f6', '1d7449aa-ff68-4060-abda-e049e2306d6c', 'aaaee715-fe2c-4612-ae07-2d801dbeab5b', NULL, NULL, NULL, NULL, '2026-01-17 14:39:07.944064+00', '2026-01-17 14:54:25.407+00', '2026-01-17 14:39:07.944064+00', 0, 0, NULL, NULL),
	('a16714c7-fd73-4553-b544-4daa3990eeea', 'd44e0c04-a1d6-48c7-9319-b622c556453f', '988c96a7-a611-4c7a-bc77-962e916bc23c', NULL, NULL, NULL, NULL, '2026-01-17 18:08:29.873458+00', '2026-01-17 18:16:35.268219+00', '2026-01-17 18:08:29.873458+00', 0, 0, NULL, NULL),
	('f5364974-3051-494f-a230-04768315ada8', 'a1bbf0a2-f8dc-479c-8131-874d52dbf7b6', '988c96a7-a611-4c7a-bc77-962e916bc23c', NULL, 'replaced-by-new-session', NULL, NULL, '2026-01-20 22:33:32.056542+00', '2026-01-20 22:33:32.056542+00', '2026-01-20 22:33:32.056542+00', 0, 0, NULL, NULL),
	('97173f54-06b7-4579-aed7-7a31dad29b9b', '36f2cd31-9516-4f6d-840b-7527a34129f2', '988c96a7-a611-4c7a-bc77-962e916bc23c', NULL, NULL, NULL, NULL, '2026-01-17 18:19:24.968292+00', NULL, '2026-01-17 18:19:24.968292+00', 0, 0, NULL, NULL),
	('829db458-b24d-4e48-aa1e-c5ae0c87da9e', 'd44e0c04-a1d6-48c7-9319-b622c556453f', '988c96a7-a611-4c7a-bc77-962e916bc23c', NULL, NULL, NULL, NULL, '2026-01-17 18:17:36.175092+00', '2026-01-17 18:33:25.56+00', '2026-01-17 18:17:36.175092+00', 0, 0, NULL, NULL),
	('25cace1d-4116-4b10-8cd4-bead6f3f1f33', '32207b0b-8aa4-4550-968c-29b9b7890ab4', 'aaaee715-fe2c-4612-ae07-2d801dbeab5b', NULL, NULL, NULL, NULL, '2026-01-17 19:29:23.125422+00', '2026-01-17 19:30:25.637269+00', '2026-01-17 19:29:23.125422+00', 0, 0, '4b0e7964-b073-47b4-a292-963e17628283', '2296d8bf-eadf-41ad-b28b-b16fde7bbbb3'),
	('08dfc0fe-c4a4-4751-b6c7-a6e2db9e3b04', '32207b0b-8aa4-4550-968c-29b9b7890ab4', '988c96a7-a611-4c7a-bc77-962e916bc23c', NULL, 'grace-window-expired', NULL, NULL, '2026-01-17 19:45:49.736404+00', '2026-01-17 19:45:52.176284+00', '2026-01-17 19:45:49.736404+00', 0, 0, NULL, NULL),
	('fd51eda3-b526-42cc-8be5-3151281b32b1', '32207b0b-8aa4-4550-968c-29b9b7890ab4', '988c96a7-a611-4c7a-bc77-962e916bc23c', NULL, 'grace-window-expired', NULL, NULL, '2026-01-17 19:45:54.513696+00', NULL, '2026-01-17 19:45:54.513696+00', 0, 0, NULL, NULL),
	('a54b628c-f312-4f0a-913a-0068e5901c3d', 'da2d4142-9374-493a-a656-fe5cc261a4b3', '988c96a7-a611-4c7a-bc77-962e916bc23c', NULL, NULL, NULL, NULL, '2026-01-17 19:47:20.719152+00', '2026-01-17 19:47:26.908061+00', '2026-01-17 19:47:20.719152+00', 0, 0, NULL, NULL),
	('f867acfd-e0f7-4ab7-844c-e2bf056db1d8', 'da2d4142-9374-493a-a656-fe5cc261a4b3', '988c96a7-a611-4c7a-bc77-962e916bc23c', NULL, NULL, NULL, NULL, '2026-01-17 19:50:43.376657+00', '2026-01-17 19:50:48.32352+00', '2026-01-17 19:50:43.376657+00', 0, 0, NULL, NULL),
	('301de0bd-173b-4a1f-b27e-a22b1c44604d', 'da2d4142-9374-493a-a656-fe5cc261a4b3', '988c96a7-a611-4c7a-bc77-962e916bc23c', NULL, NULL, NULL, NULL, '2026-01-17 19:50:48.32352+00', '2026-01-17 19:52:01.444385+00', '2026-01-17 19:50:48.32352+00', 0, 0, NULL, NULL),
	('e11b5035-26d2-42c1-8b32-a837e461f376', 'da2d4142-9374-493a-a656-fe5cc261a4b3', 'aaaee715-fe2c-4612-ae07-2d801dbeab5b', NULL, NULL, NULL, NULL, '2026-01-17 19:52:07.653277+00', '2026-01-17 19:52:21.944182+00', '2026-01-17 19:52:07.653277+00', 0, 0, NULL, NULL),
	('c650c5fc-d432-4eb5-bbaf-0a00f1fbe57d', 'da2d4142-9374-493a-a656-fe5cc261a4b3', 'aaaee715-fe2c-4612-ae07-2d801dbeab5b', NULL, NULL, NULL, NULL, '2026-01-17 19:52:21.944182+00', '2026-01-17 20:17:51.02209+00', '2026-01-17 19:52:21.944182+00', 0, 0, NULL, NULL),
	('c5f85e9b-68a4-410d-bfea-d0f43382a52b', 'd82fae81-cb8a-4aaf-b22d-5490672be61f', '988c96a7-a611-4c7a-bc77-962e916bc23c', NULL, NULL, NULL, NULL, '2026-01-18 14:26:04.285221+00', '2026-01-18 14:26:45.491849+00', '2026-01-18 14:26:04.285221+00', 0, 0, NULL, NULL),
	('2c5c1639-9e01-4427-aa0a-2a172d3a8a86', 'da2d4142-9374-493a-a656-fe5cc261a4b3', 'aaaee715-fe2c-4612-ae07-2d801dbeab5b', NULL, NULL, NULL, NULL, '2026-01-17 20:21:22.701593+00', '2026-01-17 20:21:32.845745+00', '2026-01-17 20:21:22.701593+00', 29950, 0, '4b0e7964-b073-47b4-a292-963e17628283', '9b53fff0-f7ec-4832-b2e0-435a399a132d'),
	('79b2e5ec-f29d-4d2d-b8ff-e73bb1ec659b', 'ef04a5e3-8359-40fb-a3c8-dbfb435e9c04', '988c96a7-a611-4c7a-bc77-962e916bc23c', NULL, NULL, NULL, NULL, '2026-01-17 20:41:39.20004+00', '2026-01-17 20:41:46.022085+00', '2026-01-17 20:41:39.20004+00', 0, 0, NULL, NULL),
	('06d478c6-6b04-4bf2-b10a-c4470d4479f9', 'ef04a5e3-8359-40fb-a3c8-dbfb435e9c04', 'aaaee715-fe2c-4612-ae07-2d801dbeab5b', NULL, NULL, NULL, NULL, '2026-01-17 21:34:27.853857+00', '2026-01-17 21:34:35.112858+00', '2026-01-17 21:34:27.853857+00', 0, 0, NULL, NULL),
	('74a2eab9-2ded-4484-b809-3b0c94beca31', '863eebf0-6276-4183-9b74-9b696254b83d', '988c96a7-a611-4c7a-bc77-962e916bc23c', NULL, NULL, NULL, NULL, '2026-01-17 22:12:25.337941+00', '2026-01-17 22:13:56.418771+00', '2026-01-17 22:12:25.337941+00', 0, 0, NULL, NULL),
	('e2b0a1c1-dc4b-4bbc-b06c-ec501a77011a', '863eebf0-6276-4183-9b74-9b696254b83d', '988c96a7-a611-4c7a-bc77-962e916bc23c', NULL, NULL, NULL, NULL, '2026-01-17 22:14:01.90171+00', '2026-01-17 22:43:36.826356+00', '2026-01-17 22:14:01.90171+00', 0, 0, NULL, NULL),
	('224c2bb1-3c2d-47f6-9308-7464c95072d8', 'b065d4b3-5bcf-432d-a821-088b226c209b', '988c96a7-a611-4c7a-bc77-962e916bc23c', NULL, NULL, NULL, NULL, '2026-01-18 15:55:09.543365+00', '2026-01-18 15:55:11.891119+00', '2026-01-18 15:55:09.543365+00', 0, 0, '7e6971a8-4783-4a37-b7e7-84bd9dff7494', 'e6a51633-1e30-4e58-a32e-e3385f978082'),
	('9a80cdc1-948b-425d-8e57-9a72ebd55ccc', '06e2d836-0344-47e7-9d30-4dc254d12662', 'aaaee715-fe2c-4612-ae07-2d801dbeab5b', NULL, NULL, NULL, NULL, '2026-01-17 23:19:48.390095+00', '2026-01-17 23:33:01.525884+00', '2026-01-17 23:19:48.390095+00', 0, 0, '08baf2a3-c2c0-4425-a22b-8e2ec7db9438', '0521d520-358e-4f41-8748-279c09eb158d'),
	('210c768a-ae87-45b0-9572-f20add241318', '06e2d836-0344-47e7-9d30-4dc254d12662', 'aaaee715-fe2c-4612-ae07-2d801dbeab5b', NULL, NULL, NULL, NULL, '2026-01-17 23:37:12.081696+00', '2026-01-17 23:37:44.05561+00', '2026-01-17 23:37:12.081696+00', 0, 0, '08baf2a3-c2c0-4425-a22b-8e2ec7db9438', '0521d520-358e-4f41-8748-279c09eb158d'),
	('cfde8d2a-f0cb-4556-bf05-2356ddef6912', '1540d389-1371-4d3f-b9fc-2b3330f64cb2', '988c96a7-a611-4c7a-bc77-962e916bc23c', NULL, NULL, NULL, NULL, '2026-01-17 23:38:50.516874+00', '2026-01-17 23:38:54.630006+00', '2026-01-17 23:38:50.516874+00', 0, 0, NULL, NULL),
	('908155b2-a02a-4631-aebb-2ec1e9c698f8', '87ad9272-a24a-407c-8361-cf1aeb42a5a2', '988c96a7-a611-4c7a-bc77-962e916bc23c', NULL, NULL, NULL, NULL, '2026-01-18 09:44:14.348941+00', '2026-01-18 09:44:17.42433+00', '2026-01-18 09:44:14.348941+00', 0, 0, NULL, NULL),
	('d2ef39da-14e9-4738-8d19-1be701eb3d08', '87ad9272-a24a-407c-8361-cf1aeb42a5a2', '988c96a7-a611-4c7a-bc77-962e916bc23c', NULL, NULL, NULL, NULL, '2026-01-18 09:44:21.390838+00', '2026-01-18 10:03:09.364135+00', '2026-01-18 09:44:21.390838+00', 0, 0, NULL, NULL),
	('b5ea5297-5aa1-4990-9937-077e7e0941f7', 'a077779a-ad4d-4942-9346-b15cb5e4154b', '988c96a7-a611-4c7a-bc77-962e916bc23c', NULL, NULL, NULL, NULL, '2026-01-20 22:33:32.056542+00', '2026-01-20 22:34:05.073666+00', '2026-01-20 22:33:32.056542+00', 0, 0, NULL, NULL),
	('0626edde-cb55-467a-b035-fc1cb4e79641', 'a077779a-ad4d-4942-9346-b15cb5e4154b', '988c96a7-a611-4c7a-bc77-962e916bc23c', NULL, NULL, NULL, NULL, '2026-01-20 22:34:05.073666+00', '2026-01-20 23:38:40.433+00', '2026-01-20 22:34:05.073666+00', 0, 0, NULL, NULL),
	('3da4ae45-fec6-4039-a40a-4b82e660ba55', '3c26e540-5806-4d74-bddf-6130b0919dda', 'aaaee715-fe2c-4612-ae07-2d801dbeab5b', NULL, NULL, NULL, NULL, '2026-01-18 16:50:36.982721+00', '2026-01-18 16:50:51.233984+00', '2026-01-18 16:50:36.982721+00', 0, 5, '7e6971a8-4783-4a37-b7e7-84bd9dff7494', 'e6a51633-1e30-4e58-a32e-e3385f978082'),
	('382a2947-356b-4e69-a6a0-25e28bb44b39', '2a62797a-d116-489a-b7de-9ed7fbd7076c', '31b6bec2-2700-42c7-881a-e675ba87fb23', NULL, 'grace-window-expired', NULL, NULL, '2026-01-21 13:06:00.819+00', NULL, '2026-01-21 13:06:01.489053+00', 0, 0, NULL, NULL),
	('19e3a8ec-a026-4b66-94f5-c5677d50e4cd', 'fa93a627-4fe0-4813-a5ac-d6388f65e873', '988c96a7-a611-4c7a-bc77-962e916bc23c', NULL, 'session-completed', NULL, NULL, '2026-01-21 13:55:03.571917+00', NULL, '2026-01-21 13:55:03.571917+00', 0, 0, '640bbdc0-c0d9-4463-87f8-11fb789f9753', '06d32f7d-281d-437b-bebb-2cacef345bd7'),
	('651332a4-cdc4-4480-993c-87eff55729cf', '02f84917-614b-481e-94cd-339cce732457', '988c96a7-a611-4c7a-bc77-962e916bc23c', NULL, NULL, NULL, NULL, '2026-01-18 18:35:14.872023+00', '2026-01-18 18:36:08.005436+00', '2026-01-18 18:35:14.872023+00', 0, 0, NULL, NULL),
	('33cfabc1-b8da-4858-aace-ea5135855e24', 'a41c74b7-bdad-42e7-a8e8-5c833b10652f', '988c96a7-a611-4c7a-bc77-962e916bc23c', NULL, 'worker-abandon', NULL, NULL, '2026-01-18 14:24:36.530142+00', NULL, '2026-01-18 14:24:36.530142+00', 0, 0, NULL, NULL),
	('39361e99-adfc-42ad-9812-0ee0bfd997b7', '40d458d1-1b8c-48b4-a109-a783779312f0', 'aaaee715-fe2c-4612-ae07-2d801dbeab5b', NULL, NULL, NULL, NULL, '2026-01-18 19:47:13.319399+00', '2026-01-18 19:47:45.256939+00', '2026-01-18 19:47:13.319399+00', 10, 0, '070a7ea5-da46-4989-8773-a4ee18a41126', '3d75df6c-ec7c-4fa5-8183-8fe3f4075fdf'),
	('6996ec6b-1eee-4195-aaef-2808c13a5016', '40d458d1-1b8c-48b4-a109-a783779312f0', '988c96a7-a611-4c7a-bc77-962e916bc23c', NULL, NULL, NULL, NULL, '2026-01-18 19:47:45.256939+00', '2026-01-18 19:48:11.486509+00', '2026-01-18 19:47:45.256939+00', 0, 0, '070a7ea5-da46-4989-8773-a4ee18a41126', '3d75df6c-ec7c-4fa5-8183-8fe3f4075fdf'),
	('7239e3ed-92e3-4554-9c0d-8b8ff6938ea4', '40d458d1-1b8c-48b4-a109-a783779312f0', '988c96a7-a611-4c7a-bc77-962e916bc23c', NULL, 'worker-abandon', NULL, NULL, '2026-01-18 19:54:09.621726+00', NULL, '2026-01-18 19:54:09.621726+00', 0, 0, '070a7ea5-da46-4989-8773-a4ee18a41126', '3d75df6c-ec7c-4fa5-8183-8fe3f4075fdf'),
	('3e711f8d-0a15-49ee-983e-bd290be2c3b1', '32207b0b-8aa4-4550-968c-29b9b7890ab4', 'aaaee715-fe2c-4612-ae07-2d801dbeab5b', NULL, NULL, NULL, NULL, '2026-01-17 19:07:46.183736+00', '2026-01-17 19:08:49.313958+00', '2026-01-17 19:07:46.183736+00', 0, 0, NULL, NULL),
	('6ea8f9a9-76b0-4ecb-b876-07f384780c69', 'e482f4d5-4fbf-41bd-bff5-f15d7cbb9085', 'aaaee715-fe2c-4612-ae07-2d801dbeab5b', NULL, NULL, NULL, NULL, '2026-01-14 23:41:07.048942+00', '2026-01-14 23:41:56.483012+00', '2026-01-14 23:41:07.048942+00', 100, 0, NULL, NULL),
	('b40d272e-940e-4bcf-a98d-8817e66ce390', '32207b0b-8aa4-4550-968c-29b9b7890ab4', 'aaaee715-fe2c-4612-ae07-2d801dbeab5b', NULL, NULL, NULL, NULL, '2026-01-17 19:25:08.132893+00', '2026-01-17 19:25:13.318499+00', '2026-01-17 19:25:08.132893+00', 10, 0, NULL, NULL),
	('1d0cdcd7-9733-4603-a21a-05b423b576f0', '59139cb2-177c-42bb-bc2d-e3bfcbc650b3', 'aaaee715-fe2c-4612-ae07-2d801dbeab5b', NULL, NULL, NULL, NULL, '2026-01-18 13:25:03.112433+00', '2026-01-18 13:25:35.847859+00', '2026-01-18 13:25:03.112433+00', 10, 0, NULL, NULL),
	('ce030c7e-f716-4044-bbfd-79aab839b3df', '59139cb2-177c-42bb-bc2d-e3bfcbc650b3', 'f33ae7c3-0856-4219-8d19-d0dfd5019143', NULL, NULL, NULL, NULL, '2026-01-18 13:25:35.847859+00', '2026-01-18 13:33:41.061337+00', '2026-01-18 13:25:35.847859+00', 0, 0, NULL, NULL),
	('3c23caf7-04fe-4445-a1a4-21c9b1b6aa78', '448701da-e8bb-48e1-b7a2-42d49b1f9b29', '988c96a7-a611-4c7a-bc77-962e916bc23c', NULL, 'worker-abandon', NULL, NULL, '2026-01-18 14:01:23.334344+00', NULL, '2026-01-18 14:01:23.334344+00', 0, 0, NULL, NULL),
	('7437a104-0463-431f-8da1-fb858e5ee10e', '6f96cb9d-cff7-4f75-b6f2-851a14f6486c', 'aaaee715-fe2c-4612-ae07-2d801dbeab5b', NULL, NULL, NULL, NULL, '2026-01-15 20:35:06.653459+00', '2026-01-15 20:35:27.29988+00', '2026-01-15 20:35:06.653459+00', 0, 0, NULL, NULL),
	('357caeb1-4a2a-4a0b-b116-6ebedd8b3df8', '6f96cb9d-cff7-4f75-b6f2-851a14f6486c', 'aaaee715-fe2c-4612-ae07-2d801dbeab5b', NULL, NULL, NULL, NULL, '2026-01-15 20:35:32.17136+00', '2026-01-15 20:35:41.484904+00', '2026-01-15 20:35:32.17136+00', 0, 0, NULL, NULL),
	('2cb4ae4e-cf7c-485d-96e0-1a592de31941', 'e6a73c05-acdc-4c22-ad6d-372838f05421', 'aaaee715-fe2c-4612-ae07-2d801dbeab5b', NULL, NULL, NULL, NULL, '2026-01-18 19:58:01.640904+00', '2026-01-18 20:01:35.308621+00', '2026-01-18 19:58:01.640904+00', 0, 0, NULL, NULL),
	('1f2e4f4b-12f6-4543-9d94-671d70a83925', 'e6a73c05-acdc-4c22-ad6d-372838f05421', '988c96a7-a611-4c7a-bc77-962e916bc23c', NULL, 'worker-abandon', NULL, NULL, '2026-01-18 20:01:35.308621+00', NULL, '2026-01-18 20:01:35.308621+00', 0, 0, NULL, NULL),
	('86977d77-1d51-42c1-9808-7d96c57993d6', '6ceb0f39-6345-478d-b035-da319aae36bd', 'aaaee715-fe2c-4612-ae07-2d801dbeab5b', NULL, NULL, NULL, NULL, '2026-01-16 13:05:14.726217+00', '2026-01-16 13:09:15.986671+00', '2026-01-16 13:05:14.726217+00', 0, 0, NULL, NULL),
	('6825af10-5735-4cc0-92f6-b735dc8953a1', 'ef04a5e3-8359-40fb-a3c8-dbfb435e9c04', 'aaaee715-fe2c-4612-ae07-2d801dbeab5b', NULL, NULL, NULL, NULL, '2026-01-17 20:42:54.015855+00', '2026-01-17 20:43:32.925672+00', '2026-01-17 20:42:54.015855+00', 100, 0, NULL, NULL),
	('3925f6b0-2391-4afa-9cb2-81264fb61b28', 'da2d4142-9374-493a-a656-fe5cc261a4b3', 'aaaee715-fe2c-4612-ae07-2d801dbeab5b', NULL, NULL, NULL, NULL, '2026-01-17 20:19:59.087998+00', '2026-01-17 20:21:17.012677+00', '2026-01-17 20:19:59.087998+00', 50, 0, NULL, NULL),
	('0e89f47b-198b-4e3f-ad14-a9cb8ba63163', 'ef04a5e3-8359-40fb-a3c8-dbfb435e9c04', 'aaaee715-fe2c-4612-ae07-2d801dbeab5b', NULL, NULL, NULL, NULL, '2026-01-17 20:48:47.561159+00', '2026-01-17 21:34:27.853857+00', '2026-01-17 20:48:47.561159+00', 0, 0, NULL, NULL),
	('adc5fbe8-1a16-4bca-a6aa-7ce73c29e100', 'da2d4142-9374-493a-a656-fe5cc261a4b3', 'aaaee715-fe2c-4612-ae07-2d801dbeab5b', NULL, NULL, NULL, NULL, '2026-01-17 20:23:46.446281+00', '2026-01-17 20:24:10.725004+00', '2026-01-17 20:23:46.446281+00', 100, 0, NULL, NULL),
	('7fe87353-a90c-43b3-9cf3-aa62a3740bbc', 'dea62f10-ef57-432a-9b53-fd08d73cb39a', 'aaaee715-fe2c-4612-ae07-2d801dbeab5b', NULL, NULL, NULL, NULL, '2026-01-14 23:46:31.720425+00', '2026-01-14 23:47:17.136546+00', '2026-01-14 23:46:31.720425+00', 100, 0, NULL, NULL),
	('952d33b8-fcf5-46f6-9eba-abb6075ef224', 'dea62f10-ef57-432a-9b53-fd08d73cb39a', 'aaaee715-fe2c-4612-ae07-2d801dbeab5b', NULL, NULL, NULL, NULL, '2026-01-14 23:47:29.993838+00', '2026-01-14 23:48:10.873094+00', '2026-01-14 23:47:29.993838+00', 100, 0, NULL, NULL),
	('161cbea6-f9b0-42f1-97f8-9d9385e19326', 'd44e0c04-a1d6-48c7-9319-b622c556453f', 'aaaee715-fe2c-4612-ae07-2d801dbeab5b', NULL, NULL, NULL, NULL, '2026-01-17 18:16:35.268219+00', '2026-01-17 18:16:39.429468+00', '2026-01-17 18:16:35.268219+00', 0, 0, NULL, NULL),
	('a1a7a3f1-2ac4-4bb5-913f-8663d51acaae', '09d9b88d-0f9c-4730-9ce8-d1601cdd5def', 'aaaee715-fe2c-4612-ae07-2d801dbeab5b', NULL, NULL, NULL, NULL, '2026-01-16 13:54:43.129315+00', '2026-01-16 13:54:47.242318+00', '2026-01-16 13:54:43.129315+00', 89300, 0, 'f8379c16-b5dd-49c0-be02-7e2ccc3809ec', '49cbec30-b457-4dbe-86f9-4bc3d64b5abc'),
	('646281a0-0bdc-4b11-ad88-5f34f40b2f35', '4d85f1bf-0aae-4745-a2d3-53ff75d440d2', '988c96a7-a611-4c7a-bc77-962e916bc23c', NULL, NULL, NULL, NULL, '2026-01-17 13:51:24.68878+00', '2026-01-17 13:52:17.472881+00', '2026-01-17 13:51:24.68878+00', 0, 0, NULL, NULL),
	('4f093877-a381-41e9-bae6-78320656c617', 'd827589f-b3d6-4472-8524-78d66e1a734a', '988c96a7-a611-4c7a-bc77-962e916bc23c', NULL, NULL, NULL, NULL, '2026-01-17 13:52:55.475322+00', '2026-01-17 13:53:24.977871+00', '2026-01-17 13:52:55.475322+00', 0, 0, NULL, NULL),
	('53f3bd2f-663d-4c13-a806-74a8e09f3fd1', 'd827589f-b3d6-4472-8524-78d66e1a734a', '988c96a7-a611-4c7a-bc77-962e916bc23c', NULL, 'replaced-by-new-session', NULL, NULL, '2026-01-17 13:53:44.876837+00', '2026-01-17 13:53:44.876837+00', '2026-01-17 13:53:44.876837+00', 0, 0, NULL, NULL),
	('2aab2ad9-066f-4d2b-a0d5-857b98b60b71', 'b5047e23-1832-4ed4-81dc-e455e53a1f76', '988c96a7-a611-4c7a-bc77-962e916bc23c', NULL, NULL, NULL, NULL, '2026-01-17 13:53:44.876837+00', '2026-01-17 13:53:47.936611+00', '2026-01-17 13:53:44.876837+00', 0, 0, NULL, NULL),
	('7f7fbd08-3a0e-4092-84e4-3f1d8f007782', 'b5047e23-1832-4ed4-81dc-e455e53a1f76', 'aaaee715-fe2c-4612-ae07-2d801dbeab5b', NULL, NULL, NULL, NULL, '2026-01-17 13:54:02.253776+00', '2026-01-17 13:54:26.005337+00', '2026-01-17 13:54:02.253776+00', 0, 0, NULL, NULL),
	('4caa21bd-2394-4fc2-a431-e663e4c3d83e', 'b5047e23-1832-4ed4-81dc-e455e53a1f76', 'aaaee715-fe2c-4612-ae07-2d801dbeab5b', NULL, NULL, NULL, NULL, '2026-01-17 13:54:26.005337+00', '2026-01-17 13:54:39.097153+00', '2026-01-17 13:54:26.005337+00', 59300, 0, '84022274-459b-4db8-a631-9edc6c07eecd', '72a9fe11-d66e-48e0-b9a9-53aaa2f1256e'),
	('0d06c227-08a6-4ff4-bb5a-20669c449a84', '1d7449aa-ff68-4060-abda-e049e2306d6c', '31b6bec2-2700-42c7-881a-e675ba87fb23', NULL, 'grace-window-expired', NULL, NULL, '2026-01-17 14:54:25.407+00', NULL, '2026-01-17 14:54:26.024705+00', 0, 0, NULL, NULL),
	('59295b85-f912-4403-b250-3f04608f1edc', 'd44e0c04-a1d6-48c7-9319-b622c556453f', '988c96a7-a611-4c7a-bc77-962e916bc23c', NULL, NULL, NULL, NULL, '2026-01-17 18:16:39.429468+00', '2026-01-17 18:16:41.990238+00', '2026-01-17 18:16:39.429468+00', 0, 0, NULL, NULL),
	('bc9db365-b694-448e-b042-08fef224b827', '36f2cd31-9516-4f6d-840b-7527a34129f2', '988c96a7-a611-4c7a-bc77-962e916bc23c', NULL, 'replaced-by-new-session', NULL, NULL, '2026-01-17 18:19:33.829916+00', '2026-01-17 18:19:33.829916+00', '2026-01-17 18:19:33.829916+00', 0, 0, NULL, NULL),
	('4d51f38a-a18a-4633-8129-cbbaec837bca', 'b6ec1199-f3a6-4cca-ae90-5e7d55570af7', '988c96a7-a611-4c7a-bc77-962e916bc23c', NULL, NULL, NULL, NULL, '2026-01-17 18:19:33.829916+00', NULL, '2026-01-17 18:19:33.829916+00', 0, 0, NULL, NULL),
	('ba5b5d14-3baa-42b9-b83c-8d9099847338', '32207b0b-8aa4-4550-968c-29b9b7890ab4', '988c96a7-a611-4c7a-bc77-962e916bc23c', NULL, NULL, NULL, NULL, '2026-01-17 18:19:52.13435+00', '2026-01-17 18:19:52.444304+00', '2026-01-17 18:19:52.13435+00', 0, 0, NULL, NULL),
	('1679f2cb-d95e-42ac-b1f8-005c0369bd50', '32207b0b-8aa4-4550-968c-29b9b7890ab4', '988c96a7-a611-4c7a-bc77-962e916bc23c', NULL, NULL, NULL, NULL, '2026-01-17 18:19:52.444304+00', '2026-01-17 18:34:06.288932+00', '2026-01-17 18:19:52.444304+00', 0, 0, NULL, NULL),
	('b035001a-ee72-4e81-a26c-b6513b558c52', '32207b0b-8aa4-4550-968c-29b9b7890ab4', '988c96a7-a611-4c7a-bc77-962e916bc23c', NULL, NULL, NULL, NULL, '2026-01-17 19:30:25.637269+00', '2026-01-17 19:30:29.868987+00', '2026-01-17 19:30:25.637269+00', 0, 0, NULL, NULL),
	('9ee06045-6387-491f-9a3c-5227accc43c9', '3c26e540-5806-4d74-bddf-6130b0919dda', '988c96a7-a611-4c7a-bc77-962e916bc23c', NULL, NULL, NULL, NULL, '2026-01-18 16:50:51.233984+00', '2026-01-18 17:37:36.603026+00', '2026-01-18 16:50:51.233984+00', 0, 0, '7e6971a8-4783-4a37-b7e7-84bd9dff7494', 'e6a51633-1e30-4e58-a32e-e3385f978082'),
	('c3fed225-f692-44cd-aed1-d58b1a7b2549', '32207b0b-8aa4-4550-968c-29b9b7890ab4', 'aaaee715-fe2c-4612-ae07-2d801dbeab5b', NULL, NULL, NULL, NULL, '2026-01-17 19:30:51.903077+00', '2026-01-17 19:31:00.399723+00', '2026-01-17 19:30:51.903077+00', 0, 0, '4b0e7964-b073-47b4-a292-963e17628283', '2296d8bf-eadf-41ad-b28b-b16fde7bbbb3'),
	('b2740d9e-3c3e-4c97-a9a0-a29704c547fc', 'da2d4142-9374-493a-a656-fe5cc261a4b3', '988c96a7-a611-4c7a-bc77-962e916bc23c', NULL, NULL, NULL, NULL, '2026-01-17 19:47:09.850494+00', '2026-01-17 19:47:20.719152+00', '2026-01-17 19:47:09.850494+00', 0, 0, NULL, NULL),
	('17aec10b-80a8-4f7c-8395-e541f9bd1bea', 'a077779a-ad4d-4942-9346-b15cb5e4154b', '31b6bec2-2700-42c7-881a-e675ba87fb23', NULL, 'grace-window-expired', NULL, NULL, '2026-01-20 23:38:40.433+00', NULL, '2026-01-20 23:38:41.065718+00', 0, 0, NULL, NULL),
	('2cc0e939-9b3a-4aa7-8800-e6fbbcda2c5d', 'da2d4142-9374-493a-a656-fe5cc261a4b3', 'aaaee715-fe2c-4612-ae07-2d801dbeab5b', NULL, NULL, NULL, NULL, '2026-01-17 19:47:26.908061+00', '2026-01-17 19:47:34.341487+00', '2026-01-17 19:47:26.908061+00', 0, 0, '4b0e7964-b073-47b4-a292-963e17628283', '9b53fff0-f7ec-4832-b2e0-435a399a132d'),
	('7b8c6d4b-c75e-43be-ba06-764acdd2817d', '27528430-9fc5-4b49-926e-477cc7ccfb40', '988c96a7-a611-4c7a-bc77-962e916bc23c', NULL, NULL, NULL, NULL, '2026-01-18 20:09:48.408189+00', '2026-01-18 20:09:51.61098+00', '2026-01-18 20:09:48.408189+00', 0, 0, NULL, NULL),
	('94e42b47-b1e1-4800-92c0-e2054b2f6725', '11bb67fa-baf5-4e67-a6b6-68713479b224', 'aaaee715-fe2c-4612-ae07-2d801dbeab5b', NULL, NULL, NULL, NULL, '2026-01-17 22:54:58.334022+00', '2026-01-17 22:56:09.671146+00', '2026-01-17 22:54:58.334022+00', 0, 0, '7e6971a8-4783-4a37-b7e7-84bd9dff7494', 'e6a51633-1e30-4e58-a32e-e3385f978082'),
	('faba4c5a-754b-4193-8218-865e9ebd723a', 'da2d4142-9374-493a-a656-fe5cc261a4b3', 'aaaee715-fe2c-4612-ae07-2d801dbeab5b', NULL, NULL, NULL, NULL, '2026-01-17 20:21:32.845745+00', '2026-01-17 20:21:36.442083+00', '2026-01-17 20:21:32.845745+00', 0, 0, NULL, NULL),
	('1dc24da9-5775-4fee-9cb1-34bf5a0b698e', 'da2d4142-9374-493a-a656-fe5cc261a4b3', 'aaaee715-fe2c-4612-ae07-2d801dbeab5b', NULL, NULL, NULL, NULL, '2026-01-17 20:26:55.063793+00', '2026-01-17 20:41:24.775604+00', '2026-01-17 20:26:55.063793+00', 0, 0, NULL, NULL),
	('6f4a3428-f01a-4710-bf76-ef78cacfc489', 'ef04a5e3-8359-40fb-a3c8-dbfb435e9c04', '988c96a7-a611-4c7a-bc77-962e916bc23c', NULL, 'worker-abandon', NULL, NULL, '2026-01-17 21:34:35.112858+00', NULL, '2026-01-17 21:34:35.112858+00', 0, 0, NULL, NULL),
	('367e0ab2-e939-4f10-8904-d7d31d88bb5d', '863eebf0-6276-4183-9b74-9b696254b83d', '988c96a7-a611-4c7a-bc77-962e916bc23c', NULL, NULL, NULL, NULL, '2026-01-17 21:34:38.277663+00', '2026-01-17 21:34:41.270632+00', '2026-01-17 21:34:38.277663+00', 0, 0, NULL, NULL),
	('16abb124-96a1-4738-a2d2-fc4917725680', '863eebf0-6276-4183-9b74-9b696254b83d', 'aaaee715-fe2c-4612-ae07-2d801dbeab5b', NULL, NULL, NULL, NULL, '2026-01-17 22:13:56.418771+00', '2026-01-17 22:14:01.90171+00', '2026-01-17 22:13:56.418771+00', 1, 0, '7e6971a8-4783-4a37-b7e7-84bd9dff7494', 'e6a51633-1e30-4e58-a32e-e3385f978082'),
	('743f38c5-12b1-42be-8d28-6d42a0a3ea39', '06e2d836-0344-47e7-9d30-4dc254d12662', '988c96a7-a611-4c7a-bc77-962e916bc23c', NULL, 'session-completed', NULL, NULL, '2026-01-17 23:38:25.427205+00', NULL, '2026-01-17 23:38:25.427205+00', 0, 0, '08baf2a3-c2c0-4425-a22b-8e2ec7db9438', '0521d520-358e-4f41-8748-279c09eb158d'),
	('9947319d-fa35-498f-bebf-1274bb9a87d6', '87ad9272-a24a-407c-8361-cf1aeb42a5a2', '988c96a7-a611-4c7a-bc77-962e916bc23c', NULL, NULL, NULL, NULL, '2026-01-18 09:44:17.42433+00', '2026-01-18 09:44:21.390838+00', '2026-01-18 09:44:17.42433+00', 0, 0, NULL, NULL),
	('49e92c57-1a50-4362-b1f3-69dc6844c828', '40d458d1-1b8c-48b4-a109-a783779312f0', 'aaaee715-fe2c-4612-ae07-2d801dbeab5b', NULL, NULL, NULL, NULL, '2026-01-18 19:48:11.486509+00', '2026-01-18 19:48:32.109722+00', '2026-01-18 19:48:11.486509+00', 190, 0, '070a7ea5-da46-4989-8773-a4ee18a41126', '3d75df6c-ec7c-4fa5-8183-8fe3f4075fdf'),
	('332cef92-5ff4-479b-8b7f-4d3a7496a869', '59139cb2-177c-42bb-bc2d-e3bfcbc650b3', '988c96a7-a611-4c7a-bc77-962e916bc23c', NULL, 'session-completed', NULL, NULL, '2026-01-18 13:33:41.061337+00', NULL, '2026-01-18 13:33:41.061337+00', 0, 0, NULL, NULL),
	('2f6c57b7-9c0f-40c8-9303-16ee1ca5acfe', 'c9fd658c-655b-41bc-9db7-ff343b0fed92', '988c96a7-a611-4c7a-bc77-962e916bc23c', NULL, 'worker-abandon', NULL, NULL, '2026-01-18 14:26:01.266131+00', NULL, '2026-01-18 14:26:01.266131+00', 0, 0, NULL, NULL),
	('28b44732-dc18-4503-9132-887d158483c7', 'b065d4b3-5bcf-432d-a821-088b226c209b', 'aaaee715-fe2c-4612-ae07-2d801dbeab5b', NULL, NULL, NULL, NULL, '2026-01-18 15:55:11.891119+00', '2026-01-18 16:34:36.733783+00', '2026-01-18 15:55:11.891119+00', 0, 0, '7e6971a8-4783-4a37-b7e7-84bd9dff7494', 'e6a51633-1e30-4e58-a32e-e3385f978082'),
	('f512b449-0fea-4e0d-9af8-f239e3eb1124', '02f84917-614b-481e-94cd-339cce732457', 'aaaee715-fe2c-4612-ae07-2d801dbeab5b', NULL, NULL, NULL, NULL, '2026-01-18 18:36:08.005436+00', '2026-01-18 18:43:01.058762+00', '2026-01-18 18:36:08.005436+00', 11, 0, NULL, NULL),
	('703dab85-02c8-4e0d-9500-3e5f9cfddbba', 'da2d4142-9374-493a-a656-fe5cc261a4b3', 'aaaee715-fe2c-4612-ae07-2d801dbeab5b', NULL, NULL, NULL, NULL, '2026-01-17 19:49:03.398691+00', '2026-01-17 19:50:43.376657+00', '2026-01-17 19:49:03.398691+00', 57, 0, NULL, NULL),
	('7add6877-6f1b-4b3c-a5ca-e7f5c36431b9', 'da2d4142-9374-493a-a656-fe5cc261a4b3', 'aaaee715-fe2c-4612-ae07-2d801dbeab5b', NULL, NULL, NULL, NULL, '2026-01-17 19:52:01.444385+00', '2026-01-17 19:52:07.653277+00', '2026-01-17 19:52:01.444385+00', 43, 0, NULL, NULL),
	('89187a13-26e9-4d10-9a64-b3148c211191', '6ceb0f39-6345-478d-b035-da319aae36bd', 'aaaee715-fe2c-4612-ae07-2d801dbeab5b', NULL, NULL, NULL, NULL, '2026-01-16 13:24:20.982333+00', '2026-01-16 13:25:39.62281+00', '2026-01-16 13:24:20.982333+00', 100, 0, NULL, NULL),
	('81cdbf38-c6dc-4a1b-bb06-ea2d0086b111', '6ceb0f39-6345-478d-b035-da319aae36bd', 'aaaee715-fe2c-4612-ae07-2d801dbeab5b', NULL, NULL, NULL, NULL, '2026-01-16 13:34:20.698592+00', '2026-01-16 13:34:29.221367+00', '2026-01-16 13:34:20.698592+00', 100, 0, NULL, NULL),
	('c891439d-e98f-475a-bdf6-7c519b2fef13', 'd44e0c04-a1d6-48c7-9319-b622c556453f', 'aaaee715-fe2c-4612-ae07-2d801dbeab5b', NULL, NULL, NULL, NULL, '2026-01-17 18:17:14.385714+00', '2026-01-17 18:17:25.705784+00', '2026-01-17 18:17:14.385714+00', 50, 0, NULL, NULL),
	('462a922a-4fb9-4890-bc4a-3a6300e349a1', 'e90f8548-cb0b-4737-9128-16b9f5365ab7', '988c96a7-a611-4c7a-bc77-962e916bc23c', NULL, 'replaced-by-new-session', NULL, NULL, '2026-01-14 21:46:24.580327+00', '2026-01-14 21:46:24.580327+00', '2026-01-14 21:46:24.580327+00', 0, 0, NULL, NULL),
	('842f6f39-d8a4-429e-937c-231f17c8ebfd', '1b446bdf-b85e-4b92-b7b2-c0dbf614e2a9', '988c96a7-a611-4c7a-bc77-962e916bc23c', NULL, NULL, NULL, NULL, '2026-01-18 20:07:54.385398+00', '2026-01-18 20:08:46.258703+00', '2026-01-18 20:07:54.385398+00', 0, 0, NULL, NULL),
	('3e240fec-ed5c-4c6d-ae43-f38077bb6daf', '1b446bdf-b85e-4b92-b7b2-c0dbf614e2a9', '988c96a7-a611-4c7a-bc77-962e916bc23c', NULL, NULL, NULL, NULL, '2026-01-18 20:08:46.258703+00', '2026-01-18 20:09:18.273804+00', '2026-01-18 20:08:46.258703+00', 0, 0, NULL, NULL),
	('6dd7c2d2-d3b5-49cb-9a44-e31def4e2964', '1b446bdf-b85e-4b92-b7b2-c0dbf614e2a9', 'aaaee715-fe2c-4612-ae07-2d801dbeab5b', NULL, NULL, NULL, NULL, '2026-01-18 20:09:38.020358+00', '2026-01-18 20:09:46.042482+00', '2026-01-18 20:09:38.020358+00', 0, 0, '7e6971a8-4783-4a37-b7e7-84bd9dff7494', 'e6a51633-1e30-4e58-a32e-e3385f978082'),
	('a8d73787-d7ee-4554-b2df-7e779b3d0d84', '27528430-9fc5-4b49-926e-477cc7ccfb40', '988c96a7-a611-4c7a-bc77-962e916bc23c', NULL, NULL, NULL, NULL, '2026-01-18 20:09:51.61098+00', '2026-01-18 20:10:09.514092+00', '2026-01-18 20:09:51.61098+00', 0, 0, NULL, NULL),
	('d2f123a0-8f7e-4cca-a1ca-434c32c89fba', '0c6f2660-b51d-4835-9048-e4d75ece68c3', '988c96a7-a611-4c7a-bc77-962e916bc23c', NULL, NULL, NULL, NULL, '2026-01-19 22:02:30.759344+00', '2026-01-19 22:04:16.371403+00', '2026-01-19 22:02:30.759344+00', 0, 0, 'a76089bf-f232-4d1f-9b23-133cc8fa9153', '78e24c59-42fd-4a65-ad74-3c4ce8556f78'),
	('bd0ae75b-a311-4334-944f-d56b3dee0808', '27107538-6e57-4ec3-bc94-8b2d98321b66', '988c96a7-a611-4c7a-bc77-962e916bc23c', NULL, NULL, NULL, NULL, '2026-01-19 18:41:46.954072+00', '2026-01-19 18:41:50.348013+00', '2026-01-19 18:41:46.954072+00', 0, 0, NULL, NULL),
	('fcaea301-ddc5-4c9b-912d-8ebb8792df1c', 'ce9a85b5-78e2-4821-a17d-a9d355977b53', 'aba59ce0-d35a-4a2a-a95f-5e0339f4942e', NULL, NULL, NULL, NULL, '2026-01-18 20:13:59.577778+00', '2026-01-18 20:15:06.921823+00', '2026-01-18 20:13:59.577778+00', 0, 0, NULL, NULL),
	('398cba87-5a60-40b2-9c15-48f7af6d7edb', '27107538-6e57-4ec3-bc94-8b2d98321b66', 'aaaee715-fe2c-4612-ae07-2d801dbeab5b', NULL, NULL, NULL, NULL, '2026-01-19 18:58:38.224947+00', '2026-01-19 19:42:20.022+00', '2026-01-19 18:58:38.224947+00', 0, 0, '7e6971a8-4783-4a37-b7e7-84bd9dff7494', 'e6a51633-1e30-4e58-a32e-e3385f978082'),
	('79f48614-0136-4d0b-81ab-e3f964b568aa', '0c6f2660-b51d-4835-9048-e4d75ece68c3', '988c96a7-a611-4c7a-bc77-962e916bc23c', NULL, NULL, NULL, NULL, '2026-01-19 22:02:04.197546+00', '2026-01-19 22:02:18.822317+00', '2026-01-19 22:02:04.197546+00', 0, 0, NULL, NULL),
	('ac8b66db-cfcd-4b55-83b4-06493865a988', '0c6f2660-b51d-4835-9048-e4d75ece68c3', '988c96a7-a611-4c7a-bc77-962e916bc23c', NULL, 'worker-abandon', NULL, NULL, '2026-01-19 22:04:16.371403+00', NULL, '2026-01-19 22:04:16.371403+00', 0, 0, 'a76089bf-f232-4d1f-9b23-133cc8fa9153', '78e24c59-42fd-4a65-ad74-3c4ce8556f78'),
	('a4b69d02-9391-49aa-950b-627e42f82036', '8c0d529c-b3c4-4e6a-b400-d4cf143256f5', '988c96a7-a611-4c7a-bc77-962e916bc23c', NULL, NULL, NULL, NULL, '2026-01-19 22:04:43.009221+00', '2026-01-19 22:04:43.182125+00', '2026-01-19 22:04:43.009221+00', 0, 0, NULL, NULL),
	('62f53083-5411-4f96-8fb2-b651b6c08f82', '8c0d529c-b3c4-4e6a-b400-d4cf143256f5', '988c96a7-a611-4c7a-bc77-962e916bc23c', NULL, NULL, NULL, NULL, '2026-01-19 22:04:43.182125+00', '2026-01-19 22:04:54.297445+00', '2026-01-19 22:04:43.182125+00', 0, 0, NULL, NULL),
	('456cd573-5dcc-43c5-9004-4231ad743bd9', '8c0d529c-b3c4-4e6a-b400-d4cf143256f5', '988c96a7-a611-4c7a-bc77-962e916bc23c', NULL, 'session-completed', NULL, NULL, '2026-01-20 12:14:25.777718+00', NULL, '2026-01-20 12:14:25.777718+00', 0, 0, '50b60a3a-58b2-4d43-b452-88ef543814d9', '7b20fb75-2a18-48f4-933f-c5beded56bd5'),
	('0f1b5c54-3527-4375-9d5a-9562d3a0c2f2', 'ef04a5e3-8359-40fb-a3c8-dbfb435e9c04', 'aaaee715-fe2c-4612-ae07-2d801dbeab5b', NULL, NULL, NULL, NULL, '2026-01-17 20:41:46.022085+00', '2026-01-17 20:41:53.886253+00', '2026-01-17 20:41:46.022085+00', 0, 0, NULL, NULL),
	('bfc0554b-466b-4ca9-ae6d-7f41b5151dc0', 'ef04a5e3-8359-40fb-a3c8-dbfb435e9c04', 'aaaee715-fe2c-4612-ae07-2d801dbeab5b', NULL, NULL, NULL, NULL, '2026-01-17 20:41:55.972113+00', '2026-01-17 20:42:01.753391+00', '2026-01-17 20:41:55.972113+00', 7, 0, NULL, NULL),
	('b45db6fa-e86d-4e8a-81db-bd6cefc6c2f0', '78632f83-9384-4fb7-8794-7775f6220ad6', '988c96a7-a611-4c7a-bc77-962e916bc23c', NULL, NULL, NULL, NULL, '2026-01-20 13:48:19.561429+00', '2026-01-20 13:48:37.904045+00', '2026-01-20 13:48:19.561429+00', 0, 0, NULL, NULL),
	('fd374512-d0f6-4a19-b383-3684990da64c', '78632f83-9384-4fb7-8794-7775f6220ad6', 'aaaee715-fe2c-4612-ae07-2d801dbeab5b', NULL, NULL, NULL, NULL, '2026-01-20 13:48:48.766447+00', '2026-01-20 13:49:09.300906+00', '2026-01-20 13:48:48.766447+00', 2500, 0, '640bbdc0-c0d9-4463-87f8-11fb789f9753', '06d32f7d-281d-437b-bebb-2cacef345bd7'),
	('982ac61f-e5d9-4364-8119-25e0726b40bc', '78632f83-9384-4fb7-8794-7775f6220ad6', 'aaaee715-fe2c-4612-ae07-2d801dbeab5b', NULL, NULL, NULL, NULL, '2026-01-20 13:49:18.431211+00', '2026-01-20 13:50:06.094083+00', '2026-01-20 13:49:18.431211+00', 0, 30, '640bbdc0-c0d9-4463-87f8-11fb789f9753', '06d32f7d-281d-437b-bebb-2cacef345bd7'),
	('4bd7feff-aa11-45f8-9d27-2d134e369f98', '78632f83-9384-4fb7-8794-7775f6220ad6', '988c96a7-a611-4c7a-bc77-962e916bc23c', NULL, NULL, NULL, NULL, '2026-01-20 13:50:06.094083+00', '2026-01-20 13:50:43.142198+00', '2026-01-20 13:50:06.094083+00', 0, 0, '640bbdc0-c0d9-4463-87f8-11fb789f9753', '06d32f7d-281d-437b-bebb-2cacef345bd7'),
	('c07f228c-6273-4e62-93b2-415ad422482e', '78632f83-9384-4fb7-8794-7775f6220ad6', 'aaaee715-fe2c-4612-ae07-2d801dbeab5b', NULL, NULL, NULL, NULL, '2026-01-20 13:50:43.142198+00', '2026-01-20 13:51:01.168293+00', '2026-01-20 13:50:43.142198+00', 3000, 0, '640bbdc0-c0d9-4463-87f8-11fb789f9753', '06d32f7d-281d-437b-bebb-2cacef345bd7'),
	('b8d8de7c-124d-4f45-9943-9725ec78b2a9', '78632f83-9384-4fb7-8794-7775f6220ad6', '988c96a7-a611-4c7a-bc77-962e916bc23c', NULL, NULL, NULL, NULL, '2026-01-20 13:51:01.168293+00', '2026-01-20 15:01:09.323+00', '2026-01-20 13:51:01.168293+00', 0, 0, '640bbdc0-c0d9-4463-87f8-11fb789f9753', '06d32f7d-281d-437b-bebb-2cacef345bd7'),
	('ebbcb07b-f477-4858-88c7-692bfabe5046', '78632f83-9384-4fb7-8794-7775f6220ad6', '31b6bec2-2700-42c7-881a-e675ba87fb23', NULL, 'grace-window-expired', NULL, NULL, '2026-01-20 15:01:09.323+00', NULL, '2026-01-20 15:01:10.179422+00', 0, 0, NULL, NULL),
	('93b30846-4965-47dc-a916-34ac2319094f', '09d9b88d-0f9c-4730-9ce8-d1601cdd5def', '988c96a7-a611-4c7a-bc77-962e916bc23c', NULL, NULL, NULL, NULL, '2026-01-16 13:54:47.242318+00', '2026-01-16 13:54:55.638676+00', '2026-01-16 13:54:47.242318+00', 0, 0, NULL, NULL),
	('0077ee96-201b-413c-b179-a7bbe36ad119', '09d9b88d-0f9c-4730-9ce8-d1601cdd5def', 'aaaee715-fe2c-4612-ae07-2d801dbeab5b', NULL, NULL, NULL, NULL, '2026-01-16 13:54:55.638676+00', '2026-01-16 13:56:23.756462+00', '2026-01-16 13:54:55.638676+00', 0, 149, '84022274-459b-4db8-a631-9edc6c07eecd', '2f3e3060-719f-430d-b9c4-114dd4936b72'),
	('47f6e93d-037b-4fa1-832a-47fd89f966ad', '4d85f1bf-0aae-4745-a2d3-53ff75d440d2', '988c96a7-a611-4c7a-bc77-962e916bc23c', NULL, 'worker-abandon', NULL, NULL, '2026-01-17 13:52:49.607683+00', NULL, '2026-01-17 13:52:49.607683+00', 0, 0, NULL, NULL),
	('56888818-c017-437d-bc67-f4ce22e44dae', 'd827589f-b3d6-4472-8524-78d66e1a734a', 'aaaee715-fe2c-4612-ae07-2d801dbeab5b', NULL, NULL, NULL, NULL, '2026-01-17 13:53:24.977871+00', NULL, '2026-01-17 13:53:24.977871+00', 0, 0, NULL, NULL),
	('054fdcf5-7d8e-46b4-8e71-c450477ab95e', '89e55c70-64a7-4917-84f3-3f095b3c1b09', '988c96a7-a611-4c7a-bc77-962e916bc23c', NULL, NULL, NULL, NULL, '2026-01-17 14:54:43.988083+00', '2026-01-17 14:54:46.886765+00', '2026-01-17 14:54:43.988083+00', 0, 0, NULL, NULL),
	('2a7eb955-0982-4f95-b4fb-41f3c6603588', '89e55c70-64a7-4917-84f3-3f095b3c1b09', '988c96a7-a611-4c7a-bc77-962e916bc23c', NULL, NULL, NULL, NULL, '2026-01-17 14:54:46.886765+00', '2026-01-17 14:54:47.621061+00', '2026-01-17 14:54:46.886765+00', 0, 0, NULL, NULL),
	('d3c31ca0-1381-4fcc-b1c2-008cf58153e7', '89e55c70-64a7-4917-84f3-3f095b3c1b09', '988c96a7-a611-4c7a-bc77-962e916bc23c', NULL, NULL, NULL, NULL, '2026-01-17 14:54:47.621061+00', '2026-01-17 14:54:59.389629+00', '2026-01-17 14:54:47.621061+00', 0, 0, NULL, NULL),
	('eba18149-505b-435a-8636-70c93785847d', '89e55c70-64a7-4917-84f3-3f095b3c1b09', '988c96a7-a611-4c7a-bc77-962e916bc23c', NULL, NULL, NULL, NULL, '2026-01-17 14:55:11.247838+00', '2026-01-17 14:55:46.572929+00', '2026-01-17 14:55:11.247838+00', 0, 0, NULL, NULL),
	('1b07a391-770f-4c13-8c7e-6b15f436f5d8', '0d5d1ce7-9f9f-496e-88f2-96436548e0f5', '988c96a7-a611-4c7a-bc77-962e916bc23c', NULL, NULL, NULL, NULL, '2026-01-21 00:03:12.012646+00', '2026-01-21 00:03:44.89039+00', '2026-01-21 00:03:12.012646+00', 0, 0, NULL, NULL),
	('8991f920-c8ab-4af3-9b4c-8ed710a10051', '89e55c70-64a7-4917-84f3-3f095b3c1b09', 'aaaee715-fe2c-4612-ae07-2d801dbeab5b', NULL, NULL, NULL, NULL, '2026-01-17 14:55:46.572929+00', '2026-01-17 14:55:48.071025+00', '2026-01-17 14:55:46.572929+00', 0, 0, '7e6971a8-4783-4a37-b7e7-84bd9dff7494', 'e6a51633-1e30-4e58-a32e-e3385f978082'),
	('b3de51fd-40a0-4e2f-80f5-3ac013e7e808', 'd44e0c04-a1d6-48c7-9319-b622c556453f', '31b6bec2-2700-42c7-881a-e675ba87fb23', NULL, 'grace-window-expired', NULL, NULL, '2026-01-17 18:33:25.56+00', NULL, '2026-01-17 18:33:26.431274+00', 0, 0, NULL, NULL),
	('467ef2a2-06a2-458a-bf31-f98be129411f', '06e2d836-0344-47e7-9d30-4dc254d12662', 'aaaee715-fe2c-4612-ae07-2d801dbeab5b', NULL, NULL, NULL, NULL, '2026-01-17 22:59:05.268427+00', '2026-01-17 22:59:09.825326+00', '2026-01-17 22:59:05.268427+00', 0, 0, NULL, NULL),
	('28ec24cf-88fb-43b4-b437-48ad68a68bf2', '32207b0b-8aa4-4550-968c-29b9b7890ab4', 'aaaee715-fe2c-4612-ae07-2d801dbeab5b', NULL, NULL, NULL, NULL, '2026-01-17 18:34:06.288932+00', '2026-01-17 18:35:18.746502+00', '2026-01-17 18:34:06.288932+00', 50050, 0, '4b0e7964-b073-47b4-a292-963e17628283', '2296d8bf-eadf-41ad-b28b-b16fde7bbbb3'),
	('14d54259-0717-49ea-ae61-039d39e90223', '32207b0b-8aa4-4550-968c-29b9b7890ab4', '988c96a7-a611-4c7a-bc77-962e916bc23c', NULL, NULL, NULL, NULL, '2026-01-17 18:35:18.746502+00', '2026-01-17 18:35:40.986947+00', '2026-01-17 18:35:18.746502+00', 0, 0, NULL, NULL),
	('31d53c04-9ab0-460e-8376-b8d10066d121', 'e71cf7b8-1b0e-4759-bc33-6396a2efa47d', 'aaaee715-fe2c-4612-ae07-2d801dbeab5b', NULL, NULL, NULL, NULL, '2026-01-21 13:49:36.710009+00', '2026-01-21 13:49:54.640451+00', '2026-01-21 13:49:36.710009+00', 0, 0, 'a5e7e178-915e-4405-aa1e-320c10e2b479', '468617c1-21c7-46f4-914a-3a63cf9b584c'),
	('3b3eef98-a3a0-49ff-8cef-e9ef569bd149', '32207b0b-8aa4-4550-968c-29b9b7890ab4', 'aaaee715-fe2c-4612-ae07-2d801dbeab5b', NULL, NULL, NULL, NULL, '2026-01-17 18:35:40.986947+00', '2026-01-17 18:36:00.243719+00', '2026-01-17 18:35:40.986947+00', 20000, 0, '4b0e7964-b073-47b4-a292-963e17628283', '2296d8bf-eadf-41ad-b28b-b16fde7bbbb3'),
	('9badad2b-d4aa-4683-b2a7-8cb91d55b45d', '32207b0b-8aa4-4550-968c-29b9b7890ab4', '988c96a7-a611-4c7a-bc77-962e916bc23c', NULL, NULL, NULL, NULL, '2026-01-17 19:30:29.868987+00', '2026-01-17 19:30:51.903077+00', '2026-01-17 19:30:29.868987+00', 0, 0, NULL, NULL),
	('e5ac3fca-0387-4cf0-bffa-3dac9c111afe', 'da2d4142-9374-493a-a656-fe5cc261a4b3', '988c96a7-a611-4c7a-bc77-962e916bc23c', NULL, NULL, NULL, NULL, '2026-01-17 19:47:34.341487+00', '2026-01-17 19:47:40.4021+00', '2026-01-17 19:47:34.341487+00', 0, 0, NULL, NULL),
	('7f509a31-9a0a-4f32-9bc5-b31f8d52b266', 'da2d4142-9374-493a-a656-fe5cc261a4b3', '988c96a7-a611-4c7a-bc77-962e916bc23c', NULL, NULL, NULL, NULL, '2026-01-17 19:47:40.4021+00', '2026-01-17 19:47:49.599057+00', '2026-01-17 19:47:40.4021+00', 0, 0, NULL, NULL),
	('b76a2f95-c647-4b5c-a134-61c10b52ba29', 'da2d4142-9374-493a-a656-fe5cc261a4b3', '988c96a7-a611-4c7a-bc77-962e916bc23c', NULL, NULL, NULL, NULL, '2026-01-17 19:48:01.288776+00', '2026-01-17 19:48:26.108465+00', '2026-01-17 19:48:01.288776+00', 0, 0, NULL, NULL),
	('2313519d-565b-4202-99bb-3298aa99261e', 'da2d4142-9374-493a-a656-fe5cc261a4b3', '988c96a7-a611-4c7a-bc77-962e916bc23c', NULL, NULL, NULL, NULL, '2026-01-17 20:21:36.442083+00', '2026-01-17 20:22:43.839418+00', '2026-01-17 20:21:36.442083+00', 0, 0, NULL, NULL),
	('a0a345ea-4628-4c82-a6ac-59f4950086e1', 'da2d4142-9374-493a-a656-fe5cc261a4b3', 'f33ae7c3-0856-4219-8d19-d0dfd5019143', NULL, NULL, NULL, NULL, '2026-01-17 20:24:43.144605+00', '2026-01-17 20:24:46.838554+00', '2026-01-17 20:24:43.144605+00', 0, 0, NULL, NULL),
	('2fda2fbf-2749-414f-b19f-0d37f222a8a2', 'ef04a5e3-8359-40fb-a3c8-dbfb435e9c04', '988c96a7-a611-4c7a-bc77-962e916bc23c', NULL, NULL, NULL, NULL, '2026-01-17 20:41:53.886253+00', '2026-01-17 20:41:55.972113+00', '2026-01-17 20:41:53.886253+00', 0, 0, NULL, NULL),
	('1272ffe8-dd83-4599-9a05-9a3a5c055cbe', '863eebf0-6276-4183-9b74-9b696254b83d', '988c96a7-a611-4c7a-bc77-962e916bc23c', NULL, NULL, NULL, NULL, '2026-01-17 21:34:41.270632+00', '2026-01-17 21:34:42.073681+00', '2026-01-17 21:34:41.270632+00', 0, 0, NULL, NULL),
	('26af6e5d-fc02-42eb-8fae-99f678868b54', '863eebf0-6276-4183-9b74-9b696254b83d', '988c96a7-a611-4c7a-bc77-962e916bc23c', NULL, NULL, NULL, NULL, '2026-01-17 21:34:42.073681+00', '2026-01-17 21:34:47.352467+00', '2026-01-17 21:34:42.073681+00', 0, 0, NULL, NULL),
	('fe222482-3f58-4deb-aaa9-c4dd42f36089', '1540d389-1371-4d3f-b9fc-2b3330f64cb2', 'aaaee715-fe2c-4612-ae07-2d801dbeab5b', NULL, NULL, NULL, NULL, '2026-01-17 23:39:38.43057+00', '2026-01-17 23:40:21.258097+00', '2026-01-17 23:39:38.43057+00', 50, 0, '08baf2a3-c2c0-4425-a22b-8e2ec7db9438', '0521d520-358e-4f41-8748-279c09eb158d'),
	('13327eee-7d11-4552-90e0-803bbc115a98', '863eebf0-6276-4183-9b74-9b696254b83d', 'aaaee715-fe2c-4612-ae07-2d801dbeab5b', NULL, NULL, NULL, NULL, '2026-01-17 21:34:47.352467+00', '2026-01-17 21:35:27.892334+00', '2026-01-17 21:34:47.352467+00', 1000, 0, '865dd250-9a9c-4399-8954-fbb633fcf9d3', '4e625a7c-0786-44fe-8a99-aa02244df0a9'),
	('0457ed07-08d9-4538-954d-6a33d32ba897', '863eebf0-6276-4183-9b74-9b696254b83d', '988c96a7-a611-4c7a-bc77-962e916bc23c', NULL, NULL, NULL, NULL, '2026-01-17 22:43:36.826356+00', '2026-01-17 22:43:46.443088+00', '2026-01-17 22:43:36.826356+00', 0, 0, NULL, NULL),
	('b44070ff-f22f-40f8-9dce-32b6fb67a6ca', '1e5b1455-e02f-444b-a90e-9c7696934d06', 'aaaee715-fe2c-4612-ae07-2d801dbeab5b', NULL, NULL, NULL, NULL, '2026-01-17 22:44:24.64414+00', '2026-01-17 22:45:05.791896+00', '2026-01-17 22:44:24.64414+00', 0, 0, NULL, NULL),
	('0913c49e-cf3c-4da6-b794-7e1f71d75797', '11bb67fa-baf5-4e67-a6b6-68713479b224', '988c96a7-a611-4c7a-bc77-962e916bc23c', NULL, NULL, NULL, NULL, '2026-01-17 22:45:13.34563+00', '2026-01-17 22:45:16.883338+00', '2026-01-17 22:45:13.34563+00', 0, 0, NULL, NULL),
	('c4d3e941-bfd3-4371-9f53-548a301c071c', '1540d389-1371-4d3f-b9fc-2b3330f64cb2', '988c96a7-a611-4c7a-bc77-962e916bc23c', NULL, NULL, NULL, NULL, '2026-01-17 23:40:21.258097+00', '2026-01-17 23:41:22.43375+00', '2026-01-17 23:40:21.258097+00', 0, 0, '08baf2a3-c2c0-4425-a22b-8e2ec7db9438', '0521d520-358e-4f41-8748-279c09eb158d'),
	('502241c2-33c1-4899-bf98-51a0494dc452', '87ad9272-a24a-407c-8361-cf1aeb42a5a2', '988c96a7-a611-4c7a-bc77-962e916bc23c', NULL, 'grace-window-expired', NULL, NULL, '2026-01-18 10:03:09.364135+00', NULL, '2026-01-18 10:03:09.364135+00', 0, 0, NULL, NULL),
	('9b5a70a8-e742-4eb0-8ca4-a8f303d1e224', 'c9fd658c-655b-41bc-9db7-ff343b0fed92', '988c96a7-a611-4c7a-bc77-962e916bc23c', NULL, NULL, NULL, NULL, '2026-01-18 10:14:07.788783+00', '2026-01-18 10:14:12.023578+00', '2026-01-18 10:14:07.788783+00', 0, 0, NULL, NULL),
	('a1148cf8-d20d-4931-9377-905e1450428e', '448701da-e8bb-48e1-b7a2-42d49b1f9b29', '988c96a7-a611-4c7a-bc77-962e916bc23c', NULL, NULL, NULL, NULL, '2026-01-18 13:57:58.163106+00', '2026-01-18 13:58:06.173694+00', '2026-01-18 13:57:58.163106+00', 0, 0, NULL, NULL),
	('f6162ed7-e434-4ce1-ae86-f4717ed7e9f7', 'd82fae81-cb8a-4aaf-b22d-5490672be61f', '988c96a7-a611-4c7a-bc77-962e916bc23c', NULL, NULL, NULL, NULL, '2026-01-18 14:46:51.582026+00', '2026-01-18 14:47:14.265884+00', '2026-01-18 14:46:51.582026+00', 0, 0, '070a7ea5-da46-4989-8773-a4ee18a41126', '3d75df6c-ec7c-4fa5-8183-8fe3f4075fdf'),
	('fa739278-6e4c-4be5-b621-bf4eac00debb', 'fa93a627-4fe0-4813-a5ac-d6388f65e873', '988c96a7-a611-4c7a-bc77-962e916bc23c', NULL, NULL, NULL, NULL, '2026-01-21 13:50:51.421526+00', '2026-01-21 13:50:58.934185+00', '2026-01-21 13:50:51.421526+00', 0, 0, NULL, NULL),
	('2476edb4-a1c9-4c65-8c54-ed94dad95dd3', 'fa93a627-4fe0-4813-a5ac-d6388f65e873', '988c96a7-a611-4c7a-bc77-962e916bc23c', NULL, NULL, NULL, NULL, '2026-01-21 13:50:58.934185+00', '2026-01-21 13:50:59.145734+00', '2026-01-21 13:50:58.934185+00', 0, 0, NULL, NULL),
	('d68f8c9e-ecb6-4e3a-ae3e-0097bc63e496', 'a744227e-8e43-4d64-b1fe-a7602b86224a', '31b6bec2-2700-42c7-881a-e675ba87fb23', NULL, 'grace-window-expired', NULL, NULL, '2026-01-18 20:07:41.619+00', '2026-01-18 20:07:49.98424+00', '2026-01-18 20:07:42.980994+00', 0, 0, NULL, NULL),
	('269754db-0008-49a5-9612-85ebbce420b3', 'd82fae81-cb8a-4aaf-b22d-5490672be61f', 'aaaee715-fe2c-4612-ae07-2d801dbeab5b', NULL, NULL, NULL, NULL, '2026-01-18 14:47:27.62099+00', '2026-01-18 14:48:42.892025+00', '2026-01-18 14:47:27.62099+00', 0, 0, '070a7ea5-da46-4989-8773-a4ee18a41126', '3d75df6c-ec7c-4fa5-8183-8fe3f4075fdf'),
	('d7d31b64-4646-41bd-a2b3-594fb3b0f625', 'b065d4b3-5bcf-432d-a821-088b226c209b', '988c96a7-a611-4c7a-bc77-962e916bc23c', NULL, NULL, NULL, NULL, '2026-01-18 14:48:50.596281+00', '2026-01-18 14:48:57.141913+00', '2026-01-18 14:48:50.596281+00', 0, 0, NULL, NULL),
	('88ac123a-1d46-45d8-b846-5e92953fbe08', 'b065d4b3-5bcf-432d-a821-088b226c209b', 'aaaee715-fe2c-4612-ae07-2d801dbeab5b', NULL, NULL, NULL, NULL, '2026-01-18 14:48:57.141913+00', '2026-01-18 14:50:03.544827+00', '2026-01-18 14:48:57.141913+00', 0, 0, '070a7ea5-da46-4989-8773-a4ee18a41126', '3d75df6c-ec7c-4fa5-8183-8fe3f4075fdf'),
	('55f17201-66da-43f2-a7ac-2cef71af7864', 'b065d4b3-5bcf-432d-a821-088b226c209b', 'aaaee715-fe2c-4612-ae07-2d801dbeab5b', NULL, NULL, NULL, NULL, '2026-01-18 14:50:08.181241+00', '2026-01-18 14:50:21.435669+00', '2026-01-18 14:50:08.181241+00', 0, 0, '7e6971a8-4783-4a37-b7e7-84bd9dff7494', 'e6a51633-1e30-4e58-a32e-e3385f978082'),
	('3150ad05-5d60-493b-b286-4e511b878a52', 'b065d4b3-5bcf-432d-a821-088b226c209b', 'aaaee715-fe2c-4612-ae07-2d801dbeab5b', NULL, NULL, NULL, NULL, '2026-01-18 14:50:26.349224+00', '2026-01-18 14:52:36.490026+00', '2026-01-18 14:50:26.349224+00', 0, 0, '070a7ea5-da46-4989-8773-a4ee18a41126', '3d75df6c-ec7c-4fa5-8183-8fe3f4075fdf'),
	('e16f3d6b-d85e-48cf-a69c-46cca4947a8d', 'b065d4b3-5bcf-432d-a821-088b226c209b', 'aaaee715-fe2c-4612-ae07-2d801dbeab5b', NULL, NULL, NULL, NULL, '2026-01-18 14:54:22.204403+00', '2026-01-18 15:53:44.204146+00', '2026-01-18 14:54:22.204403+00', 0, 0, '7e6971a8-4783-4a37-b7e7-84bd9dff7494', 'e6a51633-1e30-4e58-a32e-e3385f978082'),
	('776f7e61-86d5-4bb7-aff4-15b59729722b', 'b065d4b3-5bcf-432d-a821-088b226c209b', 'aaaee715-fe2c-4612-ae07-2d801dbeab5b', NULL, NULL, NULL, NULL, '2026-01-18 16:34:36.733783+00', '2026-01-18 16:35:14.297594+00', '2026-01-18 16:34:36.733783+00', 0, 0, '7e6971a8-4783-4a37-b7e7-84bd9dff7494', 'e6a51633-1e30-4e58-a32e-e3385f978082'),
	('518b0e87-8f60-45d3-8f9b-adca30dc586f', '3c26e540-5806-4d74-bddf-6130b0919dda', '988c96a7-a611-4c7a-bc77-962e916bc23c', NULL, NULL, NULL, NULL, '2026-01-18 16:35:19.258743+00', '2026-01-18 16:35:22.706673+00', '2026-01-18 16:35:19.258743+00', 0, 0, NULL, NULL),
	('79af02f6-f004-4f2b-82f9-3ebfec761d7b', '3c26e540-5806-4d74-bddf-6130b0919dda', 'aaaee715-fe2c-4612-ae07-2d801dbeab5b', NULL, NULL, NULL, NULL, '2026-01-18 16:43:45.789321+00', '2026-01-18 16:43:54.017784+00', '2026-01-18 16:43:45.789321+00', 100, 0, '7e6971a8-4783-4a37-b7e7-84bd9dff7494', 'e6a51633-1e30-4e58-a32e-e3385f978082'),
	('ad942143-7406-48ae-a5c1-9a0bf5235a8c', '3c26e540-5806-4d74-bddf-6130b0919dda', 'aaaee715-fe2c-4612-ae07-2d801dbeab5b', NULL, NULL, NULL, NULL, '2026-01-18 17:37:36.603026+00', '2026-01-18 18:35:07.59678+00', '2026-01-18 17:37:36.603026+00', 0, 0, '7e6971a8-4783-4a37-b7e7-84bd9dff7494', 'e6a51633-1e30-4e58-a32e-e3385f978082'),
	('9bb55931-780a-4d20-86c0-5df90113abe8', '40d458d1-1b8c-48b4-a109-a783779312f0', 'aaaee715-fe2c-4612-ae07-2d801dbeab5b', NULL, NULL, NULL, NULL, '2026-01-18 19:48:32.109722+00', '2026-01-18 19:48:36.270353+00', '2026-01-18 19:48:32.109722+00', 0, 0, '070a7ea5-da46-4989-8773-a4ee18a41126', '3d75df6c-ec7c-4fa5-8183-8fe3f4075fdf'),
	('85347fc0-91bb-41ea-8a02-a3fbbe152207', '40d458d1-1b8c-48b4-a109-a783779312f0', 'aba59ce0-d35a-4a2a-a95f-5e0339f4942e', NULL, NULL, NULL, NULL, '2026-01-18 19:48:36.270353+00', '2026-01-18 19:54:09.621726+00', '2026-01-18 19:48:36.270353+00', 0, 0, '070a7ea5-da46-4989-8773-a4ee18a41126', '3d75df6c-ec7c-4fa5-8183-8fe3f4075fdf'),
	('17456c82-dbda-4529-bb3f-e285b8a4cfc7', 'e6a73c05-acdc-4c22-ad6d-372838f05421', '988c96a7-a611-4c7a-bc77-962e916bc23c', NULL, NULL, NULL, NULL, '2026-01-18 19:54:14.025614+00', '2026-01-18 19:58:01.640904+00', '2026-01-18 19:54:14.025614+00', 0, 0, NULL, NULL),
	('eeb3f7bf-7ab6-49a0-91aa-5790fa0f6537', 'd82fae81-cb8a-4aaf-b22d-5490672be61f', 'aaaee715-fe2c-4612-ae07-2d801dbeab5b', NULL, NULL, NULL, NULL, '2026-01-18 14:47:14.265884+00', '2026-01-18 14:47:22.243662+00', '2026-01-18 14:47:14.265884+00', 80, 0, NULL, NULL),
	('75781001-29a1-4bea-b1c8-b24b78a233a2', 'd82fae81-cb8a-4aaf-b22d-5490672be61f', 'aaaee715-fe2c-4612-ae07-2d801dbeab5b', NULL, NULL, NULL, NULL, '2026-01-18 14:47:22.243662+00', '2026-01-18 14:47:27.62099+00', '2026-01-18 14:47:22.243662+00', 0, 0, NULL, NULL),
	('8dc5782a-cd78-461e-bd90-fbacd5a76a47', '02f84917-614b-481e-94cd-339cce732457', '988c96a7-a611-4c7a-bc77-962e916bc23c', NULL, NULL, NULL, NULL, '2026-01-18 18:43:01.058762+00', '2026-01-18 18:43:06.230809+00', '2026-01-18 18:43:01.058762+00', 0, 0, NULL, NULL),
	('d9b9ca4c-e0e8-416b-8c9b-b59948bb25e7', '1b446bdf-b85e-4b92-b7b2-c0dbf614e2a9', 'aaaee715-fe2c-4612-ae07-2d801dbeab5b', NULL, NULL, NULL, NULL, '2026-01-18 20:09:18.273804+00', '2026-01-18 20:09:30.263974+00', '2026-01-18 20:09:18.273804+00', 0, 0, '7e6971a8-4783-4a37-b7e7-84bd9dff7494', 'e6a51633-1e30-4e58-a32e-e3385f978082'),
	('0fb9be31-1124-4495-bec3-6f3b8680d33e', 'ce9a85b5-78e2-4821-a17d-a9d355977b53', '988c96a7-a611-4c7a-bc77-962e916bc23c', NULL, NULL, NULL, NULL, '2026-01-18 20:11:17.32322+00', '2026-01-18 20:11:19.995436+00', '2026-01-18 20:11:17.32322+00', 0, 0, NULL, NULL),
	('035cd195-90a3-410a-9b88-80af33325032', '27107538-6e57-4ec3-bc94-8b2d98321b66', '988c96a7-a611-4c7a-bc77-962e916bc23c', NULL, NULL, NULL, NULL, '2026-01-19 18:41:50.348013+00', '2026-01-19 18:58:38.224947+00', '2026-01-19 18:41:50.348013+00', 0, 0, NULL, NULL),
	('006d7891-9c33-46e0-a1c0-9b31469c1da8', 'ce9a85b5-78e2-4821-a17d-a9d355977b53', 'aaaee715-fe2c-4612-ae07-2d801dbeab5b', NULL, NULL, NULL, NULL, '2026-01-18 20:15:06.921823+00', '2026-01-18 22:01:29.352+00', '2026-01-18 20:15:06.921823+00', 0, 0, 'e9cbc681-343a-47f2-8c81-f4e4e0e81cd6', '77a418d3-d9ce-43b1-ae3b-efd5f64680dd'),
	('030f6897-7078-4f1f-85fe-c89e146208dc', 'ce9a85b5-78e2-4821-a17d-a9d355977b53', '988c96a7-a611-4c7a-bc77-962e916bc23c', NULL, NULL, NULL, NULL, '2026-01-18 20:13:56.079543+00', '2026-01-18 20:13:59.577778+00', '2026-01-18 20:13:56.079543+00', 0, 0, NULL, NULL),
	('5636b0c8-ef65-4a6c-8666-55f086c5d755', '0c6f2660-b51d-4835-9048-e4d75ece68c3', 'aaaee715-fe2c-4612-ae07-2d801dbeab5b', NULL, NULL, NULL, NULL, '2026-01-19 22:02:18.822317+00', '2026-01-19 22:02:30.759344+00', '2026-01-19 22:02:18.822317+00', 5000, 0, 'a76089bf-f232-4d1f-9b23-133cc8fa9153', '78e24c59-42fd-4a65-ad74-3c4ce8556f78'),
	('11c3e099-f205-40bc-9ea1-f655c773e4ea', '8c0d529c-b3c4-4e6a-b400-d4cf143256f5', '988c96a7-a611-4c7a-bc77-962e916bc23c', NULL, NULL, NULL, NULL, '2026-01-19 22:04:37.695439+00', '2026-01-19 22:04:43.009221+00', '2026-01-19 22:04:37.695439+00', 0, 0, NULL, NULL),
	('535c1931-ddfb-499e-9d4b-8c3efb4af377', '09d9b88d-0f9c-4730-9ce8-d1601cdd5def', 'aaaee715-fe2c-4612-ae07-2d801dbeab5b', NULL, NULL, NULL, NULL, '2026-01-16 14:32:09.153904+00', '2026-01-16 14:32:32.717531+00', '2026-01-16 14:32:09.153904+00', 0, 0, '84022274-459b-4db8-a631-9edc6c07eecd', '2f3e3060-719f-430d-b9c4-114dd4936b72'),
	('b885d37b-b320-4c53-b838-ec9368b2c3ab', '09d9b88d-0f9c-4730-9ce8-d1601cdd5def', 'aaaee715-fe2c-4612-ae07-2d801dbeab5b', NULL, NULL, NULL, NULL, '2026-01-16 14:32:32.717531+00', '2026-01-16 14:32:38.656946+00', '2026-01-16 14:32:32.717531+00', 0, 0, NULL, NULL),
	('561d81a9-4db2-4ac8-82a0-767071f4d307', '09d9b88d-0f9c-4730-9ce8-d1601cdd5def', 'aaaee715-fe2c-4612-ae07-2d801dbeab5b', NULL, NULL, NULL, NULL, '2026-01-16 14:32:38.656946+00', '2026-01-16 14:58:38.754+00', '2026-01-16 14:32:38.656946+00', 0, 0, NULL, NULL),
	('c0def156-019b-4de9-947a-fc434d331f63', 'd827589f-b3d6-4472-8524-78d66e1a734a', '988c96a7-a611-4c7a-bc77-962e916bc23c', NULL, NULL, NULL, NULL, '2026-01-17 13:52:52.612651+00', '2026-01-17 13:52:55.475322+00', '2026-01-17 13:52:52.612651+00', 0, 0, NULL, NULL),
	('c362dbfc-de0d-4f2a-b016-17200828c3f9', 'b5047e23-1832-4ed4-81dc-e455e53a1f76', '988c96a7-a611-4c7a-bc77-962e916bc23c', NULL, NULL, NULL, NULL, '2026-01-17 13:54:39.097153+00', '2026-01-17 13:55:18.645083+00', '2026-01-17 13:54:39.097153+00', 0, 0, NULL, NULL),
	('877db3c8-70ea-45ca-ae1f-f8356ae57f3c', '89e55c70-64a7-4917-84f3-3f095b3c1b09', 'aaaee715-fe2c-4612-ae07-2d801dbeab5b', NULL, NULL, NULL, NULL, '2026-01-17 14:54:59.389629+00', '2026-01-17 14:55:11.247838+00', '2026-01-17 14:54:59.389629+00', 0, 10, '7e6971a8-4783-4a37-b7e7-84bd9dff7494', 'e6a51633-1e30-4e58-a32e-e3385f978082'),
	('b7b1d5ab-5a6f-4859-8212-c4d8e1d92773', 'a158e6a4-2e50-44c2-921b-0bad6a7de06f', '31b6bec2-2700-42c7-881a-e675ba87fb23', NULL, 'grace-window-expired', NULL, NULL, '2026-01-09 13:09:25.661+00', NULL, '2026-01-09 13:09:26.481119+00', 0, 0, NULL, NULL),
	('72c2449e-c2ba-449b-a6ff-6869ae4797c6', '777d2def-caf0-4ed7-a804-868c69c13f4b', '31b6bec2-2700-42c7-881a-e675ba87fb23', NULL, 'grace-window-expired', NULL, NULL, '2026-01-09 13:09:25.661+00', NULL, '2026-01-09 13:09:27.241781+00', 0, 0, NULL, NULL),
	('c0765bf0-038a-4cdb-ba44-9515fdad00a4', '68163238-c50b-4a09-8a72-fd4a2f1c1a2b', '31b6bec2-2700-42c7-881a-e675ba87fb23', NULL, 'grace-window-expired', NULL, NULL, '2026-01-09 13:09:25.661+00', NULL, '2026-01-09 13:09:27.969019+00', 0, 0, NULL, NULL),
	('6f6639fd-6a6f-4b0c-91aa-7a945e269bd5', '78eb9401-d159-411f-9f05-97a299e2497c', '988c96a7-a611-4c7a-bc77-962e916bc23c', NULL, NULL, NULL, NULL, '2026-01-09 14:23:09.057+00', '2026-01-09 14:23:46.976187+00', '2026-01-09 14:23:09.737918+00', 0, 0, NULL, NULL),
	('a267cba2-b03b-4f83-a173-1040a5deaff7', '78eb9401-d159-411f-9f05-97a299e2497c', '988c96a7-a611-4c7a-bc77-962e916bc23c', NULL, 'replaced-by-new-session', NULL, NULL, '2026-01-09 14:23:46.976187+00', NULL, '2026-01-09 14:23:46.976187+00', 0, 0, NULL, NULL),
	('1e67adc4-f30b-4078-8d55-8a346cba7aa9', '2ff78124-32f8-4d66-a5f8-ffd3c1192849', '988c96a7-a611-4c7a-bc77-962e916bc23c', NULL, NULL, NULL, NULL, '2026-01-09 14:23:47.086+00', '2026-01-09 14:25:15.497184+00', '2026-01-09 14:23:47.778865+00', 0, 0, NULL, NULL),
	('80505b82-06c8-44fc-af6f-2515561f36c4', '2ff78124-32f8-4d66-a5f8-ffd3c1192849', '988c96a7-a611-4c7a-bc77-962e916bc23c', NULL, 'replaced-by-new-session', NULL, NULL, '2026-01-09 14:25:15.497184+00', NULL, '2026-01-09 14:25:15.497184+00', 0, 0, NULL, NULL),
	('708bc729-d324-4820-8ddd-77b2a38f9921', '898aff74-d41e-46e4-92fb-0d49ada6a078', '988c96a7-a611-4c7a-bc77-962e916bc23c', NULL, NULL, NULL, NULL, '2026-01-09 14:25:15.567+00', '2026-01-09 14:25:21.21663+00', '2026-01-09 14:25:16.259216+00', 0, 0, NULL, NULL),
	('782d7adb-f63c-4dfd-a7df-475a30263ce5', '898aff74-d41e-46e4-92fb-0d49ada6a078', '988c96a7-a611-4c7a-bc77-962e916bc23c', NULL, NULL, NULL, NULL, '2026-01-09 14:25:21.21663+00', '2026-01-09 14:25:21.255622+00', '2026-01-09 14:25:21.21663+00', 0, 0, NULL, NULL),
	('af8bb2a2-b0be-42b7-888e-5faf6a702548', '898aff74-d41e-46e4-92fb-0d49ada6a078', '988c96a7-a611-4c7a-bc77-962e916bc23c', NULL, NULL, NULL, NULL, '2026-01-09 14:25:21.255622+00', '2026-01-09 14:49:05.876+00', '2026-01-09 14:25:21.255622+00', 0, 0, NULL, NULL),
	('ef389e58-d0e8-4812-b203-e99a75f87a6f', '898aff74-d41e-46e4-92fb-0d49ada6a078', '31b6bec2-2700-42c7-881a-e675ba87fb23', NULL, 'grace-window-expired', NULL, NULL, '2026-01-09 14:49:05.876+00', NULL, '2026-01-09 14:49:06.753819+00', 0, 0, NULL, NULL),
	('c3d392b0-79a1-4a02-8a40-7ab3678a4da5', '5342b579-29e2-48de-96d3-9aae1106edba', '988c96a7-a611-4c7a-bc77-962e916bc23c', NULL, NULL, NULL, NULL, '2026-01-09 14:29:05.515+00', '2026-01-09 14:49:05.876+00', '2026-01-09 14:29:06.207813+00', 0, 0, NULL, NULL),
	('b3fee40d-874d-418c-a364-eb54db61612a', '5342b579-29e2-48de-96d3-9aae1106edba', '31b6bec2-2700-42c7-881a-e675ba87fb23', NULL, 'grace-window-expired', NULL, NULL, '2026-01-09 14:49:05.876+00', NULL, '2026-01-09 14:49:07.545879+00', 0, 0, NULL, NULL),
	('4de1d0bb-7022-4f58-9fba-4641e9de13f5', '8e3a0f48-bae3-4d0b-9661-9011edd46839', '988c96a7-a611-4c7a-bc77-962e916bc23c', NULL, NULL, NULL, NULL, '2026-01-09 15:15:11.027+00', '2026-01-09 15:16:48.55631+00', '2026-01-09 15:15:11.732566+00', 0, 0, NULL, NULL),
	('6d8920b4-5241-4399-8838-f3a7ab93e9da', '8e3a0f48-bae3-4d0b-9661-9011edd46839', '988c96a7-a611-4c7a-bc77-962e916bc23c', NULL, 'worker-abandon', NULL, NULL, '2026-01-09 15:16:48.55631+00', NULL, '2026-01-09 15:16:48.55631+00', 0, 0, NULL, NULL),
	('761f7721-b2fe-4ba8-9c78-60d584769f11', '310f0e8a-5f85-48a0-9aee-01912d0810a8', '988c96a7-a611-4c7a-bc77-962e916bc23c', NULL, NULL, NULL, NULL, '2026-01-09 15:17:00.63+00', '2026-01-09 15:17:04.568036+00', '2026-01-09 15:17:01.353797+00', 0, 0, NULL, NULL),
	('3bcc22f4-1563-4d4a-b855-7f1ee13f88d0', '310f0e8a-5f85-48a0-9aee-01912d0810a8', 'f33ae7c3-0856-4219-8d19-d0dfd5019143', NULL, NULL, NULL, NULL, '2026-01-09 15:17:04.568036+00', '2026-01-09 15:17:05.161948+00', '2026-01-09 15:17:04.568036+00', 0, 0, NULL, NULL),
	('c3500792-0fd4-4ee1-b94d-a4fde65ed9a6', '310f0e8a-5f85-48a0-9aee-01912d0810a8', 'f33ae7c3-0856-4219-8d19-d0dfd5019143', NULL, NULL, NULL, NULL, '2026-01-09 15:17:05.161948+00', '2026-01-09 15:32:29.771913+00', '2026-01-09 15:17:05.161948+00', 0, 0, NULL, NULL),
	('1c3f7f9a-af89-48a8-b6ee-f1773f1d549b', '310f0e8a-5f85-48a0-9aee-01912d0810a8', '988c96a7-a611-4c7a-bc77-962e916bc23c', NULL, 'session-completed', NULL, NULL, '2026-01-09 15:32:29.771913+00', NULL, '2026-01-09 15:32:29.771913+00', 0, 0, NULL, NULL),
	('e4e1b7bc-bd71-464f-8ee2-e8cd12174d47', '0da5420d-60d8-4c53-90cd-7bf780084083', '988c96a7-a611-4c7a-bc77-962e916bc23c', NULL, NULL, NULL, NULL, '2026-01-09 15:32:42.29+00', '2026-01-09 15:45:03.403041+00', '2026-01-09 15:32:43.021883+00', 0, 0, NULL, NULL),
	('dbcdd652-569e-47d3-a913-0eb657ce75c4', '0da5420d-60d8-4c53-90cd-7bf780084083', '988c96a7-a611-4c7a-bc77-962e916bc23c', NULL, 'worker-abandon', NULL, NULL, '2026-01-09 15:45:03.403041+00', NULL, '2026-01-09 15:45:03.403041+00', 0, 0, NULL, NULL),
	('3f29e379-73ed-4de7-ad41-b3f4e94d00e1', '30b311b1-4920-434b-a914-fdb0bb03ffb3', '988c96a7-a611-4c7a-bc77-962e916bc23c', NULL, NULL, NULL, NULL, '2026-01-09 15:45:17.287+00', '2026-01-09 15:45:22.812269+00', '2026-01-09 15:45:18.04362+00', 0, 0, NULL, NULL),
	('0cae8b8d-ffab-4bf2-952f-9811a6371059', '30b311b1-4920-434b-a914-fdb0bb03ffb3', '988c96a7-a611-4c7a-bc77-962e916bc23c', NULL, NULL, NULL, NULL, '2026-01-09 15:45:22.812269+00', '2026-01-09 16:20:01.908234+00', '2026-01-09 15:45:22.812269+00', 0, 0, NULL, NULL),
	('2e528872-9f0c-4665-8b4b-31ce407cea7b', '30b311b1-4920-434b-a914-fdb0bb03ffb3', '988c96a7-a611-4c7a-bc77-962e916bc23c', NULL, 'grace-window-expired', NULL, NULL, '2026-01-09 16:20:01.908234+00', NULL, '2026-01-09 16:20:01.908234+00', 0, 0, NULL, NULL),
	('9de0089d-3eed-47ba-881b-4b8bb1bf8d66', '1bdd3e27-514f-49a6-bc2b-b24cf375021d', '988c96a7-a611-4c7a-bc77-962e916bc23c', NULL, NULL, NULL, NULL, '2026-01-09 16:20:13.144+00', '2026-01-09 16:20:18.558934+00', '2026-01-09 16:20:13.892389+00', 0, 0, NULL, NULL),
	('ad460a2b-be37-4a78-8165-e3667fa7a51c', '1bdd3e27-514f-49a6-bc2b-b24cf375021d', '988c96a7-a611-4c7a-bc77-962e916bc23c', NULL, NULL, NULL, NULL, '2026-01-09 16:20:18.558934+00', '2026-01-09 16:22:56.05624+00', '2026-01-09 16:20:18.558934+00', 0, 0, NULL, NULL),
	('81a66362-891a-44dd-8ad8-376e5d912c9b', '1bdd3e27-514f-49a6-bc2b-b24cf375021d', '988c96a7-a611-4c7a-bc77-962e916bc23c', NULL, 'worker-abandon', NULL, NULL, '2026-01-09 16:22:56.05624+00', NULL, '2026-01-09 16:22:56.05624+00', 0, 0, NULL, NULL),
	('bd899a1b-01d8-4e51-872f-c0e83dd7f3bd', '2a13e142-89fb-4d74-a9b9-560694bcc4a1', '988c96a7-a611-4c7a-bc77-962e916bc23c', NULL, NULL, NULL, NULL, '2026-01-09 16:23:06.388+00', '2026-01-09 16:23:10.872808+00', '2026-01-09 16:23:07.12632+00', 0, 0, NULL, NULL),
	('2c6825dc-75fc-4de8-b5f8-6526d18e82a7', '2a13e142-89fb-4d74-a9b9-560694bcc4a1', '988c96a7-a611-4c7a-bc77-962e916bc23c', NULL, NULL, NULL, NULL, '2026-01-09 16:23:10.872808+00', '2026-01-09 16:23:11.603432+00', '2026-01-09 16:23:10.872808+00', 0, 0, NULL, NULL),
	('a94f6f00-67ad-4656-b396-f779169dc70d', '2a13e142-89fb-4d74-a9b9-560694bcc4a1', '988c96a7-a611-4c7a-bc77-962e916bc23c', NULL, NULL, NULL, NULL, '2026-01-09 16:23:11.603432+00', '2026-01-10 14:46:31.34+00', '2026-01-09 16:23:11.603432+00', 0, 0, NULL, NULL),
	('41460201-e3e0-4b90-b751-e0e84067c5d0', '2a13e142-89fb-4d74-a9b9-560694bcc4a1', '31b6bec2-2700-42c7-881a-e675ba87fb23', NULL, 'grace-window-expired', NULL, NULL, '2026-01-10 14:46:31.34+00', NULL, '2026-01-10 14:46:32.963744+00', 0, 0, NULL, NULL),
	('c21fafe9-180e-4364-ac4b-9be8b31dac61', '4cc95beb-adfd-4422-8d8a-7e670146afbf', '988c96a7-a611-4c7a-bc77-962e916bc23c', NULL, NULL, NULL, NULL, '2026-01-10 14:49:18.79+00', '2026-01-10 14:49:25.215562+00', '2026-01-10 14:49:19.829112+00', 0, 0, NULL, NULL),
	('1162c2bd-175d-4076-8fe3-79ff957aa811', '4cc95beb-adfd-4422-8d8a-7e670146afbf', '988c96a7-a611-4c7a-bc77-962e916bc23c', NULL, NULL, NULL, NULL, '2026-01-10 14:49:25.215562+00', '2026-01-10 15:30:39.217371+00', '2026-01-10 14:49:25.215562+00', 0, 0, NULL, NULL),
	('3233d8e2-f0ca-4809-8360-37dad4786c57', '4cc95beb-adfd-4422-8d8a-7e670146afbf', '988c96a7-a611-4c7a-bc77-962e916bc23c', NULL, 'replaced-by-new-session', NULL, NULL, '2026-01-10 15:30:39.217371+00', NULL, '2026-01-10 15:30:39.217371+00', 0, 0, NULL, NULL),
	('66d96bdc-bc4e-42e0-afb7-d42597bf6804', '6df0d1b6-80c8-4e95-bd1d-3d0d472ff478', '988c96a7-a611-4c7a-bc77-962e916bc23c', NULL, NULL, NULL, NULL, '2026-01-10 15:30:39.342+00', '2026-01-10 15:30:44.858293+00', '2026-01-10 15:30:40.004485+00', 0, 0, NULL, NULL),
	('56b822b3-5aa1-441e-af0d-f2fec3b9f1f2', '6df0d1b6-80c8-4e95-bd1d-3d0d472ff478', '988c96a7-a611-4c7a-bc77-962e916bc23c', NULL, NULL, NULL, NULL, '2026-01-10 15:30:44.858293+00', '2026-01-10 15:31:21.057587+00', '2026-01-10 15:30:44.858293+00', 0, 0, NULL, NULL),
	('dfec784a-191e-4ffb-bae9-4c5b0a904a10', '6df0d1b6-80c8-4e95-bd1d-3d0d472ff478', '988c96a7-a611-4c7a-bc77-962e916bc23c', NULL, 'worker-abandon', NULL, NULL, '2026-01-10 15:31:21.057587+00', NULL, '2026-01-10 15:31:21.057587+00', 0, 0, NULL, NULL),
	('5b2c9fb2-1d63-4b5c-b217-bc9b529296cb', 'a0eb6bde-5968-44ec-804c-dc786962900e', '988c96a7-a611-4c7a-bc77-962e916bc23c', NULL, NULL, NULL, NULL, '2026-01-10 15:31:40.985+00', '2026-01-10 15:31:48.898199+00', '2026-01-10 15:31:41.645186+00', 0, 0, NULL, NULL),
	('55245ad3-6f87-4b4e-8ac9-7d2675fe9db2', 'a0eb6bde-5968-44ec-804c-dc786962900e', '988c96a7-a611-4c7a-bc77-962e916bc23c', NULL, NULL, NULL, NULL, '2026-01-10 15:31:48.898199+00', '2026-01-10 15:39:17.013671+00', '2026-01-10 15:31:48.898199+00', 0, 0, NULL, NULL),
	('d47859e3-4437-43d4-8f1e-e9bc6f632a73', 'a0eb6bde-5968-44ec-804c-dc786962900e', '988c96a7-a611-4c7a-bc77-962e916bc23c', NULL, 'replaced-by-new-session', NULL, NULL, '2026-01-10 15:39:17.013671+00', NULL, '2026-01-10 15:39:17.013671+00', 0, 0, NULL, NULL),
	('1f8d2372-c116-4c1d-ae66-b99f85ab3838', '64cbef6c-6acf-4165-bd2f-7fa1e03fe404', '988c96a7-a611-4c7a-bc77-962e916bc23c', NULL, NULL, NULL, NULL, '2026-01-10 15:39:17.142+00', '2026-01-10 15:39:21.293936+00', '2026-01-10 15:39:17.756458+00', 0, 0, NULL, NULL),
	('588c6c15-9423-4550-bba8-84092afb605b', '64cbef6c-6acf-4165-bd2f-7fa1e03fe404', 'f33ae7c3-0856-4219-8d19-d0dfd5019143', NULL, NULL, NULL, NULL, '2026-01-10 15:39:21.293936+00', '2026-01-10 15:39:29.74676+00', '2026-01-10 15:39:21.293936+00', 0, 0, NULL, NULL),
	('16b121f4-1e98-449a-8a65-381a8d73cac7', '64cbef6c-6acf-4165-bd2f-7fa1e03fe404', '9e7ea5f4-3025-4acb-9708-6bbbb13adbdf', NULL, NULL, NULL, NULL, '2026-01-10 15:39:29.74676+00', '2026-01-10 15:39:39.933271+00', '2026-01-10 15:39:29.74676+00', 0, 0, NULL, NULL),
	('70e803a1-a73a-4351-8f47-dab3c4195dd1', '64cbef6c-6acf-4165-bd2f-7fa1e03fe404', 'f33ae7c3-0856-4219-8d19-d0dfd5019143', NULL, NULL, NULL, NULL, '2026-01-10 15:39:39.933271+00', '2026-01-10 15:39:40.683443+00', '2026-01-10 15:39:39.933271+00', 0, 0, NULL, NULL),
	('10424a9b-23e7-4192-a4b6-d21cbe9fbea6', '64cbef6c-6acf-4165-bd2f-7fa1e03fe404', 'f33ae7c3-0856-4219-8d19-d0dfd5019143', NULL, NULL, NULL, NULL, '2026-01-10 15:39:40.683443+00', '2026-01-10 15:39:59.08914+00', '2026-01-10 15:39:40.683443+00', 0, 0, NULL, NULL),
	('95950309-21a4-4fb1-890b-abcd6f229294', '64cbef6c-6acf-4165-bd2f-7fa1e03fe404', '988c96a7-a611-4c7a-bc77-962e916bc23c', NULL, 'worker-abandon', NULL, NULL, '2026-01-10 15:39:59.08914+00', NULL, '2026-01-10 15:39:59.08914+00', 0, 0, NULL, NULL),
	('46fe0ba4-e697-4e32-a5ea-d3eb04293e5b', '7210daf7-d411-405d-b246-c22876227c48', '988c96a7-a611-4c7a-bc77-962e916bc23c', NULL, NULL, NULL, NULL, '2026-01-10 15:40:07.844+00', '2026-01-10 15:40:13.135706+00', '2026-01-10 15:40:08.456406+00', 0, 0, NULL, NULL),
	('5523ea84-726f-4911-8c9f-ecd5460158b6', '7210daf7-d411-405d-b246-c22876227c48', '988c96a7-a611-4c7a-bc77-962e916bc23c', NULL, NULL, NULL, NULL, '2026-01-10 15:40:13.135706+00', '2026-01-10 15:56:23.703285+00', '2026-01-10 15:40:13.135706+00', 0, 0, NULL, NULL),
	('4b849c5a-2137-4f6d-8c6d-697947345f0e', '7210daf7-d411-405d-b246-c22876227c48', '988c96a7-a611-4c7a-bc77-962e916bc23c', NULL, 'worker-abandon', NULL, NULL, '2026-01-10 15:56:23.703285+00', NULL, '2026-01-10 15:56:23.703285+00', 0, 0, NULL, NULL),
	('e55ab6ac-3537-4349-925b-d542573e1386', 'f763f0e8-c2bb-4494-bc01-21c21cfa81f7', '988c96a7-a611-4c7a-bc77-962e916bc23c', NULL, NULL, NULL, NULL, '2026-01-10 15:56:38.56+00', '2026-01-10 15:56:42.218563+00', '2026-01-10 15:56:39.116788+00', 0, 0, NULL, NULL),
	('4a417362-5621-4543-a0ad-0ecd89365b8e', 'f763f0e8-c2bb-4494-bc01-21c21cfa81f7', 'f33ae7c3-0856-4219-8d19-d0dfd5019143', NULL, NULL, NULL, NULL, '2026-01-10 15:56:42.218563+00', '2026-01-10 15:59:28.536059+00', '2026-01-10 15:56:42.218563+00', 0, 0, NULL, NULL),
	('b4f24a55-535e-434b-b227-253d8bd17253', 'f763f0e8-c2bb-4494-bc01-21c21cfa81f7', '988c96a7-a611-4c7a-bc77-962e916bc23c', NULL, 'worker-abandon', NULL, NULL, '2026-01-10 15:59:28.536059+00', NULL, '2026-01-10 15:59:28.536059+00', 0, 0, NULL, NULL),
	('64165fcf-b0e3-4a88-8b74-4743a61288d7', 'fe31b0d3-a43d-4073-87fc-c955c9c26fd9', '988c96a7-a611-4c7a-bc77-962e916bc23c', NULL, NULL, NULL, NULL, '2026-01-10 15:59:38.965+00', '2026-01-10 15:59:43.58253+00', '2026-01-10 15:59:39.489688+00', 0, 0, NULL, NULL),
	('ace567b1-6afd-4cb1-a57a-871683a1aaa3', 'fe31b0d3-a43d-4073-87fc-c955c9c26fd9', '988c96a7-a611-4c7a-bc77-962e916bc23c', NULL, NULL, NULL, NULL, '2026-01-10 15:59:43.58253+00', '2026-01-10 15:59:44.215105+00', '2026-01-10 15:59:43.58253+00', 0, 0, NULL, NULL),
	('5e5a1db9-31ff-41aa-8e6a-cce6c2e5902d', 'fe31b0d3-a43d-4073-87fc-c955c9c26fd9', '988c96a7-a611-4c7a-bc77-962e916bc23c', NULL, NULL, NULL, NULL, '2026-01-10 15:59:44.215105+00', '2026-01-10 17:14:32.523663+00', '2026-01-10 15:59:44.215105+00', 0, 0, NULL, NULL),
	('1a9bc869-8642-492d-aab3-a475e86b78f0', 'fe31b0d3-a43d-4073-87fc-c955c9c26fd9', '988c96a7-a611-4c7a-bc77-962e916bc23c', NULL, 'session-completed', NULL, NULL, '2026-01-10 17:14:32.523663+00', NULL, '2026-01-10 17:14:32.523663+00', 0, 0, NULL, NULL),
	('ee45763a-0782-459d-ae4e-2144888574a7', '2b6b8433-29d2-4a23-b27a-f4217ec1eb01', '988c96a7-a611-4c7a-bc77-962e916bc23c', NULL, NULL, NULL, NULL, '2026-01-10 17:14:49.489+00', '2026-01-10 17:15:13.839962+00', '2026-01-10 17:14:49.924042+00', 0, 0, NULL, NULL),
	('d82c19c2-f210-4f76-9619-360249db44c4', '2b6b8433-29d2-4a23-b27a-f4217ec1eb01', 'f33ae7c3-0856-4219-8d19-d0dfd5019143', NULL, NULL, NULL, NULL, '2026-01-10 17:15:13.839962+00', '2026-01-10 17:15:14.899441+00', '2026-01-10 17:15:13.839962+00', 0, 0, NULL, NULL),
	('b49c44c9-be3b-4d72-995d-aad5bcaf2e06', '2b6b8433-29d2-4a23-b27a-f4217ec1eb01', 'f33ae7c3-0856-4219-8d19-d0dfd5019143', NULL, NULL, NULL, NULL, '2026-01-10 17:15:14.899441+00', '2026-01-10 17:15:17.656159+00', '2026-01-10 17:15:14.899441+00', 0, 0, NULL, NULL),
	('45bfe160-2389-434c-be35-a53e660a851f', 'd44e0c04-a1d6-48c7-9319-b622c556453f', 'aaaee715-fe2c-4612-ae07-2d801dbeab5b', NULL, NULL, NULL, NULL, '2026-01-17 18:16:44.458829+00', '2026-01-17 18:16:49.285073+00', '2026-01-17 18:16:44.458829+00', 0, 0, NULL, NULL),
	('9fb551f2-58a9-4ef7-8d87-6d0ff63ea5a9', '32207b0b-8aa4-4550-968c-29b9b7890ab4', '988c96a7-a611-4c7a-bc77-962e916bc23c', NULL, NULL, NULL, NULL, '2026-01-17 18:36:00.243719+00', '2026-01-17 18:36:29.959954+00', '2026-01-17 18:36:00.243719+00', 0, 0, NULL, NULL),
	('ececcfd9-583b-4221-a87f-6edce50abf2c', '32207b0b-8aa4-4550-968c-29b9b7890ab4', 'aaaee715-fe2c-4612-ae07-2d801dbeab5b', NULL, NULL, NULL, NULL, '2026-01-17 18:36:29.959954+00', '2026-01-17 18:36:36.472696+00', '2026-01-17 18:36:29.959954+00', 0, 0, '4b0e7964-b073-47b4-a292-963e17628283', '2296d8bf-eadf-41ad-b28b-b16fde7bbbb3'),
	('f1a59e69-4a5d-4bdd-9d74-b730d67c6403', '2b6b8433-29d2-4a23-b27a-f4217ec1eb01', '31b6bec2-2700-42c7-881a-e675ba87fb23', NULL, NULL, NULL, NULL, '2026-01-10 17:15:17.656159+00', '2026-01-10 17:16:35.987756+00', '2026-01-10 17:15:17.656159+00', 0, 0, NULL, NULL),
	('5126136d-1f7c-4452-a36f-224e914bce7e', '2b6b8433-29d2-4a23-b27a-f4217ec1eb01', '988c96a7-a611-4c7a-bc77-962e916bc23c', NULL, 'replaced-by-new-session', NULL, NULL, '2026-01-10 17:16:35.987756+00', NULL, '2026-01-10 17:16:35.987756+00', 0, 0, NULL, NULL),
	('ce159400-fe52-47e2-a7ee-930be76e7db5', '2029b495-392d-46a4-9732-5a9832d1bf9e', '988c96a7-a611-4c7a-bc77-962e916bc23c', NULL, NULL, NULL, NULL, '2026-01-10 17:16:36.31+00', '2026-01-10 17:16:40.516431+00', '2026-01-10 17:16:36.74546+00', 0, 0, NULL, NULL),
	('0de73634-af4f-4618-94f7-4d69e06374ab', '2029b495-392d-46a4-9732-5a9832d1bf9e', '988c96a7-a611-4c7a-bc77-962e916bc23c', NULL, NULL, NULL, NULL, '2026-01-10 17:16:40.516431+00', '2026-01-10 17:16:41.777242+00', '2026-01-10 17:16:40.516431+00', 0, 0, NULL, NULL),
	('f18ac4e8-2e3d-4c7d-9c0b-98caa8401e1c', '2029b495-392d-46a4-9732-5a9832d1bf9e', '9e7ea5f4-3025-4acb-9708-6bbbb13adbdf', NULL, NULL, NULL, NULL, '2026-01-10 17:16:41.777242+00', '2026-01-10 18:06:24.68685+00', '2026-01-10 17:16:41.777242+00', 0, 0, NULL, NULL),
	('3510453a-634c-4726-9508-594779deadaa', '2029b495-392d-46a4-9732-5a9832d1bf9e', '988c96a7-a611-4c7a-bc77-962e916bc23c', NULL, NULL, NULL, NULL, '2026-01-10 18:06:24.68685+00', '2026-01-10 18:06:24.864402+00', '2026-01-10 18:06:24.68685+00', 0, 0, NULL, NULL),
	('3a1c09cb-2d16-4998-a823-d175e1335d59', '2029b495-392d-46a4-9732-5a9832d1bf9e', '988c96a7-a611-4c7a-bc77-962e916bc23c', NULL, NULL, NULL, NULL, '2026-01-10 18:06:24.864402+00', '2026-01-10 18:21:30.781956+00', '2026-01-10 18:06:24.864402+00', 0, 0, NULL, NULL),
	('822c2efa-6b45-440f-98df-9d0f5cdc285b', '2029b495-392d-46a4-9732-5a9832d1bf9e', 'aaaee715-fe2c-4612-ae07-2d801dbeab5b', NULL, NULL, NULL, NULL, '2026-01-10 18:21:30.781956+00', '2026-01-10 18:22:17.641884+00', '2026-01-10 18:21:30.781956+00', 0, 0, NULL, NULL),
	('b77c2274-2e61-46b4-9387-86d2f13f1499', '2029b495-392d-46a4-9732-5a9832d1bf9e', 'aba59ce0-d35a-4a2a-a95f-5e0339f4942e', NULL, NULL, NULL, NULL, '2026-01-10 18:22:17.641884+00', '2026-01-10 18:22:34.190671+00', '2026-01-10 18:22:17.641884+00', 0, 0, NULL, NULL),
	('59724b88-7260-40f0-bafe-43ae37d91e54', '2029b495-392d-46a4-9732-5a9832d1bf9e', 'aaaee715-fe2c-4612-ae07-2d801dbeab5b', NULL, NULL, NULL, NULL, '2026-01-10 18:22:34.190671+00', '2026-01-10 18:23:00.158219+00', '2026-01-10 18:22:34.190671+00', 0, 0, NULL, NULL),
	('863accd2-0b53-42c7-a9eb-6f8679986198', '2029b495-392d-46a4-9732-5a9832d1bf9e', 'f33ae7c3-0856-4219-8d19-d0dfd5019143', 'general-report', NULL, NULL, NULL, '2026-01-10 18:23:00.158219+00', '2026-01-10 18:25:59.898325+00', '2026-01-10 18:23:00.158219+00', 0, 0, NULL, NULL),
	('d886db9b-2fb8-40a8-bc20-2bccd6bbb4a2', '2029b495-392d-46a4-9732-5a9832d1bf9e', '9e7ea5f4-3025-4acb-9708-6bbbb13adbdf', NULL, NULL, NULL, NULL, '2026-01-10 18:25:59.898325+00', '2026-01-10 18:26:10.561573+00', '2026-01-10 18:25:59.898325+00', 0, 0, NULL, NULL),
	('e08d96fa-6d66-4f7c-a2b8-f2c50b46801f', '2029b495-392d-46a4-9732-5a9832d1bf9e', 'aaaee715-fe2c-4612-ae07-2d801dbeab5b', NULL, NULL, NULL, NULL, '2026-01-10 18:26:10.561573+00', '2026-01-10 18:26:20.487075+00', '2026-01-10 18:26:10.561573+00', 0, 0, NULL, NULL),
	('914c678b-6588-4f1b-9cde-249105ad58a4', '2029b495-392d-46a4-9732-5a9832d1bf9e', 'f33ae7c3-0856-4219-8d19-d0dfd5019143', 'general-report', NULL, NULL, NULL, '2026-01-10 18:26:20.487075+00', '2026-01-11 13:39:41.586263+00', '2026-01-10 18:26:20.487075+00', 0, 0, NULL, NULL),
	('00f127f2-b60a-4500-b3b8-1ff818072ad3', '2029b495-392d-46a4-9732-5a9832d1bf9e', '988c96a7-a611-4c7a-bc77-962e916bc23c', NULL, 'grace-window-expired', NULL, NULL, '2026-01-11 13:39:41.586263+00', NULL, '2026-01-11 13:39:41.586263+00', 0, 0, NULL, NULL),
	('226a8974-7a69-45c7-affa-09486c3c438c', '94268ca3-4049-4f87-ad10-81fdde9b28fe', '988c96a7-a611-4c7a-bc77-962e916bc23c', NULL, NULL, NULL, NULL, '2026-01-11 13:40:03.546+00', '2026-01-11 13:40:11.009319+00', '2026-01-11 13:40:03.976002+00', 0, 0, NULL, NULL),
	('25cdcb12-6d6e-4609-91aa-07ab15788352', '94268ca3-4049-4f87-ad10-81fdde9b28fe', '988c96a7-a611-4c7a-bc77-962e916bc23c', NULL, NULL, NULL, NULL, '2026-01-11 13:40:11.009319+00', '2026-01-11 13:43:08.477691+00', '2026-01-11 13:40:11.009319+00', 0, 0, NULL, NULL),
	('342eeed4-03aa-4ca0-91fc-1d68ed64eb37', '94268ca3-4049-4f87-ad10-81fdde9b28fe', 'aba59ce0-d35a-4a2a-a95f-5e0339f4942e', NULL, NULL, NULL, NULL, '2026-01-11 13:43:08.477691+00', '2026-01-11 13:44:33.184034+00', '2026-01-11 13:43:08.477691+00', 0, 0, NULL, NULL),
	('cab2899a-5c79-4fcb-939d-b3e36d00ab6a', '94268ca3-4049-4f87-ad10-81fdde9b28fe', 'f33ae7c3-0856-4219-8d19-d0dfd5019143', 'general-report', NULL, NULL, NULL, '2026-01-11 13:44:33.184034+00', '2026-01-11 13:44:42.725561+00', '2026-01-11 13:44:33.184034+00', 0, 0, NULL, NULL),
	('7a955d87-aff1-4a59-abdc-93432859766a', 'ef32c986-3f35-4a9f-a616-21179892ec13', '988c96a7-a611-4c7a-bc77-962e916bc23c', NULL, NULL, NULL, NULL, '2026-01-11 14:07:03.33+00', '2026-01-11 14:07:07.560111+00', '2026-01-11 14:07:03.763833+00', 0, 0, NULL, NULL),
	('a32bf399-55e0-45bc-9716-5aa3b6b4d89b', 'ef32c986-3f35-4a9f-a616-21179892ec13', 'f33ae7c3-0856-4219-8d19-d0dfd5019143', NULL, NULL, NULL, NULL, '2026-01-11 14:07:07.560111+00', '2026-01-11 14:07:08.574457+00', '2026-01-11 14:07:07.560111+00', 0, 0, NULL, NULL),
	('70a84906-0bb5-4557-bde4-b04f9f795647', 'ef32c986-3f35-4a9f-a616-21179892ec13', 'f33ae7c3-0856-4219-8d19-d0dfd5019143', NULL, NULL, NULL, NULL, '2026-01-11 14:07:08.574457+00', '2026-01-11 14:07:18.263548+00', '2026-01-11 14:07:08.574457+00', 0, 0, NULL, NULL),
	('59f3a8d1-1743-4f00-ad89-e7dc68be5167', 'ef32c986-3f35-4a9f-a616-21179892ec13', 'aba59ce0-d35a-4a2a-a95f-5e0339f4942e', NULL, NULL, NULL, NULL, '2026-01-11 14:07:18.263548+00', '2026-01-11 14:08:47.42749+00', '2026-01-11 14:07:18.263548+00', 0, 0, NULL, NULL),
	('e5e51dd5-5f69-4204-bba5-5d22c8d53ab6', '9e666fe9-db81-4dcc-b5c6-726db194c77e', '988c96a7-a611-4c7a-bc77-962e916bc23c', NULL, NULL, NULL, NULL, '2026-01-11 14:08:47.798+00', '2026-01-11 14:08:51.802312+00', '2026-01-11 14:08:48.247562+00', 0, 0, NULL, NULL),
	('fe582c9f-2544-4b57-8582-8e8868a0e2eb', '9e666fe9-db81-4dcc-b5c6-726db194c77e', 'f33ae7c3-0856-4219-8d19-d0dfd5019143', NULL, NULL, NULL, NULL, '2026-01-11 14:08:51.802312+00', '2026-01-11 14:08:54.987038+00', '2026-01-11 14:08:51.802312+00', 0, 0, NULL, NULL),
	('7e1c7920-d4b2-4108-b046-05c3a94cfc2c', '9e666fe9-db81-4dcc-b5c6-726db194c77e', 'aba59ce0-d35a-4a2a-a95f-5e0339f4942e', NULL, NULL, NULL, NULL, '2026-01-11 14:08:54.987038+00', '2026-01-11 14:09:07.62055+00', '2026-01-11 14:08:54.987038+00', 0, 0, NULL, NULL),
	('9619860c-485e-4537-a84e-b26212da70a6', '9e666fe9-db81-4dcc-b5c6-726db194c77e', '988c96a7-a611-4c7a-bc77-962e916bc23c', NULL, 'session-completed', NULL, NULL, '2026-01-11 14:09:07.62055+00', '2026-01-11 14:09:07.656219+00', '2026-01-11 14:09:07.62055+00', 0, 0, NULL, NULL),
	('38fbae14-d23c-4a93-9cdc-3a98c9bac533', '9e666fe9-db81-4dcc-b5c6-726db194c77e', '988c96a7-a611-4c7a-bc77-962e916bc23c', NULL, 'session-completed', NULL, NULL, '2026-01-11 14:09:07.656219+00', NULL, '2026-01-11 14:09:07.656219+00', 0, 0, NULL, NULL),
	('0ced71cc-d3b6-458f-b0d8-6f5d12cec31d', 'f7eac127-234a-4e1e-9862-c959832cd731', '988c96a7-a611-4c7a-bc77-962e916bc23c', NULL, NULL, NULL, NULL, '2026-01-11 14:09:20.634+00', '2026-01-11 14:09:23.777973+00', '2026-01-11 14:09:21.062077+00', 0, 0, NULL, NULL),
	('bc64540e-6aae-421c-9a22-00846f445919', 'f7eac127-234a-4e1e-9862-c959832cd731', 'f33ae7c3-0856-4219-8d19-d0dfd5019143', NULL, NULL, NULL, NULL, '2026-01-11 14:09:23.777973+00', '2026-01-11 14:09:26.416219+00', '2026-01-11 14:09:23.777973+00', 0, 0, NULL, NULL),
	('28597969-5f6d-434e-810f-fb21a2305bb6', 'ef32c986-3f35-4a9f-a616-21179892ec13', '988c96a7-a611-4c7a-bc77-962e916bc23c', NULL, 'replaced-by-new-session', NULL, NULL, '2026-01-11 14:08:47.42749+00', '2026-01-11 14:16:58.175796+00', '2026-01-11 14:08:47.42749+00', 0, 0, NULL, NULL),
	('e177c41d-8522-474f-b236-30772124f892', '94268ca3-4049-4f87-ad10-81fdde9b28fe', 'aba59ce0-d35a-4a2a-a95f-5e0339f4942e', NULL, NULL, NULL, NULL, '2026-01-11 13:44:42.725561+00', '2026-01-11 14:17:19.994+00', '2026-01-11 13:44:42.725561+00', 0, 0, NULL, NULL),
	('94557f58-9f31-478e-98f9-c2becf129f3e', '94268ca3-4049-4f87-ad10-81fdde9b28fe', '31b6bec2-2700-42c7-881a-e675ba87fb23', NULL, 'grace-window-expired', NULL, NULL, '2026-01-11 14:17:19.994+00', NULL, '2026-01-11 14:17:20.661285+00', 0, 0, NULL, NULL),
	('33414569-41d5-478b-9026-03d31c8f730b', 'b21fe6eb-fa23-4336-9984-2d682f076c6d', '988c96a7-a611-4c7a-bc77-962e916bc23c', NULL, NULL, NULL, NULL, '2026-01-11 14:18:13.13+00', '2026-01-11 14:18:19.378224+00', '2026-01-11 14:18:13.565363+00', 0, 0, NULL, NULL),
	('d67a7d72-5b1e-482c-9b2f-cb118d5717ac', 'f7eac127-234a-4e1e-9862-c959832cd731', 'aba59ce0-d35a-4a2a-a95f-5e0339f4942e', NULL, NULL, NULL, NULL, '2026-01-11 14:09:26.416219+00', '2026-01-11 15:00:27.135004+00', '2026-01-11 14:09:26.416219+00', 0, 0, NULL, NULL),
	('fb5e9dc3-eb32-4dea-bc18-47c3fecc41c3', 'f7eac127-234a-4e1e-9862-c959832cd731', '988c96a7-a611-4c7a-bc77-962e916bc23c', NULL, 'worker-abandon', NULL, NULL, '2026-01-11 15:00:27.135004+00', NULL, '2026-01-11 15:00:27.135004+00', 0, 0, NULL, NULL),
	('f1ed99dd-504d-4774-9c0d-724bd0ff595d', 'ef32c986-3f35-4a9f-a616-21179892ec13', 'f33ae7c3-0856-4219-8d19-d0dfd5019143', NULL, NULL, NULL, NULL, '2026-01-11 14:16:58.175796+00', '2026-01-11 15:00:56.310899+00', '2026-01-11 14:16:58.175796+00', 0, 0, NULL, NULL),
	('cb30ad0a-04b6-4485-b8a2-af4d17d004a0', 'ef32c986-3f35-4a9f-a616-21179892ec13', '988c96a7-a611-4c7a-bc77-962e916bc23c', NULL, 'replaced-by-new-session', NULL, NULL, '2026-01-11 15:00:56.310899+00', NULL, '2026-01-11 15:00:56.310899+00', 0, 0, NULL, NULL),
	('4a81dc66-28f2-41cd-94b3-b6cc5bccbabe', 'e0fe1576-5798-43a9-a832-72064f70dd57', '988c96a7-a611-4c7a-bc77-962e916bc23c', NULL, NULL, NULL, NULL, '2026-01-11 15:00:56.617+00', '2026-01-11 15:01:00.241347+00', '2026-01-11 15:00:57.143481+00', 0, 0, NULL, NULL),
	('4aa5857c-45b4-46a8-92f6-0a7dcfde9ea5', 'b21fe6eb-fa23-4336-9984-2d682f076c6d', '988c96a7-a611-4c7a-bc77-962e916bc23c', NULL, NULL, NULL, NULL, '2026-01-11 14:18:19.378224+00', '2026-01-11 16:37:03.781403+00', '2026-01-11 14:18:19.378224+00', 0, 0, NULL, NULL),
	('23d968ef-72a7-418c-8ee3-7bbb0753923b', 'b21fe6eb-fa23-4336-9984-2d682f076c6d', '988c96a7-a611-4c7a-bc77-962e916bc23c', NULL, 'worker-abandon', NULL, NULL, '2026-01-11 16:37:03.781403+00', NULL, '2026-01-11 16:37:03.781403+00', 0, 0, NULL, NULL),
	('0c193fe0-f886-4b6c-9740-cd884f43706c', 'b6e96280-a5da-4d2a-98f1-2fdf334fa99a', '988c96a7-a611-4c7a-bc77-962e916bc23c', NULL, NULL, NULL, NULL, '2026-01-11 16:45:23.197194+00', '2026-01-11 16:45:27.017477+00', '2026-01-11 16:45:23.197194+00', 0, 0, NULL, NULL),
	('8557e00b-23c0-4601-aaba-a45e813db56a', 'b6e96280-a5da-4d2a-98f1-2fdf334fa99a', '988c96a7-a611-4c7a-bc77-962e916bc23c', NULL, NULL, NULL, NULL, '2026-01-11 16:45:27.017477+00', '2026-01-11 16:45:27.991987+00', '2026-01-11 16:45:27.017477+00', 0, 0, NULL, NULL),
	('e5bbc031-b9ce-497d-a371-f727e4f6df58', 'b6e96280-a5da-4d2a-98f1-2fdf334fa99a', '988c96a7-a611-4c7a-bc77-962e916bc23c', NULL, NULL, NULL, NULL, '2026-01-11 16:45:27.991987+00', '2026-01-11 16:45:43.120729+00', '2026-01-11 16:45:27.991987+00', 0, 0, NULL, NULL),
	('839fffbf-8fc8-4775-a0e9-2ffdd69d61ef', 'b6e96280-a5da-4d2a-98f1-2fdf334fa99a', '988c96a7-a611-4c7a-bc77-962e916bc23c', NULL, 'worker-abandon', NULL, NULL, '2026-01-11 16:45:43.120729+00', NULL, '2026-01-11 16:45:43.120729+00', 0, 0, NULL, NULL),
	('c43aa2ca-3dc2-4e22-a739-e6aa74b4c674', 'd20f1294-9c6d-45ba-96de-676384727256', '988c96a7-a611-4c7a-bc77-962e916bc23c', NULL, NULL, NULL, NULL, '2026-01-11 16:45:54.820069+00', '2026-01-11 16:45:58.821144+00', '2026-01-11 16:45:54.820069+00', 0, 0, NULL, NULL),
	('973454cf-046c-4af3-837f-9080404f604a', 'e0fe1576-5798-43a9-a832-72064f70dd57', 'f33ae7c3-0856-4219-8d19-d0dfd5019143', NULL, NULL, NULL, NULL, '2026-01-11 15:01:00.241347+00', '2026-01-11 17:20:12.854+00', '2026-01-11 15:01:00.241347+00', 0, 0, NULL, NULL),
	('3082257e-5084-4a90-ba17-99043a29943c', 'e0fe1576-5798-43a9-a832-72064f70dd57', '31b6bec2-2700-42c7-881a-e675ba87fb23', NULL, 'grace-window-expired', NULL, NULL, '2026-01-11 17:20:12.854+00', NULL, '2026-01-11 17:20:13.729023+00', 0, 0, NULL, NULL),
	('25a29ec7-b4d6-4b39-b914-638989d7ff8f', '8c49c1fc-7473-4268-a9e1-23c6f032f03f', '988c96a7-a611-4c7a-bc77-962e916bc23c', NULL, NULL, NULL, NULL, '2026-01-11 17:22:07.933121+00', NULL, '2026-01-11 17:22:07.933121+00', 0, 0, NULL, NULL),
	('908b381d-e574-4ecb-b9aa-c4031ad36bdb', '8c49c1fc-7473-4268-a9e1-23c6f032f03f', '988c96a7-a611-4c7a-bc77-962e916bc23c', NULL, 'replaced-by-new-session', NULL, NULL, '2026-01-11 17:22:27.306396+00', '2026-01-11 17:22:27.306396+00', '2026-01-11 17:22:27.306396+00', 0, 0, NULL, NULL),
	('e34a29dd-3c29-4842-9716-8c09c9ca9130', '177e9595-9b71-4e10-8806-c734381cf987', '988c96a7-a611-4c7a-bc77-962e916bc23c', NULL, NULL, NULL, NULL, '2026-01-11 17:22:27.306396+00', '2026-01-11 17:22:42.490982+00', '2026-01-11 17:22:27.306396+00', 0, 0, NULL, NULL),
	('23b6cc47-77a7-4cb8-bcf6-5dd3fdab7509', 'd20f1294-9c6d-45ba-96de-676384727256', '988c96a7-a611-4c7a-bc77-962e916bc23c', NULL, NULL, NULL, NULL, '2026-01-11 16:45:58.821144+00', '2026-01-11 17:23:57.973087+00', '2026-01-11 16:45:58.821144+00', 0, 0, NULL, NULL),
	('3271f448-0be9-478b-991f-1dbdb91fcc46', '177e9595-9b71-4e10-8806-c734381cf987', '988c96a7-a611-4c7a-bc77-962e916bc23c', NULL, NULL, NULL, NULL, '2026-01-11 17:22:42.490982+00', '2026-01-11 17:24:16.025303+00', '2026-01-11 17:22:42.490982+00', 0, 0, NULL, NULL),
	('8fac3478-161e-4ba6-8aa9-a80a1d08a453', 'e1dbaa92-b0ec-4f05-8380-a598d94f12ae', '988c96a7-a611-4c7a-bc77-962e916bc23c', NULL, NULL, NULL, NULL, '2026-01-11 17:28:50.551572+00', '2026-01-11 17:28:56.243544+00', '2026-01-11 17:28:50.551572+00', 0, 0, NULL, NULL),
	('649e145a-e4d2-413a-8fc7-373aa61bf3cc', '177e9595-9b71-4e10-8806-c734381cf987', 'aaaee715-fe2c-4612-ae07-2d801dbeab5b', NULL, NULL, NULL, NULL, '2026-01-11 17:24:16.025303+00', '2026-01-11 17:40:18.387+00', '2026-01-11 17:24:16.025303+00', 0, 0, NULL, NULL),
	('6f4ac274-0744-4bff-a34c-9f62492699e3', '177e9595-9b71-4e10-8806-c734381cf987', '31b6bec2-2700-42c7-881a-e675ba87fb23', NULL, 'grace-window-expired', NULL, NULL, '2026-01-11 17:40:18.387+00', NULL, '2026-01-11 17:40:19.145215+00', 0, 0, NULL, NULL),
	('be22e2a0-61c2-46f4-a064-197838cedfa5', 'e1dbaa92-b0ec-4f05-8380-a598d94f12ae', '988c96a7-a611-4c7a-bc77-962e916bc23c', NULL, NULL, NULL, NULL, '2026-01-11 17:28:56.243544+00', '2026-01-11 18:56:59.322069+00', '2026-01-11 17:28:56.243544+00', 0, 0, NULL, NULL),
	('5d040ec0-28dd-4961-a0aa-320651c9647d', 'd20f1294-9c6d-45ba-96de-676384727256', 'aaaee715-fe2c-4612-ae07-2d801dbeab5b', NULL, NULL, NULL, NULL, '2026-01-11 17:23:57.973087+00', '2026-01-11 19:18:21.797837+00', '2026-01-11 17:23:57.973087+00', 0, 0, NULL, NULL),
	('5ae2e23c-308d-499d-ba15-981d2509e16d', 'd20f1294-9c6d-45ba-96de-676384727256', '988c96a7-a611-4c7a-bc77-962e916bc23c', NULL, 'worker-abandon', NULL, NULL, '2026-01-11 19:18:21.797837+00', NULL, '2026-01-11 19:18:21.797837+00', 0, 0, NULL, NULL),
	('047f8b0d-e239-473a-b92f-509e4756395d', 'b2c98f02-ac9d-4e4f-8b81-e028ae168de9', '988c96a7-a611-4c7a-bc77-962e916bc23c', NULL, NULL, NULL, NULL, '2026-01-11 19:18:41.287853+00', '2026-01-11 19:27:56.027545+00', '2026-01-11 19:18:41.287853+00', 0, 0, NULL, NULL),
	('934830a5-9ec7-481d-b093-dc2685e8f7a7', 'b2c98f02-ac9d-4e4f-8b81-e028ae168de9', '988c96a7-a611-4c7a-bc77-962e916bc23c', NULL, 'session-completed', NULL, NULL, '2026-01-11 19:27:56.027545+00', NULL, '2026-01-11 19:27:56.027545+00', 0, 0, NULL, NULL),
	('bad28380-b09e-4895-ae53-391ae2ef10f3', 'e1dbaa92-b0ec-4f05-8380-a598d94f12ae', 'aaaee715-fe2c-4612-ae07-2d801dbeab5b', NULL, NULL, NULL, NULL, '2026-01-11 18:56:59.322069+00', '2026-01-11 20:04:26.945423+00', '2026-01-11 18:56:59.322069+00', 0, 0, NULL, NULL),
	('b09c4f44-938a-45e6-84c0-6517b3611a62', 'e1dbaa92-b0ec-4f05-8380-a598d94f12ae', '988c96a7-a611-4c7a-bc77-962e916bc23c', NULL, 'worker-abandon', NULL, NULL, '2026-01-11 20:04:26.945423+00', NULL, '2026-01-11 20:04:26.945423+00', 0, 0, NULL, NULL),
	('7f2c1487-c7cf-4d8e-aa32-8492b6115cd7', 'ba1b4f39-f062-4509-94e7-e80cab9af30c', '988c96a7-a611-4c7a-bc77-962e916bc23c', NULL, NULL, NULL, NULL, '2026-01-11 22:07:55.676263+00', '2026-01-11 22:08:05.098429+00', '2026-01-11 22:07:55.676263+00', 0, 0, NULL, NULL),
	('d8f97388-38af-4dc5-8f35-27ca2c5ef161', 'ba1b4f39-f062-4509-94e7-e80cab9af30c', '988c96a7-a611-4c7a-bc77-962e916bc23c', NULL, NULL, NULL, NULL, '2026-01-11 22:08:05.098429+00', '2026-01-11 22:23:26.412683+00', '2026-01-11 22:08:05.098429+00', 0, 0, NULL, NULL),
	('81b427e7-1c25-4df1-9b65-6a5f03a1c5ac', '651e4e72-a575-4f93-84d2-8f670c0e8341', '988c96a7-a611-4c7a-bc77-962e916bc23c', NULL, NULL, NULL, NULL, '2026-01-14 21:46:24.580327+00', NULL, '2026-01-14 21:46:24.580327+00', 0, 0, NULL, NULL),
	('339a3c4c-6ff9-4c53-8c5c-009b395c3e9d', 'ba1b4f39-f062-4509-94e7-e80cab9af30c', 'aba59ce0-d35a-4a2a-a95f-5e0339f4942e', NULL, NULL, NULL, NULL, '2026-01-11 22:23:26.412683+00', '2026-01-13 15:39:23.070909+00', '2026-01-11 22:23:26.412683+00', 0, 0, NULL, NULL),
	('7eabec06-81a2-4801-a7ed-c8db0ad32d33', 'ba1b4f39-f062-4509-94e7-e80cab9af30c', '988c96a7-a611-4c7a-bc77-962e916bc23c', NULL, 'grace-window-expired', NULL, NULL, '2026-01-13 15:39:23.070909+00', NULL, '2026-01-13 15:39:23.070909+00', 0, 0, NULL, NULL),
	('1dccfc91-753d-4272-a3f8-b1b8ef2ecfe7', '760c8ba8-964e-4c82-b1b4-3d6c7a4b83e0', '988c96a7-a611-4c7a-bc77-962e916bc23c', NULL, NULL, NULL, NULL, '2026-01-13 15:46:59.720559+00', NULL, '2026-01-13 15:46:59.720559+00', 0, 0, NULL, NULL),
	('e219b760-ad59-436a-b682-0b21b5739811', '760c8ba8-964e-4c82-b1b4-3d6c7a4b83e0', '988c96a7-a611-4c7a-bc77-962e916bc23c', NULL, 'replaced-by-new-session', NULL, NULL, '2026-01-13 15:51:56.280521+00', '2026-01-13 15:51:56.280521+00', '2026-01-13 15:51:56.280521+00', 0, 0, NULL, NULL),
	('3257de3e-a095-4f03-aa1a-e345705e8f2e', '483890e2-6bab-48c4-8551-e0d92f470256', '988c96a7-a611-4c7a-bc77-962e916bc23c', NULL, NULL, NULL, NULL, '2026-01-13 15:51:56.280521+00', '2026-01-13 15:52:01.082668+00', '2026-01-13 15:51:56.280521+00', 0, 0, NULL, NULL),
	('5412533f-eb8b-4587-ab1c-949c5d8d2056', '483890e2-6bab-48c4-8551-e0d92f470256', '988c96a7-a611-4c7a-bc77-962e916bc23c', NULL, NULL, NULL, NULL, '2026-01-13 15:52:01.082668+00', '2026-01-13 15:52:01.187401+00', '2026-01-13 15:52:01.082668+00', 0, 0, NULL, NULL),
	('3b3d6b6d-51b2-47da-9312-be44a00d00e9', '483890e2-6bab-48c4-8551-e0d92f470256', '988c96a7-a611-4c7a-bc77-962e916bc23c', NULL, NULL, NULL, NULL, '2026-01-13 15:52:01.187401+00', '2026-01-13 15:55:49.552942+00', '2026-01-13 15:52:01.187401+00', 0, 0, NULL, NULL),
	('2431cb20-5035-4674-b287-43a09dd13981', '483890e2-6bab-48c4-8551-e0d92f470256', 'aba59ce0-d35a-4a2a-a95f-5e0339f4942e', NULL, NULL, NULL, NULL, '2026-01-13 15:55:49.552942+00', '2026-01-13 16:01:31.383311+00', '2026-01-13 15:55:49.552942+00', 0, 0, NULL, NULL),
	('89bdb8dc-bcf9-408d-99aa-21e8f53b6944', '483890e2-6bab-48c4-8551-e0d92f470256', 'aaaee715-fe2c-4612-ae07-2d801dbeab5b', NULL, NULL, NULL, NULL, '2026-01-13 16:01:31.383311+00', '2026-01-13 16:01:58.222598+00', '2026-01-13 16:01:31.383311+00', 12, 0, NULL, NULL),
	('3f12b3ec-c8ca-4b54-b8b5-f77bd2412278', '483890e2-6bab-48c4-8551-e0d92f470256', '988c96a7-a611-4c7a-bc77-962e916bc23c', NULL, NULL, NULL, NULL, '2026-01-13 16:01:58.222598+00', '2026-01-13 16:02:08.128451+00', '2026-01-13 16:01:58.222598+00', 0, 0, NULL, NULL),
	('6854c012-c5cf-470d-bde2-96c10415988d', '483890e2-6bab-48c4-8551-e0d92f470256', 'aaaee715-fe2c-4612-ae07-2d801dbeab5b', NULL, NULL, NULL, NULL, '2026-01-13 16:02:08.128451+00', '2026-01-13 16:02:21.460004+00', '2026-01-13 16:02:08.128451+00', 0, 0, NULL, NULL),
	('4e636bb7-5f0e-47e7-9954-8668c97f2807', '483890e2-6bab-48c4-8551-e0d92f470256', 'aaaee715-fe2c-4612-ae07-2d801dbeab5b', NULL, NULL, NULL, NULL, '2026-01-13 16:02:21.460004+00', '2026-01-13 16:02:30.801553+00', '2026-01-13 16:02:21.460004+00', 0, 0, NULL, NULL),
	('d1cc40b4-f0a6-4dcf-8fbc-5f90a638f4d5', '483890e2-6bab-48c4-8551-e0d92f470256', 'aaaee715-fe2c-4612-ae07-2d801dbeab5b', NULL, NULL, NULL, NULL, '2026-01-13 16:02:30.801553+00', '2026-01-13 16:02:40.004865+00', '2026-01-13 16:02:30.801553+00', 0, 0, NULL, NULL),
	('46e47f4b-d407-4aa6-b552-09029a3a2c66', '483890e2-6bab-48c4-8551-e0d92f470256', 'aaaee715-fe2c-4612-ae07-2d801dbeab5b', NULL, NULL, NULL, NULL, '2026-01-13 16:02:40.004865+00', '2026-01-13 16:02:57.548822+00', '2026-01-13 16:02:40.004865+00', 0, 0, NULL, NULL),
	('f8279422-e3d8-4e21-b8fb-306f2b6170cd', '483890e2-6bab-48c4-8551-e0d92f470256', 'aaaee715-fe2c-4612-ae07-2d801dbeab5b', NULL, NULL, NULL, NULL, '2026-01-13 16:02:57.548822+00', '2026-01-13 16:27:26.459595+00', '2026-01-13 16:02:57.548822+00', 3, 0, NULL, NULL),
	('ab7fe820-b23d-42ac-9126-739d22a1da10', '483890e2-6bab-48c4-8551-e0d92f470256', '31b6bec2-2700-42c7-881a-e675ba87fb23', NULL, NULL, NULL, NULL, '2026-01-13 16:27:26.459595+00', '2026-01-13 16:27:47.649916+00', '2026-01-13 16:27:26.459595+00', 0, 0, NULL, NULL),
	('1f8a2a61-3d60-41cd-aa1b-96ef1159ec90', '483890e2-6bab-48c4-8551-e0d92f470256', '988c96a7-a611-4c7a-bc77-962e916bc23c', NULL, 'worker-abandon', NULL, NULL, '2026-01-13 16:27:47.649916+00', NULL, '2026-01-13 16:27:47.649916+00', 0, 0, NULL, NULL),
	('85e9aa76-d8f7-41db-9772-4f84c4b73457', 'e90f8548-cb0b-4737-9128-16b9f5365ab7', '988c96a7-a611-4c7a-bc77-962e916bc23c', NULL, NULL, NULL, NULL, '2026-01-14 20:50:14.953297+00', '2026-01-14 21:45:11.943034+00', '2026-01-14 20:50:14.953297+00', 0, 0, NULL, NULL),
	('525f3348-3d35-4632-94a1-344973ed38b9', 'e90f8548-cb0b-4737-9128-16b9f5365ab7', 'aaaee715-fe2c-4612-ae07-2d801dbeab5b', NULL, NULL, NULL, NULL, '2026-01-14 21:45:11.943034+00', '2026-01-14 21:45:21.646808+00', '2026-01-14 21:45:11.943034+00', 3000, 0, 'cd8c9d01-a73e-4193-b5a2-0fbe57d2eebe', 'aaad76a4-9c80-4443-a007-eb0b1201bcfa'),
	('55e8015b-46b5-486d-bcd0-9661ae1025d2', 'e90f8548-cb0b-4737-9128-16b9f5365ab7', '988c96a7-a611-4c7a-bc77-962e916bc23c', NULL, NULL, NULL, NULL, '2026-01-14 21:45:21.646808+00', NULL, '2026-01-14 21:45:21.646808+00', 0, 0, NULL, NULL),
	('7660006d-a9cd-4d78-8f37-db5450b857bd', '3fe3e04d-a047-4ecd-9aac-9e5e453bbd77', '988c96a7-a611-4c7a-bc77-962e916bc23c', NULL, NULL, NULL, NULL, '2026-01-14 20:23:25.479819+00', '2026-01-14 21:45:39.748047+00', '2026-01-14 20:23:25.479819+00', 0, 0, NULL, NULL),
	('f4b1b440-fe25-4aa4-bcf0-254ca354c640', '3fe3e04d-a047-4ecd-9aac-9e5e453bbd77', 'aaaee715-fe2c-4612-ae07-2d801dbeab5b', NULL, NULL, NULL, NULL, '2026-01-14 21:45:39.748047+00', '2026-01-14 21:45:45.620476+00', '2026-01-14 21:45:39.748047+00', 3000, 0, 'cd8c9d01-a73e-4193-b5a2-0fbe57d2eebe', 'b194afbd-bbc3-4673-8187-5b9ac3e2ea35'),
	('bcfce586-4745-4ed8-86cd-f19e774ede40', '651e4e72-a575-4f93-84d2-8f670c0e8341', '988c96a7-a611-4c7a-bc77-962e916bc23c', NULL, 'replaced-by-new-session', NULL, NULL, '2026-01-14 21:46:33.779877+00', '2026-01-14 21:46:33.779877+00', '2026-01-14 21:46:33.779877+00', 0, 0, NULL, NULL),
	('4c19dea6-44f6-413b-86d7-94764b5cad38', '1310528f-7e07-4fd3-9532-754ee01cc25f', '988c96a7-a611-4c7a-bc77-962e916bc23c', NULL, NULL, NULL, NULL, '2026-01-14 21:46:33.779877+00', '2026-01-14 21:46:57.328194+00', '2026-01-14 21:46:33.779877+00', 0, 0, NULL, NULL),
	('f520ec2a-9795-4af2-b223-d439ba14dfec', '0d5d1ce7-9f9f-496e-88f2-96436548e0f5', '988c96a7-a611-4c7a-bc77-962e916bc23c', NULL, NULL, NULL, NULL, '2026-01-21 00:03:44.89039+00', '2026-01-21 11:28:51.051222+00', '2026-01-21 00:03:44.89039+00', 0, 0, NULL, NULL),
	('54db9f18-c1a9-4bad-b05a-7ba05493dfb5', '1310528f-7e07-4fd3-9532-754ee01cc25f', 'aaaee715-fe2c-4612-ae07-2d801dbeab5b', NULL, NULL, NULL, NULL, '2026-01-14 21:46:57.328194+00', '2026-01-14 21:47:12.970564+00', '2026-01-14 21:46:57.328194+00', 3500, 0, 'cd8c9d01-a73e-4193-b5a2-0fbe57d2eebe', '92aac352-5b7f-49f8-b51b-d7de5cdbe49a'),
	('a34ab23d-234f-41e7-b9c6-800f2e89bdf2', '3fe3e04d-a047-4ecd-9aac-9e5e453bbd77', '988c96a7-a611-4c7a-bc77-962e916bc23c', NULL, NULL, NULL, NULL, '2026-01-14 19:13:53.940104+00', '2026-01-14 19:13:59.200673+00', '2026-01-14 19:13:53.940104+00', 0, 0, NULL, NULL),
	('4c60777d-96a9-4c0c-8e99-48dcae5c847c', '3fe3e04d-a047-4ecd-9aac-9e5e453bbd77', '988c96a7-a611-4c7a-bc77-962e916bc23c', NULL, NULL, NULL, NULL, '2026-01-14 19:13:59.200673+00', '2026-01-14 19:14:02.007193+00', '2026-01-14 19:13:59.200673+00', 0, 0, NULL, NULL),
	('b47f9ced-b960-410b-8b30-fb5fcdc8b1ec', '3fe3e04d-a047-4ecd-9aac-9e5e453bbd77', '988c96a7-a611-4c7a-bc77-962e916bc23c', NULL, NULL, NULL, NULL, '2026-01-14 19:14:02.007193+00', '2026-01-14 19:14:25.828078+00', '2026-01-14 19:14:02.007193+00', 0, 0, NULL, NULL),
	('f4a6553b-daa8-4de8-b024-926eaf4d6239', '3fe3e04d-a047-4ecd-9aac-9e5e453bbd77', '988c96a7-a611-4c7a-bc77-962e916bc23c', NULL, NULL, NULL, NULL, '2026-01-14 21:45:45.620476+00', '2026-01-14 21:47:41.274807+00', '2026-01-14 21:45:45.620476+00', 0, 0, NULL, NULL),
	('f0cf7c46-61b4-46ad-9a73-2f345f77c7f7', '3fe3e04d-a047-4ecd-9aac-9e5e453bbd77', 'aaaee715-fe2c-4612-ae07-2d801dbeab5b', NULL, NULL, NULL, NULL, '2026-01-14 19:14:25.828078+00', '2026-01-14 19:15:07.681043+00', '2026-01-14 19:14:25.828078+00', 300, 0, '7e6971a8-4783-4a37-b7e7-84bd9dff7494', 'e6a51633-1e30-4e58-a32e-e3385f978082'),
	('a28bca96-0bb9-45ab-b534-fef2f2b15181', '3fe3e04d-a047-4ecd-9aac-9e5e453bbd77', '988c96a7-a611-4c7a-bc77-962e916bc23c', NULL, NULL, NULL, NULL, '2026-01-14 19:15:07.681043+00', '2026-01-14 19:15:34.38363+00', '2026-01-14 19:15:07.681043+00', 0, 0, NULL, NULL),
	('d8c8012e-6f89-41c9-8cf3-063e818369e3', 'fbe697f6-06f0-47d9-8f7d-4d767069ceb3', 'aaaee715-fe2c-4612-ae07-2d801dbeab5b', NULL, NULL, NULL, NULL, '2026-01-15 21:48:00.09282+00', '2026-01-15 21:49:56.319763+00', '2026-01-15 21:48:00.09282+00', 30000, 0, '84022274-459b-4db8-a631-9edc6c07eecd', '72a9fe11-d66e-48e0-b9a9-53aaa2f1256e'),
	('bf5ce53a-a131-4833-b18f-a467dac85227', '3fe3e04d-a047-4ecd-9aac-9e5e453bbd77', 'aaaee715-fe2c-4612-ae07-2d801dbeab5b', NULL, NULL, NULL, NULL, '2026-01-14 19:15:34.38363+00', '2026-01-14 19:15:51.212284+00', '2026-01-14 19:15:34.38363+00', 600, 0, '7e6971a8-4783-4a37-b7e7-84bd9dff7494', 'e6a51633-1e30-4e58-a32e-e3385f978082'),
	('c15e7bc4-685f-4f23-b780-443543678328', '3fe3e04d-a047-4ecd-9aac-9e5e453bbd77', 'aaaee715-fe2c-4612-ae07-2d801dbeab5b', NULL, NULL, NULL, NULL, '2026-01-14 21:47:41.274807+00', '2026-01-14 21:47:49.225886+00', '2026-01-14 21:47:41.274807+00', 15000, 0, 'cd8c9d01-a73e-4193-b5a2-0fbe57d2eebe', 'b194afbd-bbc3-4673-8187-5b9ac3e2ea35'),
	('3a5fa57b-df61-4cb7-b4c1-fa292df41a14', '1310528f-7e07-4fd3-9532-754ee01cc25f', '988c96a7-a611-4c7a-bc77-962e916bc23c', NULL, NULL, NULL, NULL, '2026-01-14 21:47:12.970564+00', '2026-01-14 21:48:05.69284+00', '2026-01-14 21:47:12.970564+00', 0, 0, NULL, NULL),
	('7de23f00-5290-47ae-90cd-dac427187c0c', '1310528f-7e07-4fd3-9532-754ee01cc25f', 'aaaee715-fe2c-4612-ae07-2d801dbeab5b', NULL, NULL, NULL, NULL, '2026-01-14 21:48:05.69284+00', '2026-01-14 21:48:12.818351+00', '2026-01-14 21:48:05.69284+00', 25000, 0, 'cd8c9d01-a73e-4193-b5a2-0fbe57d2eebe', '92aac352-5b7f-49f8-b51b-d7de5cdbe49a'),
	('f00db638-f0c2-4240-b1f1-0c7e0a13afa9', '3fe3e04d-a047-4ecd-9aac-9e5e453bbd77', '988c96a7-a611-4c7a-bc77-962e916bc23c', NULL, NULL, NULL, NULL, '2026-01-14 21:47:49.225886+00', '2026-01-14 21:48:41.071225+00', '2026-01-14 21:47:49.225886+00', 0, 0, NULL, NULL),
	('0cc5e201-6c57-4abe-837b-af166bf07fdc', 'e90f8548-cb0b-4737-9128-16b9f5365ab7', 'aaaee715-fe2c-4612-ae07-2d801dbeab5b', NULL, NULL, NULL, NULL, '2026-01-14 20:50:06.818421+00', '2026-01-14 20:50:14.953297+00', '2026-01-14 20:50:06.818421+00', 10000, 0, 'cd8c9d01-a73e-4193-b5a2-0fbe57d2eebe', 'aaad76a4-9c80-4443-a007-eb0b1201bcfa'),
	('0471bee5-ff16-465f-a46f-946f8c9f8d65', '1310528f-7e07-4fd3-9532-754ee01cc25f', '988c96a7-a611-4c7a-bc77-962e916bc23c', NULL, NULL, NULL, NULL, '2026-01-14 21:48:12.818351+00', '2026-01-14 22:29:53.626396+00', '2026-01-14 21:48:12.818351+00', 0, 0, NULL, NULL),
	('91f29767-69ff-4e6f-b7fb-d483e2852451', 'fbe697f6-06f0-47d9-8f7d-4d767069ceb3', '988c96a7-a611-4c7a-bc77-962e916bc23c', NULL, NULL, NULL, NULL, '2026-01-15 21:49:56.319763+00', '2026-01-15 21:51:27.199758+00', '2026-01-15 21:49:56.319763+00', 0, 0, NULL, NULL),
	('d0b10a73-6cd5-4a2e-803c-5227399d865b', '1310528f-7e07-4fd3-9532-754ee01cc25f', 'aaaee715-fe2c-4612-ae07-2d801dbeab5b', NULL, NULL, NULL, NULL, '2026-01-14 22:29:53.626396+00', '2026-01-14 22:38:42.962759+00', '2026-01-14 22:29:53.626396+00', 0, 0, 'cd8c9d01-a73e-4193-b5a2-0fbe57d2eebe', '92aac352-5b7f-49f8-b51b-d7de5cdbe49a'),
	('b2f0f607-e761-4336-926b-97ac3c03665b', '1310528f-7e07-4fd3-9532-754ee01cc25f', '988c96a7-a611-4c7a-bc77-962e916bc23c', NULL, NULL, NULL, NULL, '2026-01-14 22:38:42.962759+00', '2026-01-14 22:38:52.006581+00', '2026-01-14 22:38:42.962759+00', 0, 0, NULL, NULL),
	('73600a37-a6e2-4386-a711-6069eee07cc3', '1310528f-7e07-4fd3-9532-754ee01cc25f', 'aaaee715-fe2c-4612-ae07-2d801dbeab5b', NULL, NULL, NULL, NULL, '2026-01-14 22:38:52.006581+00', '2026-01-14 22:39:00.277588+00', '2026-01-14 22:38:52.006581+00', 0, 0, 'cd8c9d01-a73e-4193-b5a2-0fbe57d2eebe', '92aac352-5b7f-49f8-b51b-d7de5cdbe49a'),
	('0f1a0474-e47f-4e14-99b4-a330df120e35', '1310528f-7e07-4fd3-9532-754ee01cc25f', 'aaaee715-fe2c-4612-ae07-2d801dbeab5b', NULL, NULL, NULL, NULL, '2026-01-14 22:39:00.277588+00', '2026-01-14 22:39:05.403267+00', '2026-01-14 22:39:00.277588+00', 0, 0, NULL, NULL),
	('9f741c83-2bad-4c04-a3ce-7e293e19ef77', 'fbe697f6-06f0-47d9-8f7d-4d767069ceb3', '988c96a7-a611-4c7a-bc77-962e916bc23c', NULL, NULL, NULL, NULL, '2026-01-15 21:52:06.885109+00', '2026-01-15 21:52:33.599714+00', '2026-01-15 21:52:06.885109+00', 0, 0, NULL, NULL),
	('704bd2a2-fa8b-4713-a28e-532297b14618', '1310528f-7e07-4fd3-9532-754ee01cc25f', 'aaaee715-fe2c-4612-ae07-2d801dbeab5b', NULL, NULL, NULL, NULL, '2026-01-14 22:39:05.403267+00', '2026-01-14 22:45:54.631218+00', '2026-01-14 22:39:05.403267+00', 0, 0, 'cd8c9d01-a73e-4193-b5a2-0fbe57d2eebe', '92aac352-5b7f-49f8-b51b-d7de5cdbe49a'),
	('1d2aed5d-f354-48c3-b0b8-fd490cc0cca2', 'fbe697f6-06f0-47d9-8f7d-4d767069ceb3', '988c96a7-a611-4c7a-bc77-962e916bc23c', NULL, 'grace-window-expired', NULL, NULL, '2026-01-16 08:27:30.783618+00', NULL, '2026-01-16 08:27:30.783618+00', 0, 0, NULL, NULL),
	('130c80a2-3e32-4d5a-99aa-7b434591d00f', '09d9b88d-0f9c-4730-9ce8-d1601cdd5def', 'aaaee715-fe2c-4612-ae07-2d801dbeab5b', NULL, NULL, NULL, NULL, '2026-01-16 13:36:26.268623+00', '2026-01-16 13:54:03.527901+00', '2026-01-16 13:36:26.268623+00', 700, 0, 'f8379c16-b5dd-49c0-be02-7e2ccc3809ec', '49cbec30-b457-4dbe-86f9-4bc3d64b5abc'),
	('b889bf1a-b4f3-4c27-bd2d-97ba98f5d4ec', '09d9b88d-0f9c-4730-9ce8-d1601cdd5def', 'aaaee715-fe2c-4612-ae07-2d801dbeab5b', NULL, NULL, NULL, NULL, '2026-01-16 13:03:52.610374+00', '2026-01-16 13:04:12.558194+00', '2026-01-16 13:03:52.610374+00', 30000, 0, '84022274-459b-4db8-a631-9edc6c07eecd', '2f3e3060-719f-430d-b9c4-114dd4936b72'),
	('d51896e2-7368-406d-90c0-790d9a2596ce', '3fe3e04d-a047-4ecd-9aac-9e5e453bbd77', 'aaaee715-fe2c-4612-ae07-2d801dbeab5b', NULL, NULL, NULL, NULL, '2026-01-14 21:48:41.071225+00', '2026-01-14 23:40:04.299073+00', '2026-01-14 21:48:41.071225+00', 0, 0, NULL, NULL),
	('46d385d3-a3c8-4124-ad73-bc1c8ac50bcb', '1310528f-7e07-4fd3-9532-754ee01cc25f', 'aba59ce0-d35a-4a2a-a95f-5e0339f4942e', NULL, NULL, NULL, NULL, '2026-01-14 22:45:54.631218+00', '2026-01-14 23:44:32.093+00', '2026-01-14 22:45:54.631218+00', 0, 0, NULL, NULL),
	('f3165810-9e24-4003-a1bd-bd502f78438f', '09d9b88d-0f9c-4730-9ce8-d1601cdd5def', 'aaaee715-fe2c-4612-ae07-2d801dbeab5b', NULL, NULL, NULL, NULL, '2026-01-16 13:08:13.954917+00', '2026-01-16 13:08:23.07033+00', '2026-01-16 13:08:13.954917+00', 0, 0, 'cd8c9d01-a73e-4193-b5a2-0fbe57d2eebe', 'b194afbd-bbc3-4673-8187-5b9ac3e2ea35'),
	('28ce12e8-e152-4552-a4d4-8b0f1cb997fb', 'b5047e23-1832-4ed4-81dc-e455e53a1f76', '31b6bec2-2700-42c7-881a-e675ba87fb23', NULL, 'grace-window-expired', NULL, NULL, '2026-01-17 14:12:34.72+00', NULL, '2026-01-17 14:12:35.331429+00', 0, 0, NULL, NULL),
	('efa9cfce-910a-43a5-98f9-87015d91d119', '09d9b88d-0f9c-4730-9ce8-d1601cdd5def', 'aaaee715-fe2c-4612-ae07-2d801dbeab5b', NULL, NULL, NULL, NULL, '2026-01-16 13:08:23.07033+00', '2026-01-16 13:35:09.212144+00', '2026-01-16 13:08:23.07033+00', 0, 0, NULL, NULL),
	('1f8d80b1-dd01-464c-a371-17d6b718ce34', '3fe3e04d-a047-4ecd-9aac-9e5e453bbd77', '988c96a7-a611-4c7a-bc77-962e916bc23c', NULL, NULL, NULL, NULL, '2026-01-14 19:15:51.212284+00', '2026-01-14 19:23:41.508585+00', '2026-01-14 19:15:51.212284+00', 0, 0, NULL, NULL),
	('252f0060-575f-4512-b46f-c4ec43c2c683', '3fe3e04d-a047-4ecd-9aac-9e5e453bbd77', '988c96a7-a611-4c7a-bc77-962e916bc23c', NULL, NULL, NULL, NULL, '2026-01-14 19:23:55.105404+00', '2026-01-14 20:20:56.227084+00', '2026-01-14 19:23:55.105404+00', 0, 0, NULL, NULL),
	('6777b220-0089-40e7-8cac-d83142f8cf20', '3fe3e04d-a047-4ecd-9aac-9e5e453bbd77', 'aaaee715-fe2c-4612-ae07-2d801dbeab5b', NULL, NULL, NULL, NULL, '2026-01-14 20:20:56.227084+00', '2026-01-14 20:21:03.123432+00', '2026-01-14 20:20:56.227084+00', 200, 0, 'cd8c9d01-a73e-4193-b5a2-0fbe57d2eebe', 'b194afbd-bbc3-4673-8187-5b9ac3e2ea35'),
	('41df973b-fa65-4feb-9db6-03a1dde6b39b', '3fe3e04d-a047-4ecd-9aac-9e5e453bbd77', 'aaaee715-fe2c-4612-ae07-2d801dbeab5b', NULL, NULL, NULL, NULL, '2026-01-14 19:23:41.508585+00', '2026-01-14 19:23:55.105404+00', '2026-01-14 19:23:41.508585+00', 70, 0, '7e6971a8-4783-4a37-b7e7-84bd9dff7494', 'e6a51633-1e30-4e58-a32e-e3385f978082'),
	('862a9319-9305-419e-9ca5-cad67e71ba10', '3fe3e04d-a047-4ecd-9aac-9e5e453bbd77', '988c96a7-a611-4c7a-bc77-962e916bc23c', NULL, NULL, NULL, NULL, '2026-01-14 20:21:03.123432+00', '2026-01-14 20:21:40.537048+00', '2026-01-14 20:21:03.123432+00', 0, 0, NULL, NULL),
	('f83b6345-9189-4c5d-864a-156e20618787', '3fe3e04d-a047-4ecd-9aac-9e5e453bbd77', 'aaaee715-fe2c-4612-ae07-2d801dbeab5b', NULL, NULL, NULL, NULL, '2026-01-14 20:21:40.537048+00', '2026-01-14 20:22:11.365672+00', '2026-01-14 20:21:40.537048+00', 30000, 0, 'cd8c9d01-a73e-4193-b5a2-0fbe57d2eebe', 'b194afbd-bbc3-4673-8187-5b9ac3e2ea35'),
	('037f9a55-efc0-4c05-8fd1-42a843fd82ee', '3fe3e04d-a047-4ecd-9aac-9e5e453bbd77', '988c96a7-a611-4c7a-bc77-962e916bc23c', NULL, NULL, NULL, NULL, '2026-01-14 20:22:11.365672+00', '2026-01-14 20:22:17.322132+00', '2026-01-14 20:22:11.365672+00', 0, 0, NULL, NULL),
	('381311b5-e8c1-4070-ac36-0ffdcd4f4612', '3fe3e04d-a047-4ecd-9aac-9e5e453bbd77', 'aaaee715-fe2c-4612-ae07-2d801dbeab5b', NULL, NULL, NULL, NULL, '2026-01-14 20:22:17.322132+00', '2026-01-14 20:23:25.479819+00', '2026-01-14 20:22:17.322132+00', 6, 3, 'cd8c9d01-a73e-4193-b5a2-0fbe57d2eebe', 'b194afbd-bbc3-4673-8187-5b9ac3e2ea35'),
	('91f3d8f2-c843-4629-8489-544f8e5f33be', 'e90f8548-cb0b-4737-9128-16b9f5365ab7', '988c96a7-a611-4c7a-bc77-962e916bc23c', NULL, NULL, NULL, NULL, '2026-01-14 20:49:27.566968+00', '2026-01-14 20:50:06.818421+00', '2026-01-14 20:49:27.566968+00', 0, 0, NULL, NULL),
	('1b25420f-75cd-462f-ae1f-6b8b98a6000f', 'a0bb60c8-2865-44ae-a5d8-80bc6d65313e', '988c96a7-a611-4c7a-bc77-962e916bc23c', NULL, NULL, NULL, NULL, '2026-01-15 21:50:18.41203+00', '2026-01-15 21:50:22.0026+00', '2026-01-15 21:50:18.41203+00', 0, 0, NULL, NULL),
	('fa181714-a17a-409c-8a73-3baa5673eba4', 'a0bb60c8-2865-44ae-a5d8-80bc6d65313e', '988c96a7-a611-4c7a-bc77-962e916bc23c', NULL, NULL, NULL, NULL, '2026-01-15 21:50:22.0026+00', '2026-01-15 21:50:27.532423+00', '2026-01-15 21:50:22.0026+00', 0, 0, NULL, NULL),
	('06fc8a7e-036a-4afe-a09b-fcf6aa5fbeba', '09d9b88d-0f9c-4730-9ce8-d1601cdd5def', 'aaaee715-fe2c-4612-ae07-2d801dbeab5b', NULL, NULL, NULL, NULL, '2026-01-16 13:36:17.651023+00', '2026-01-16 13:36:26.268623+00', '2026-01-16 13:36:17.651023+00', 0, 0, NULL, NULL),
	('ce66f384-52a1-42fe-991e-156e66e776af', 'a0bb60c8-2865-44ae-a5d8-80bc6d65313e', 'aaaee715-fe2c-4612-ae07-2d801dbeab5b', NULL, NULL, NULL, NULL, '2026-01-15 21:50:27.532423+00', '2026-01-15 21:50:39.553104+00', '2026-01-15 21:50:27.532423+00', 69300, 0, '84022274-459b-4db8-a631-9edc6c07eecd', '2f3e3060-719f-430d-b9c4-114dd4936b72'),
	('58ef61c2-8335-43a9-92d1-6abc49dcd9d7', 'fbe697f6-06f0-47d9-8f7d-4d767069ceb3', '988c96a7-a611-4c7a-bc77-962e916bc23c', NULL, NULL, NULL, NULL, '2026-01-15 21:51:38.4342+00', '2026-01-15 21:51:55.414118+00', '2026-01-15 21:51:38.4342+00', 0, 0, NULL, NULL),
	('98e780c6-1b83-4c65-b696-f40527a38514', '6ceb0f39-6345-478d-b035-da319aae36bd', '31b6bec2-2700-42c7-881a-e675ba87fb23', NULL, 'grace-window-expired', NULL, NULL, '2026-01-16 14:58:38.754+00', NULL, '2026-01-16 14:58:39.469717+00', 0, 0, NULL, NULL),
	('506921f4-f01a-4e44-9bac-aa34cdfd1543', 'fbe697f6-06f0-47d9-8f7d-4d767069ceb3', 'aaaee715-fe2c-4612-ae07-2d801dbeab5b', NULL, NULL, NULL, NULL, '2026-01-15 21:52:33.599714+00', '2026-01-15 21:52:39.202216+00', '2026-01-15 21:52:33.599714+00', 0, 0, '84022274-459b-4db8-a631-9edc6c07eecd', '72a9fe11-d66e-48e0-b9a9-53aaa2f1256e'),
	('a5f889b5-68d5-46c1-9b71-79295305344e', 'a0bb60c8-2865-44ae-a5d8-80bc6d65313e', '988c96a7-a611-4c7a-bc77-962e916bc23c', NULL, NULL, NULL, NULL, '2026-01-16 08:28:04.404701+00', '2026-01-16 12:09:35.155474+00', '2026-01-16 08:28:04.404701+00', 0, 0, NULL, NULL),
	('291bb702-49ea-4c69-8f12-220eb62e9961', '09d9b88d-0f9c-4730-9ce8-d1601cdd5def', '988c96a7-a611-4c7a-bc77-962e916bc23c', NULL, NULL, NULL, NULL, '2026-01-16 13:04:12.558194+00', '2026-01-16 13:07:46.712482+00', '2026-01-16 13:04:12.558194+00', 0, 0, NULL, NULL),
	('2adaa0a1-8f7e-4086-856d-6b968159cb5d', '6ceb0f39-6345-478d-b035-da319aae36bd', '988c96a7-a611-4c7a-bc77-962e916bc23c', NULL, NULL, NULL, NULL, '2026-01-16 13:09:21.94661+00', '2026-01-16 13:09:26.663339+00', '2026-01-16 13:09:21.94661+00', 0, 0, NULL, NULL),
	('78e82212-5757-425f-be6d-96d030d97534', 'b5047e23-1832-4ed4-81dc-e455e53a1f76', 'aaaee715-fe2c-4612-ae07-2d801dbeab5b', NULL, NULL, NULL, NULL, '2026-01-17 14:06:59.46843+00', '2026-01-17 14:07:30.240101+00', '2026-01-17 14:06:59.46843+00', 0, 10, '4b0e7964-b073-47b4-a292-963e17628283', '2296d8bf-eadf-41ad-b28b-b16fde7bbbb3'),
	('52f97c7a-e70c-4448-af01-a5afd780aa6e', 'b5047e23-1832-4ed4-81dc-e455e53a1f76', '988c96a7-a611-4c7a-bc77-962e916bc23c', NULL, NULL, NULL, NULL, '2026-01-17 14:07:30.240101+00', '2026-01-17 14:12:34.72+00', '2026-01-17 14:07:30.240101+00', 0, 0, NULL, NULL),
	('47576431-7e72-4eb2-af2c-6cf3cab0c79e', '89e55c70-64a7-4917-84f3-3f095b3c1b09', 'aaaee715-fe2c-4612-ae07-2d801dbeab5b', NULL, NULL, NULL, NULL, '2026-01-17 14:55:48.071025+00', '2026-01-17 14:55:51.127487+00', '2026-01-17 14:55:48.071025+00', 0, 0, NULL, NULL),
	('88c89872-6f27-44c5-9f2e-6f58341e8681', '0d5d1ce7-9f9f-496e-88f2-96436548e0f5', '988c96a7-a611-4c7a-bc77-962e916bc23c', NULL, 'worker-abandon', NULL, NULL, '2026-01-21 11:28:51.051222+00', NULL, '2026-01-21 11:28:51.051222+00', 0, 0, NULL, NULL),
	('63adc91a-2dc5-41eb-9f41-cfe7b3fd2b51', 'd44e0c04-a1d6-48c7-9319-b622c556453f', 'aaaee715-fe2c-4612-ae07-2d801dbeab5b', NULL, NULL, NULL, NULL, '2026-01-17 18:16:49.285073+00', '2026-01-17 18:16:55.030643+00', '2026-01-17 18:16:49.285073+00', 100, 0, '4b0e7964-b073-47b4-a292-963e17628283', '9b53fff0-f7ec-4832-b2e0-435a399a132d'),
	('dedbb215-096b-4b90-b932-8b0d174dd4e8', '32207b0b-8aa4-4550-968c-29b9b7890ab4', 'aaaee715-fe2c-4612-ae07-2d801dbeab5b', NULL, NULL, NULL, NULL, '2026-01-17 18:36:36.472696+00', '2026-01-17 18:36:40.700744+00', '2026-01-17 18:36:36.472696+00', 0, 0, NULL, NULL),
	('016d7951-37b5-4e75-827c-2046a67d705c', '6ceb0f39-6345-478d-b035-da319aae36bd', 'aaaee715-fe2c-4612-ae07-2d801dbeab5b', NULL, NULL, NULL, NULL, '2026-01-16 13:34:14.883456+00', '2026-01-16 13:34:20.698592+00', '2026-01-16 13:34:14.883456+00', 0, 0, NULL, NULL),
	('81596011-f751-4a8b-8a59-9adf22b6230d', '32207b0b-8aa4-4550-968c-29b9b7890ab4', 'aaaee715-fe2c-4612-ae07-2d801dbeab5b', NULL, NULL, NULL, NULL, '2026-01-17 18:36:52.093722+00', '2026-01-17 18:36:56.530355+00', '2026-01-17 18:36:52.093722+00', 0, 0, NULL, NULL),
	('14ec3e8b-f5b7-412f-a4bd-207279a2354e', '32207b0b-8aa4-4550-968c-29b9b7890ab4', '988c96a7-a611-4c7a-bc77-962e916bc23c', NULL, NULL, NULL, NULL, '2026-01-17 19:31:00.399723+00', '2026-01-17 19:31:10.110732+00', '2026-01-17 19:31:00.399723+00', 0, 0, NULL, NULL),
	('2ed39a81-b652-49bd-a0b4-7cd07253f564', '32207b0b-8aa4-4550-968c-29b9b7890ab4', '988c96a7-a611-4c7a-bc77-962e916bc23c', NULL, NULL, NULL, NULL, '2026-01-17 19:31:10.110732+00', '2026-01-17 19:31:33.791865+00', '2026-01-17 19:31:10.110732+00', 0, 0, NULL, NULL),
	('400d6851-553d-4463-9941-34c9102321c1', '6ceb0f39-6345-478d-b035-da319aae36bd', 'aaaee715-fe2c-4612-ae07-2d801dbeab5b', NULL, NULL, NULL, NULL, '2026-01-16 13:34:29.221367+00', '2026-01-16 13:34:40.538575+00', '2026-01-16 13:34:29.221367+00', 0, 0, NULL, NULL),
	('76aeac77-583c-45c2-b002-9f74b5bd5757', '6ceb0f39-6345-478d-b035-da319aae36bd', 'aaaee715-fe2c-4612-ae07-2d801dbeab5b', NULL, NULL, NULL, NULL, '2026-01-16 13:17:22.316154+00', '2026-01-16 13:17:39.349878+00', '2026-01-16 13:17:22.316154+00', 500, 0, '84022274-459b-4db8-a631-9edc6c07eecd', '71d90bb4-cb98-4920-a741-6d435c180ae0'),
	('7bd15e69-7c06-47fa-8d33-3af4ffa3e129', '11bb67fa-baf5-4e67-a6b6-68713479b224', '988c96a7-a611-4c7a-bc77-962e916bc23c', NULL, 'worker-abandon', NULL, NULL, '2026-01-17 22:56:09.671146+00', NULL, '2026-01-17 22:56:09.671146+00', 0, 0, '7e6971a8-4783-4a37-b7e7-84bd9dff7494', 'e6a51633-1e30-4e58-a32e-e3385f978082'),
	('54725f4c-87d3-4daa-9113-1503b9c6aba7', 'da2d4142-9374-493a-a656-fe5cc261a4b3', 'aaaee715-fe2c-4612-ae07-2d801dbeab5b', NULL, NULL, NULL, NULL, '2026-01-17 19:48:26.108465+00', '2026-01-17 19:48:41.872609+00', '2026-01-17 19:48:26.108465+00', 100, 0, '4b0e7964-b073-47b4-a292-963e17628283', '9b53fff0-f7ec-4832-b2e0-435a399a132d'),
	('3f793cd1-a47b-46c6-8392-322fb2c7ae72', 'da2d4142-9374-493a-a656-fe5cc261a4b3', 'aaaee715-fe2c-4612-ae07-2d801dbeab5b', NULL, NULL, NULL, NULL, '2026-01-17 19:48:41.872609+00', '2026-01-17 19:48:47.476121+00', '2026-01-17 19:48:41.872609+00', 0, 0, NULL, NULL),
	('4dbea3d1-3818-41bd-a43d-be6ab5afc11b', '09d9b88d-0f9c-4730-9ce8-d1601cdd5def', 'aaaee715-fe2c-4612-ae07-2d801dbeab5b', NULL, NULL, NULL, NULL, '2026-01-16 13:35:37.236806+00', '2026-01-16 13:35:54.081625+00', '2026-01-16 13:35:37.236806+00', 10000, 0, 'f8379c16-b5dd-49c0-be02-7e2ccc3809ec', '49cbec30-b457-4dbe-86f9-4bc3d64b5abc'),
	('92bc6941-6576-4718-9ed1-c960f28e3cf6', 'b47f1596-fc56-47d3-97c3-c8523e5dc57a', '988c96a7-a611-4c7a-bc77-962e916bc23c', NULL, NULL, NULL, NULL, '2026-01-21 11:28:57.810042+00', '2026-01-21 11:29:22.147871+00', '2026-01-21 11:28:57.810042+00', 0, 0, NULL, NULL),
	('0218a66e-42d9-4b19-85ad-3135ccb2708a', 'da2d4142-9374-493a-a656-fe5cc261a4b3', 'aaaee715-fe2c-4612-ae07-2d801dbeab5b', NULL, NULL, NULL, NULL, '2026-01-17 19:48:53.775397+00', '2026-01-17 19:49:03.398691+00', '2026-01-17 19:48:53.775397+00', 0, 0, NULL, NULL),
	('1eed95be-ba2d-40c0-a2d2-21e84c675d2f', 'e71cf7b8-1b0e-4759-bc33-6396a2efa47d', '035ceb17-3b2c-4194-a9c6-4435be2bcf08', NULL, NULL, NULL, NULL, '2026-01-21 13:49:54.640451+00', '2026-01-21 13:50:17.041717+00', '2026-01-21 13:49:54.640451+00', 0, 0, 'a5e7e178-915e-4405-aa1e-320c10e2b479', '468617c1-21c7-46f4-914a-3a63cf9b584c'),
	('f6caf041-422b-4807-aa1c-f7f8db5edbcb', '6ceb0f39-6345-478d-b035-da319aae36bd', 'aaaee715-fe2c-4612-ae07-2d801dbeab5b', NULL, NULL, NULL, NULL, '2026-01-16 13:17:54.065267+00', '2026-01-16 13:18:01.309598+00', '2026-01-16 13:17:54.065267+00', 350, 0, '84022274-459b-4db8-a631-9edc6c07eecd', '71d90bb4-cb98-4920-a741-6d435c180ae0'),
	('598a272a-1c77-4280-90bb-d08e59833cf1', '6ceb0f39-6345-478d-b035-da319aae36bd', 'aaaee715-fe2c-4612-ae07-2d801dbeab5b', NULL, NULL, NULL, NULL, '2026-01-16 13:18:01.309598+00', '2026-01-16 13:18:11.805583+00', '2026-01-16 13:18:01.309598+00', 0, 0, NULL, NULL),
	('df01764a-40ae-4ead-9386-02b2ad75a30f', '6ceb0f39-6345-478d-b035-da319aae36bd', '988c96a7-a611-4c7a-bc77-962e916bc23c', NULL, NULL, NULL, NULL, '2026-01-16 13:22:04.297587+00', '2026-01-16 13:22:28.393442+00', '2026-01-16 13:22:04.297587+00', 0, 0, NULL, NULL),
	('9217539f-4205-4b81-9519-37e8b95843c4', 'e71cf7b8-1b0e-4759-bc33-6396a2efa47d', '988c96a7-a611-4c7a-bc77-962e916bc23c', NULL, 'worker-abandon', NULL, NULL, '2026-01-21 13:50:17.041717+00', NULL, '2026-01-21 13:50:17.041717+00', 0, 0, 'a5e7e178-915e-4405-aa1e-320c10e2b479', '468617c1-21c7-46f4-914a-3a63cf9b584c'),
	('bf9e7c09-8fd2-40cf-b5f8-1d9be7e6e46e', 'da2d4142-9374-493a-a656-fe5cc261a4b3', 'aaaee715-fe2c-4612-ae07-2d801dbeab5b', NULL, NULL, NULL, NULL, '2026-01-17 20:23:19.351016+00', '2026-01-17 20:23:46.446281+00', '2026-01-17 20:23:19.351016+00', 0, 0, NULL, NULL),
	('810cc2cd-8b1c-423f-a3ca-d35fe6bdcca1', 'fa93a627-4fe0-4813-a5ac-d6388f65e873', '988c96a7-a611-4c7a-bc77-962e916bc23c', NULL, NULL, NULL, NULL, '2026-01-21 13:50:59.145734+00', '2026-01-21 13:51:21.917331+00', '2026-01-21 13:50:59.145734+00', 0, 0, NULL, NULL),
	('106e5f7f-967d-4039-bb75-65c9ad0892fc', '9e3d710e-4d7b-4311-8970-5349d63b160b', '988c96a7-a611-4c7a-bc77-962e916bc23c', NULL, NULL, NULL, NULL, '2026-01-17 22:56:38.775763+00', '2026-01-17 22:56:42.567296+00', '2026-01-17 22:56:38.775763+00', 0, 0, NULL, NULL),
	('8f0bf632-cc28-4895-9ab9-446f5af601a6', '09d9b88d-0f9c-4730-9ce8-d1601cdd5def', '988c96a7-a611-4c7a-bc77-962e916bc23c', NULL, NULL, NULL, NULL, '2026-01-16 13:35:54.081625+00', '2026-01-16 13:35:57.770403+00', '2026-01-16 13:35:54.081625+00', 0, 0, NULL, NULL),
	('7e49fc4e-8c2d-4e21-bd5f-958daf737a19', 'da2d4142-9374-493a-a656-fe5cc261a4b3', 'aaaee715-fe2c-4612-ae07-2d801dbeab5b', NULL, NULL, NULL, NULL, '2026-01-17 20:26:25.392221+00', '2026-01-17 20:26:37.460515+00', '2026-01-17 20:26:25.392221+00', 0, 0, NULL, NULL),
	('78d858d2-58da-47d1-b433-86224e48fae7', 'da2d4142-9374-493a-a656-fe5cc261a4b3', 'aaaee715-fe2c-4612-ae07-2d801dbeab5b', NULL, NULL, NULL, NULL, '2026-01-17 20:26:50.436225+00', '2026-01-17 20:26:55.063793+00', '2026-01-17 20:26:50.436225+00', 0, 0, NULL, NULL),
	('28951fc0-31e1-4691-bb83-30ce035cf681', 'ef04a5e3-8359-40fb-a3c8-dbfb435e9c04', 'aaaee715-fe2c-4612-ae07-2d801dbeab5b', NULL, NULL, NULL, NULL, '2026-01-17 20:42:01.753391+00', '2026-01-17 20:42:54.015855+00', '2026-01-17 20:42:01.753391+00', 0, 0, NULL, NULL),
	('bb9d2f62-ad35-4b95-b05a-c122fab07a0f', '09d9b88d-0f9c-4730-9ce8-d1601cdd5def', 'aaaee715-fe2c-4612-ae07-2d801dbeab5b', NULL, NULL, NULL, NULL, '2026-01-16 13:35:57.770403+00', '2026-01-16 13:36:02.692722+00', '2026-01-16 13:35:57.770403+00', 0, 0, 'f8379c16-b5dd-49c0-be02-7e2ccc3809ec', '49cbec30-b457-4dbe-86f9-4bc3d64b5abc'),
	('e6cba185-64a6-44c9-bff5-9584ee5e6743', '09d9b88d-0f9c-4730-9ce8-d1601cdd5def', 'aaaee715-fe2c-4612-ae07-2d801dbeab5b', NULL, NULL, NULL, NULL, '2026-01-16 13:36:02.692722+00', '2026-01-16 13:36:10.570343+00', '2026-01-16 13:36:02.692722+00', 0, 0, NULL, NULL),
	('b57ae8b6-b166-4c39-af98-c6c9154e9989', 'fa93a627-4fe0-4813-a5ac-d6388f65e873', 'aba59ce0-d35a-4a2a-a95f-5e0339f4942e', NULL, NULL, NULL, NULL, '2026-01-21 13:51:21.917331+00', '2026-01-21 13:52:16.518536+00', '2026-01-21 13:51:21.917331+00', 0, 0, '640bbdc0-c0d9-4463-87f8-11fb789f9753', '06d32f7d-281d-437b-bebb-2cacef345bd7'),
	('17479468-7b50-4635-ac00-9e3158c814a3', 'ef04a5e3-8359-40fb-a3c8-dbfb435e9c04', 'aaaee715-fe2c-4612-ae07-2d801dbeab5b', NULL, NULL, NULL, NULL, '2026-01-17 20:43:32.925672+00', '2026-01-17 20:43:45.085154+00', '2026-01-17 20:43:32.925672+00', 0, 0, NULL, NULL),
	('9cb38843-02d6-4b99-b1ba-cd17946f7b3f', '9e3d710e-4d7b-4311-8970-5349d63b160b', '988c96a7-a611-4c7a-bc77-962e916bc23c', NULL, NULL, NULL, NULL, '2026-01-17 22:56:42.567296+00', '2026-01-17 22:56:50.821645+00', '2026-01-17 22:56:42.567296+00', 0, 0, NULL, NULL),
	('f79dec13-15dd-42ec-a6d9-1923392c0fd7', '863eebf0-6276-4183-9b74-9b696254b83d', '988c96a7-a611-4c7a-bc77-962e916bc23c', NULL, NULL, NULL, NULL, '2026-01-17 21:35:27.892334+00', '2026-01-17 21:35:32.779014+00', '2026-01-17 21:35:27.892334+00', 0, 0, NULL, NULL),
	('2a72f420-eb76-4dfa-85d5-1e6d98157317', '26fcfc1d-5d3b-4811-920a-1b823e1f5478', 'aaaee715-fe2c-4612-ae07-2d801dbeab5b', NULL, NULL, NULL, NULL, '2026-01-21 13:57:09.325873+00', '2026-01-21 13:57:58.43289+00', '2026-01-21 13:57:09.325873+00', 0, 0, '327cc3cd-e43a-45a7-bfb0-39f811a7468e', '71d82466-d155-4e1d-b111-7338a53d95ad'),
	('165e0d83-0bc6-4aa7-a624-aca4453464ee', '863eebf0-6276-4183-9b74-9b696254b83d', 'aaaee715-fe2c-4612-ae07-2d801dbeab5b', NULL, NULL, NULL, NULL, '2026-01-17 21:35:32.779014+00', '2026-01-17 21:38:36.854211+00', '2026-01-17 21:35:32.779014+00', 0, 0, '865dd250-9a9c-4399-8954-fbb633fcf9d3', '4e625a7c-0786-44fe-8a99-aa02244df0a9'),
	('d2f2faa5-9cf4-4277-ac06-89c041f4ed58', '863eebf0-6276-4183-9b74-9b696254b83d', 'aba59ce0-d35a-4a2a-a95f-5e0339f4942e', NULL, NULL, NULL, NULL, '2026-01-17 21:38:36.854211+00', '2026-01-17 21:39:10.775938+00', '2026-01-17 21:38:36.854211+00', 0, 0, NULL, NULL),
	('ee0321e7-3b73-4647-be2f-0119d9f92e90', '863eebf0-6276-4183-9b74-9b696254b83d', '4b59be72-8911-459d-b20f-dc27720270ea', NULL, NULL, NULL, NULL, '2026-01-17 21:39:10.775938+00', '2026-01-17 21:44:46.04967+00', '2026-01-17 21:39:10.775938+00', 0, 0, '865dd250-9a9c-4399-8954-fbb633fcf9d3', '4e625a7c-0786-44fe-8a99-aa02244df0a9'),
	('6d1d8362-e8a5-4493-828e-d00a69e89a52', '863eebf0-6276-4183-9b74-9b696254b83d', '988c96a7-a611-4c7a-bc77-962e916bc23c', NULL, 'worker-abandon', NULL, NULL, '2026-01-17 22:43:46.443088+00', NULL, '2026-01-17 22:43:46.443088+00', 0, 0, NULL, NULL),
	('5ffea084-1206-4178-aba0-9b6bed6b8470', '11bb67fa-baf5-4e67-a6b6-68713479b224', '988c96a7-a611-4c7a-bc77-962e916bc23c', NULL, NULL, NULL, NULL, '2026-01-17 22:45:16.883338+00', '2026-01-17 22:45:18.997032+00', '2026-01-17 22:45:16.883338+00', 0, 0, NULL, NULL),
	('78afc856-a617-480e-a2c6-b9cf350f70f8', '1540d389-1371-4d3f-b9fc-2b3330f64cb2', 'aaaee715-fe2c-4612-ae07-2d801dbeab5b', NULL, NULL, NULL, NULL, '2026-01-17 23:41:22.43375+00', '2026-01-17 23:55:44.289412+00', '2026-01-17 23:41:22.43375+00', 6, 0, '08baf2a3-c2c0-4425-a22b-8e2ec7db9438', '0521d520-358e-4f41-8748-279c09eb158d'),
	('30c09282-3fe0-4079-8a89-eb67f647d4dd', '448701da-e8bb-48e1-b7a2-42d49b1f9b29', '988c96a7-a611-4c7a-bc77-962e916bc23c', NULL, NULL, NULL, NULL, '2026-01-18 13:58:06.173694+00', '2026-01-18 13:58:30.482978+00', '2026-01-18 13:58:06.173694+00', 0, 0, NULL, NULL),
	('bef04b73-1e5b-4923-a1dc-647cab585add', 'c9fd658c-655b-41bc-9db7-ff343b0fed92', '988c96a7-a611-4c7a-bc77-962e916bc23c', NULL, NULL, NULL, NULL, '2026-01-18 10:14:12.023578+00', '2026-01-18 14:26:01.266131+00', '2026-01-18 10:14:12.023578+00', 0, 0, NULL, NULL),
	('bbbb353e-c81b-47c3-9294-11ebf026e9ae', 'd82fae81-cb8a-4aaf-b22d-5490672be61f', '988c96a7-a611-4c7a-bc77-962e916bc23c', NULL, 'worker-abandon', NULL, NULL, '2026-01-18 14:48:42.892025+00', NULL, '2026-01-18 14:48:42.892025+00', 0, 0, '070a7ea5-da46-4989-8773-a4ee18a41126', '3d75df6c-ec7c-4fa5-8183-8fe3f4075fdf'),
	('9da2d946-b67b-4a12-be61-318837757c31', 'b065d4b3-5bcf-432d-a821-088b226c209b', 'aaaee715-fe2c-4612-ae07-2d801dbeab5b', NULL, NULL, NULL, NULL, '2026-01-18 14:50:03.544827+00', '2026-01-18 14:50:08.181241+00', '2026-01-18 14:50:03.544827+00', 0, 0, '070a7ea5-da46-4989-8773-a4ee18a41126', '3d75df6c-ec7c-4fa5-8183-8fe3f4075fdf'),
	('e62aa6ed-ded9-44d3-bdd5-9f9d37e2250f', 'b065d4b3-5bcf-432d-a821-088b226c209b', 'aaaee715-fe2c-4612-ae07-2d801dbeab5b', NULL, NULL, NULL, NULL, '2026-01-18 14:54:14.026697+00', '2026-01-18 14:54:22.204403+00', '2026-01-18 14:54:14.026697+00', 0, 0, '070a7ea5-da46-4989-8773-a4ee18a41126', '3d75df6c-ec7c-4fa5-8183-8fe3f4075fdf'),
	('66e90b14-f18c-4618-9de0-4cf3386950a5', 'b065d4b3-5bcf-432d-a821-088b226c209b', '988c96a7-a611-4c7a-bc77-962e916bc23c', NULL, 'worker-abandon', NULL, NULL, '2026-01-18 16:35:14.297594+00', NULL, '2026-01-18 16:35:14.297594+00', 0, 0, '7e6971a8-4783-4a37-b7e7-84bd9dff7494', 'e6a51633-1e30-4e58-a32e-e3385f978082'),
	('a04ac65d-43df-4eb7-b5d7-528d843304ff', 'da2d4142-9374-493a-a656-fe5cc261a4b3', 'aaaee715-fe2c-4612-ae07-2d801dbeab5b', NULL, NULL, NULL, NULL, '2026-01-17 19:48:47.476121+00', '2026-01-17 19:48:53.775397+00', '2026-01-17 19:48:47.476121+00', 7, 0, NULL, NULL),
	('9644497e-048c-4153-9e66-a9bc37612936', 'a0bb60c8-2865-44ae-a5d8-80bc6d65313e', '988c96a7-a611-4c7a-bc77-962e916bc23c', NULL, NULL, NULL, NULL, '2026-01-15 21:50:39.553104+00', '2026-01-15 21:50:46.296347+00', '2026-01-15 21:50:39.553104+00', 0, 0, NULL, NULL),
	('602adc58-3992-4c56-ae51-6d8cf24a8c9a', '09d9b88d-0f9c-4730-9ce8-d1601cdd5def', '31b6bec2-2700-42c7-881a-e675ba87fb23', NULL, 'grace-window-expired', NULL, NULL, '2026-01-16 14:58:38.754+00', NULL, '2026-01-16 14:58:40.237932+00', 0, 0, NULL, NULL),
	('1e0b5bdc-36b2-49e5-8f42-960905507d85', 'fbe697f6-06f0-47d9-8f7d-4d767069ceb3', 'aaaee715-fe2c-4612-ae07-2d801dbeab5b', NULL, NULL, NULL, NULL, '2026-01-15 21:51:27.199758+00', '2026-01-15 21:51:38.4342+00', '2026-01-15 21:51:27.199758+00', 0, 0, '84022274-459b-4db8-a631-9edc6c07eecd', '72a9fe11-d66e-48e0-b9a9-53aaa2f1256e'),
	('a07bf186-6be4-46b3-955a-c1c4be435bbf', 'fbe697f6-06f0-47d9-8f7d-4d767069ceb3', 'aaaee715-fe2c-4612-ae07-2d801dbeab5b', NULL, NULL, NULL, NULL, '2026-01-15 21:52:39.202216+00', '2026-01-15 21:52:47.347014+00', '2026-01-15 21:52:39.202216+00', 0, 0, NULL, NULL),
	('4deef9a4-34da-4ae8-af1d-8512f70b016d', 'e4e0c816-f280-4819-ae4b-e63519de71d2', '988c96a7-a611-4c7a-bc77-962e916bc23c', NULL, NULL, NULL, NULL, '2026-01-16 08:28:39.656992+00', '2026-01-16 12:13:27.326342+00', '2026-01-16 08:28:39.656992+00', 0, 0, NULL, NULL),
	('1bbcdf00-8563-4af9-b254-6e7f554a04cb', '1d7449aa-ff68-4060-abda-e049e2306d6c', '988c96a7-a611-4c7a-bc77-962e916bc23c', NULL, NULL, NULL, NULL, '2026-01-17 14:31:47.59523+00', '2026-01-17 14:31:51.022064+00', '2026-01-17 14:31:47.59523+00', 0, 0, NULL, NULL),
	('774ed903-bcf5-4541-ba10-b24ffc12ec37', '09d9b88d-0f9c-4730-9ce8-d1601cdd5def', 'aaaee715-fe2c-4612-ae07-2d801dbeab5b', NULL, NULL, NULL, NULL, '2026-01-16 13:07:46.712482+00', '2026-01-16 13:07:50.221737+00', '2026-01-16 13:07:46.712482+00', 0, 0, '84022274-459b-4db8-a631-9edc6c07eecd', '2f3e3060-719f-430d-b9c4-114dd4936b72'),
	('7477d824-cf4e-412d-9b97-351fbcb101c5', '09d9b88d-0f9c-4730-9ce8-d1601cdd5def', 'aaaee715-fe2c-4612-ae07-2d801dbeab5b', NULL, NULL, NULL, NULL, '2026-01-16 13:08:07.621119+00', '2026-01-16 13:08:13.954917+00', '2026-01-16 13:08:07.621119+00', 0, 0, NULL, NULL),
	('d339a6ed-b66c-42cc-991e-9323fceb50f4', '6ceb0f39-6345-478d-b035-da319aae36bd', 'aaaee715-fe2c-4612-ae07-2d801dbeab5b', NULL, NULL, NULL, NULL, '2026-01-16 13:09:26.663339+00', '2026-01-16 13:17:17.762998+00', '2026-01-16 13:09:26.663339+00', 0, 0, '4b0e7964-b073-47b4-a292-963e17628283', '9b53fff0-f7ec-4832-b2e0-435a399a132d'),
	('5390ce7a-711c-4e95-a622-9394517bc99a', '1d7449aa-ff68-4060-abda-e049e2306d6c', '988c96a7-a611-4c7a-bc77-962e916bc23c', NULL, NULL, NULL, NULL, '2026-01-17 14:31:51.45564+00', '2026-01-17 14:31:57.250487+00', '2026-01-17 14:31:51.45564+00', 0, 0, NULL, NULL),
	('7c530b95-1670-4f52-8516-8e8f720dca44', '9e3d710e-4d7b-4311-8970-5349d63b160b', 'aaaee715-fe2c-4612-ae07-2d801dbeab5b', NULL, NULL, NULL, NULL, '2026-01-17 22:56:50.821645+00', NULL, '2026-01-17 22:56:50.821645+00', 0, 0, '070a7ea5-da46-4989-8773-a4ee18a41126', '3d75df6c-ec7c-4fa5-8183-8fe3f4075fdf'),
	('26dbe1bd-42e5-46d3-ada3-939d55084f2c', '89e55c70-64a7-4917-84f3-3f095b3c1b09', 'aaaee715-fe2c-4612-ae07-2d801dbeab5b', NULL, NULL, NULL, NULL, '2026-01-17 14:55:51.127487+00', '2026-01-17 16:05:47.301004+00', '2026-01-17 14:55:51.127487+00', 0, 0, 'cd8c9d01-a73e-4193-b5a2-0fbe57d2eebe', 'b194afbd-bbc3-4673-8187-5b9ac3e2ea35'),
	('b3db3e0e-46b3-4e2c-8032-b78a6e5e443d', 'd44e0c04-a1d6-48c7-9319-b622c556453f', '988c96a7-a611-4c7a-bc77-962e916bc23c', NULL, NULL, NULL, NULL, '2026-01-17 18:16:55.030643+00', '2026-01-17 18:17:05.714275+00', '2026-01-17 18:16:55.030643+00', 0, 0, NULL, NULL),
	('fe4e9ec4-0db4-43a6-b97b-321d469e0e4b', '32207b0b-8aa4-4550-968c-29b9b7890ab4', 'aaaee715-fe2c-4612-ae07-2d801dbeab5b', NULL, NULL, NULL, NULL, '2026-01-17 18:36:56.530355+00', '2026-01-17 18:51:17.46412+00', '2026-01-17 18:36:56.530355+00', 0, 10, '4b0e7964-b073-47b4-a292-963e17628283', '2296d8bf-eadf-41ad-b28b-b16fde7bbbb3'),
	('1197d477-db92-4238-8812-5c954a5c5a14', '32207b0b-8aa4-4550-968c-29b9b7890ab4', 'aaaee715-fe2c-4612-ae07-2d801dbeab5b', NULL, NULL, NULL, NULL, '2026-01-17 18:51:17.46412+00', '2026-01-17 19:07:46.183736+00', '2026-01-17 18:51:17.46412+00', 0, 0, NULL, NULL),
	('13d27ec3-a24b-45c6-9afc-1b75a7dbb4c3', '32207b0b-8aa4-4550-968c-29b9b7890ab4', 'aaaee715-fe2c-4612-ae07-2d801dbeab5b', NULL, NULL, NULL, NULL, '2026-01-17 19:31:33.791865+00', '2026-01-17 19:34:37.70686+00', '2026-01-17 19:31:33.791865+00', 0, 0, '4b0e7964-b073-47b4-a292-963e17628283', '2296d8bf-eadf-41ad-b28b-b16fde7bbbb3'),
	('0bf4cd5c-4ac6-4757-9688-47812e73aca7', '3c26e540-5806-4d74-bddf-6130b0919dda', '988c96a7-a611-4c7a-bc77-962e916bc23c', NULL, NULL, NULL, NULL, '2026-01-18 16:35:22.706673+00', '2026-01-18 16:35:29.771648+00', '2026-01-18 16:35:22.706673+00', 0, 0, NULL, NULL),
	('03fac384-3fa5-48ce-af5b-65e44a60b7ef', '6ceb0f39-6345-478d-b035-da319aae36bd', '988c96a7-a611-4c7a-bc77-962e916bc23c', NULL, NULL, NULL, NULL, '2026-01-16 13:22:57.260236+00', '2026-01-16 13:23:00.442641+00', '2026-01-16 13:22:57.260236+00', 0, 0, NULL, NULL),
	('e3e3eeab-8d83-4c5c-bae8-084a9d827447', 'da2d4142-9374-493a-a656-fe5cc261a4b3', 'aaaee715-fe2c-4612-ae07-2d801dbeab5b', NULL, NULL, NULL, NULL, '2026-01-17 20:17:51.02209+00', '2026-01-17 20:18:03.053554+00', '2026-01-17 20:17:51.02209+00', 2000, 0, '4b0e7964-b073-47b4-a292-963e17628283', '9b53fff0-f7ec-4832-b2e0-435a399a132d'),
	('b6ea867b-564e-403b-a2e4-17625549170e', 'b47f1596-fc56-47d3-97c3-c8523e5dc57a', '988c96a7-a611-4c7a-bc77-962e916bc23c', NULL, NULL, NULL, NULL, '2026-01-21 11:29:22.147871+00', '2026-01-21 11:31:14.039268+00', '2026-01-21 11:29:22.147871+00', 0, 0, NULL, NULL),
	('30023199-3414-4d9a-9641-115ab37cda4a', '6ceb0f39-6345-478d-b035-da319aae36bd', 'aaaee715-fe2c-4612-ae07-2d801dbeab5b', NULL, NULL, NULL, NULL, '2026-01-16 13:25:45.426286+00', '2026-01-16 13:26:33.916094+00', '2026-01-16 13:25:45.426286+00', 0, 0, NULL, NULL),
	('fe3cac0e-3f23-4b9e-b423-80776273bc5f', 'da2d4142-9374-493a-a656-fe5cc261a4b3', 'f33ae7c3-0856-4219-8d19-d0dfd5019143', NULL, NULL, NULL, NULL, '2026-01-17 20:24:10.725004+00', '2026-01-17 20:24:19.645724+00', '2026-01-17 20:24:10.725004+00', 0, 0, NULL, NULL),
	('bdf2e4a1-f5ac-4caf-8f71-85f586d848d3', 'da2d4142-9374-493a-a656-fe5cc261a4b3', '988c96a7-a611-4c7a-bc77-962e916bc23c', NULL, NULL, NULL, NULL, '2026-01-17 20:24:46.838554+00', '2026-01-17 20:26:18.060804+00', '2026-01-17 20:24:46.838554+00', 0, 0, NULL, NULL),
	('9c6f1d3d-f99d-4229-bc33-a4995f72fd29', 'ef04a5e3-8359-40fb-a3c8-dbfb435e9c04', '988c96a7-a611-4c7a-bc77-962e916bc23c', NULL, NULL, NULL, NULL, '2026-01-17 20:44:22.353572+00', '2026-01-17 20:44:26.17273+00', '2026-01-17 20:44:22.353572+00', 0, 0, NULL, NULL),
	('a408c8c2-98ad-4e4c-8980-a72e1a8ae30f', '863eebf0-6276-4183-9b74-9b696254b83d', 'aba59ce0-d35a-4a2a-a95f-5e0339f4942e', NULL, NULL, NULL, NULL, '2026-01-17 21:44:46.04967+00', '2026-01-17 21:44:59.606025+00', '2026-01-17 21:44:46.04967+00', 0, 0, NULL, NULL),
	('ec340dcf-5db1-431b-af02-7b922ff11b35', '863eebf0-6276-4183-9b74-9b696254b83d', '988c96a7-a611-4c7a-bc77-962e916bc23c', NULL, NULL, NULL, NULL, '2026-01-17 21:45:05.041602+00', '2026-01-17 21:47:25.149216+00', '2026-01-17 21:45:05.041602+00', 0, 0, NULL, NULL),
	('c17c2a99-98e0-4ae6-865b-7683f595099b', '863eebf0-6276-4183-9b74-9b696254b83d', '988c96a7-a611-4c7a-bc77-962e916bc23c', NULL, NULL, NULL, NULL, '2026-01-17 21:47:32.770994+00', '2026-01-17 21:47:40.13724+00', '2026-01-17 21:47:32.770994+00', 0, 0, NULL, NULL),
	('81b5e6ec-5d83-40ab-817e-086dc3524b62', '06e2d836-0344-47e7-9d30-4dc254d12662', 'aaaee715-fe2c-4612-ae07-2d801dbeab5b', NULL, NULL, NULL, NULL, '2026-01-17 22:58:06.405579+00', '2026-01-17 22:58:25.140434+00', '2026-01-17 22:58:06.405579+00', 10, 0, NULL, NULL),
	('0101a481-795b-497a-80dc-8e6e0e6337b1', '863eebf0-6276-4183-9b74-9b696254b83d', 'aaaee715-fe2c-4612-ae07-2d801dbeab5b', NULL, NULL, NULL, NULL, '2026-01-17 21:47:40.13724+00', '2026-01-17 21:47:43.226299+00', '2026-01-17 21:47:40.13724+00', 9000, 0, '865dd250-9a9c-4399-8954-fbb633fcf9d3', '4e625a7c-0786-44fe-8a99-aa02244df0a9'),
	('748efa58-19c6-414a-8347-8f3bb8389954', '1e5b1455-e02f-444b-a90e-9c7696934d06', '988c96a7-a611-4c7a-bc77-962e916bc23c', NULL, NULL, NULL, NULL, '2026-01-17 22:43:54.526346+00', '2026-01-17 22:44:00.643014+00', '2026-01-17 22:43:54.526346+00', 0, 0, NULL, NULL),
	('359c6233-7e3a-4c0a-b45e-d9a560f796b3', '1e5b1455-e02f-444b-a90e-9c7696934d06', '988c96a7-a611-4c7a-bc77-962e916bc23c', NULL, NULL, NULL, NULL, '2026-01-17 22:44:01.25041+00', '2026-01-17 22:44:24.64414+00', '2026-01-17 22:44:01.25041+00', 0, 0, NULL, NULL),
	('b1d36943-9d3e-4cb8-84fc-294b5d2ec396', '1540d389-1371-4d3f-b9fc-2b3330f64cb2', '988c96a7-a611-4c7a-bc77-962e916bc23c', NULL, NULL, NULL, NULL, '2026-01-18 09:31:25.117564+00', '2026-01-18 09:31:25.326755+00', '2026-01-18 09:31:25.117564+00', 0, 0, '08baf2a3-c2c0-4425-a22b-8e2ec7db9438', '0521d520-358e-4f41-8748-279c09eb158d'),
	('173e8074-ec9d-433a-875e-023e5fe44b38', 'fa93a627-4fe0-4813-a5ac-d6388f65e873', '988c96a7-a611-4c7a-bc77-962e916bc23c', NULL, NULL, NULL, NULL, '2026-01-21 13:52:38.51514+00', '2026-01-21 13:53:56.433995+00', '2026-01-21 13:52:38.51514+00', 0, 0, '640bbdc0-c0d9-4463-87f8-11fb789f9753', '06d32f7d-281d-437b-bebb-2cacef345bd7'),
	('10c67ba0-5308-4fee-879e-3795bf70601e', '6be75d3d-081a-4632-b4e9-f1b32e3e80c7', '988c96a7-a611-4c7a-bc77-962e916bc23c', NULL, NULL, NULL, NULL, '2026-01-18 17:43:51.815217+00', '2026-01-18 17:44:31.338962+00', '2026-01-18 17:43:51.815217+00', 0, 0, NULL, NULL),
	('c98b9147-68b2-4793-9e22-b831c00e1aaf', '6be75d3d-081a-4632-b4e9-f1b32e3e80c7', '9e7ea5f4-3025-4acb-9708-6bbbb13adbdf', NULL, NULL, NULL, NULL, '2026-01-18 17:44:31.338962+00', '2026-01-18 17:44:54.666771+00', '2026-01-18 17:44:31.338962+00', 0, 0, NULL, NULL),
	('354668cc-01db-4579-b220-b5f0557b4a5b', 'bca128d5-e9ef-4504-971d-87369b953109', '988c96a7-a611-4c7a-bc77-962e916bc23c', NULL, NULL, NULL, NULL, '2026-01-18 13:21:24.191583+00', '2026-01-18 13:22:37.66209+00', '2026-01-18 13:21:24.191583+00', 0, 0, NULL, NULL),
	('3fae616f-23d2-41fe-8e28-97bc74a2ea0d', 'a744227e-8e43-4d64-b1fe-a7602b86224a', '988c96a7-a611-4c7a-bc77-962e916bc23c', NULL, 'worker-abandon', NULL, NULL, '2026-01-18 20:07:49.98424+00', NULL, '2026-01-18 20:07:49.98424+00', 0, 0, NULL, NULL),
	('2d79e015-d21b-4af5-810c-df55d434f014', 'b065d4b3-5bcf-432d-a821-088b226c209b', '988c96a7-a611-4c7a-bc77-962e916bc23c', NULL, NULL, NULL, NULL, '2026-01-18 14:48:47.753226+00', '2026-01-18 14:48:50.596281+00', '2026-01-18 14:48:47.753226+00', 0, 0, NULL, NULL),
	('2f473624-be01-41d7-bf44-2de3a4daacb4', 'b065d4b3-5bcf-432d-a821-088b226c209b', 'aaaee715-fe2c-4612-ae07-2d801dbeab5b', NULL, NULL, NULL, NULL, '2026-01-18 14:52:36.490026+00', '2026-01-18 14:54:14.026697+00', '2026-01-18 14:52:36.490026+00', 0, 0, '070a7ea5-da46-4989-8773-a4ee18a41126', '3d75df6c-ec7c-4fa5-8183-8fe3f4075fdf'),
	('7f7869c3-b50f-48a2-9f1d-d34ff4f8f301', 'fbe697f6-06f0-47d9-8f7d-4d767069ceb3', 'aaaee715-fe2c-4612-ae07-2d801dbeab5b', NULL, NULL, NULL, NULL, '2026-01-15 21:52:47.347014+00', '2026-01-15 21:53:57.517404+00', '2026-01-15 21:52:47.347014+00', 0, 0, NULL, NULL),
	('153c6715-3c48-4d61-a9db-cf3ef6b610a9', '448701da-e8bb-48e1-b7a2-42d49b1f9b29', 'aaaee715-fe2c-4612-ae07-2d801dbeab5b', NULL, NULL, NULL, NULL, '2026-01-18 13:58:30.482978+00', '2026-01-18 14:01:23.334344+00', '2026-01-18 13:58:30.482978+00', 0, 0, NULL, NULL),
	('c4ae6948-7bff-47f2-b184-3e40a82797fe', '02f84917-614b-481e-94cd-339cce732457', '9e7ea5f4-3025-4acb-9708-6bbbb13adbdf', NULL, NULL, NULL, NULL, '2026-01-18 18:43:06.230809+00', '2026-01-18 18:43:07.23365+00', '2026-01-18 18:43:06.230809+00', 0, 0, NULL, NULL),
	('523dec5b-0503-4fbf-9e25-52f95d6fddc1', '02f84917-614b-481e-94cd-339cce732457', 'aaaee715-fe2c-4612-ae07-2d801dbeab5b', NULL, NULL, NULL, NULL, '2026-01-18 18:43:07.23365+00', '2026-01-18 19:21:41.685866+00', '2026-01-18 18:43:07.23365+00', 0, 0, NULL, NULL),
	('ffa96f1e-95aa-49e4-b1d1-781eb617fc46', 'ef04a5e3-8359-40fb-a3c8-dbfb435e9c04', 'aaaee715-fe2c-4612-ae07-2d801dbeab5b', NULL, NULL, NULL, NULL, '2026-01-17 20:44:26.17273+00', '2026-01-17 20:45:27.796794+00', '2026-01-17 20:44:26.17273+00', 0, 0, NULL, NULL),
	('038483f3-aa87-495e-83cc-cf58499ff8a8', 'a744227e-8e43-4d64-b1fe-a7602b86224a', '988c96a7-a611-4c7a-bc77-962e916bc23c', NULL, NULL, NULL, NULL, '2026-01-18 20:01:37.357576+00', '2026-01-18 20:07:41.619+00', '2026-01-18 20:01:37.357576+00', 0, 0, NULL, NULL),
	('818fb5e9-fb41-40a4-a456-22849417a2ca', '1b446bdf-b85e-4b92-b7b2-c0dbf614e2a9', 'aaaee715-fe2c-4612-ae07-2d801dbeab5b', NULL, NULL, NULL, NULL, '2026-01-18 20:09:30.263974+00', '2026-01-18 20:09:38.020358+00', '2026-01-18 20:09:30.263974+00', 0, 0, '7e6971a8-4783-4a37-b7e7-84bd9dff7494', 'e6a51633-1e30-4e58-a32e-e3385f978082'),
	('d202681e-f6d3-40ec-b473-0ab7ae392671', '1b446bdf-b85e-4b92-b7b2-c0dbf614e2a9', '988c96a7-a611-4c7a-bc77-962e916bc23c', NULL, 'worker-abandon', NULL, NULL, '2026-01-18 20:09:46.042482+00', NULL, '2026-01-18 20:09:46.042482+00', 0, 0, '7e6971a8-4783-4a37-b7e7-84bd9dff7494', 'e6a51633-1e30-4e58-a32e-e3385f978082'),
	('e5d80504-74eb-4b92-bdc0-8d2bbfea5da2', '27528430-9fc5-4b49-926e-477cc7ccfb40', '988c96a7-a611-4c7a-bc77-962e916bc23c', NULL, 'worker-abandon', NULL, NULL, '2026-01-18 20:10:09.514092+00', NULL, '2026-01-18 20:10:09.514092+00', 0, 0, NULL, NULL),
	('129ea252-de88-4b84-b2d1-bab58fcae9ff', 'ce9a85b5-78e2-4821-a17d-a9d355977b53', '988c96a7-a611-4c7a-bc77-962e916bc23c', NULL, NULL, NULL, NULL, '2026-01-18 20:11:19.995436+00', '2026-01-18 20:11:28.906591+00', '2026-01-18 20:11:19.995436+00', 0, 0, NULL, NULL),
	('b51d6dd8-11f0-4b24-958e-87982a9a2c04', '8c0d529c-b3c4-4e6a-b400-d4cf143256f5', 'aaaee715-fe2c-4612-ae07-2d801dbeab5b', NULL, NULL, NULL, NULL, '2026-01-19 22:04:54.297445+00', '2026-01-19 22:05:05.058981+00', '2026-01-19 22:04:54.297445+00', 10000, 0, '50b60a3a-58b2-4d43-b452-88ef543814d9', '7b20fb75-2a18-48f4-933f-c5beded56bd5'),
	('c96fba10-1b59-4b5a-b83a-9d7be658da35', 'ce9a85b5-78e2-4821-a17d-a9d355977b53', '31b6bec2-2700-42c7-881a-e675ba87fb23', NULL, 'grace-window-expired', NULL, NULL, '2026-01-18 22:01:29.352+00', NULL, '2026-01-18 22:01:32.074824+00', 0, 0, NULL, NULL),
	('58911104-ef6b-4999-bf5c-db8724c7bf6f', 'ce9a85b5-78e2-4821-a17d-a9d355977b53', 'aaaee715-fe2c-4612-ae07-2d801dbeab5b', NULL, NULL, NULL, NULL, '2026-01-18 20:11:28.906591+00', '2026-01-18 20:13:56.079543+00', '2026-01-18 20:11:28.906591+00', 100000, 0, NULL, NULL),
	('abef0547-4118-4653-9b4a-e4ded71be493', '27107538-6e57-4ec3-bc94-8b2d98321b66', '31b6bec2-2700-42c7-881a-e675ba87fb23', NULL, 'grace-window-expired', NULL, NULL, '2026-01-19 19:42:20.022+00', NULL, '2026-01-19 19:42:21.13048+00', 0, 0, NULL, NULL),
	('97d9ea9d-2208-42b7-85d5-bc658ba6fb42', '8c0d529c-b3c4-4e6a-b400-d4cf143256f5', 'aba59ce0-d35a-4a2a-a95f-5e0339f4942e', NULL, NULL, NULL, NULL, '2026-01-19 22:05:05.058981+00', '2026-01-19 22:05:08.308266+00', '2026-01-19 22:05:05.058981+00', 0, 0, '50b60a3a-58b2-4d43-b452-88ef543814d9', '7b20fb75-2a18-48f4-933f-c5beded56bd5'),
	('219fdab2-f7db-4b10-a4f3-a00a81b5632e', '8c0d529c-b3c4-4e6a-b400-d4cf143256f5', 'aba59ce0-d35a-4a2a-a95f-5e0339f4942e', NULL, NULL, NULL, NULL, '2026-01-19 22:05:08.308266+00', '2026-01-20 12:14:25.777718+00', '2026-01-19 22:05:08.308266+00', 0, 0, '50b60a3a-58b2-4d43-b452-88ef543814d9', '7b20fb75-2a18-48f4-933f-c5beded56bd5'),
	('e3c413ca-935c-490c-b880-3006e30001ce', 'd44e0c04-a1d6-48c7-9319-b622c556453f', 'aaaee715-fe2c-4612-ae07-2d801dbeab5b', NULL, NULL, NULL, NULL, '2026-01-17 18:16:41.990238+00', '2026-01-17 18:16:44.458829+00', '2026-01-17 18:16:41.990238+00', 0, 0, NULL, NULL),
	('db78ec95-4bbe-4330-81ac-13912063d90e', 'da2d4142-9374-493a-a656-fe5cc261a4b3', 'aaaee715-fe2c-4612-ae07-2d801dbeab5b', NULL, NULL, NULL, NULL, '2026-01-17 20:26:37.460515+00', '2026-01-17 20:26:50.436225+00', '2026-01-17 20:26:37.460515+00', 7, 0, NULL, NULL),
	('13e2a1ac-01be-409f-86de-f2f7a8bb3d24', '6ceb0f39-6345-478d-b035-da319aae36bd', 'aaaee715-fe2c-4612-ae07-2d801dbeab5b', NULL, NULL, NULL, NULL, '2026-01-16 13:22:28.393442+00', '2026-01-16 13:22:57.260236+00', '2026-01-16 13:22:28.393442+00', 0, 0, NULL, NULL),
	('ada24166-b9e8-45d1-9c69-364c5c1e7065', 'da2d4142-9374-493a-a656-fe5cc261a4b3', 'aaaee715-fe2c-4612-ae07-2d801dbeab5b', NULL, NULL, NULL, NULL, '2026-01-17 20:26:18.060804+00', '2026-01-17 20:26:25.392221+00', '2026-01-17 20:26:18.060804+00', 7, 0, NULL, NULL),
	('8636054a-05af-4e7f-a248-dcceb89cfeae', 'ef04a5e3-8359-40fb-a3c8-dbfb435e9c04', 'aaaee715-fe2c-4612-ae07-2d801dbeab5b', NULL, NULL, NULL, NULL, '2026-01-17 20:43:45.085154+00', '2026-01-17 20:44:22.353572+00', '2026-01-17 20:43:45.085154+00', 7, 0, NULL, NULL),
	('591a2775-a7cc-44f2-8fdd-d6e082e0f5a6', '6ceb0f39-6345-478d-b035-da319aae36bd', 'aaaee715-fe2c-4612-ae07-2d801dbeab5b', NULL, NULL, NULL, NULL, '2026-01-16 13:23:38.003914+00', '2026-01-16 13:23:58.538643+00', '2026-01-16 13:23:38.003914+00', 7, 0, NULL, NULL),
	('e96c0a84-3c2f-4008-b8ba-6bf3b16e64ed', '78632f83-9384-4fb7-8794-7775f6220ad6', '988c96a7-a611-4c7a-bc77-962e916bc23c', NULL, NULL, NULL, NULL, '2026-01-20 13:48:37.904045+00', '2026-01-20 13:48:48.766447+00', '2026-01-20 13:48:37.904045+00', 0, 0, NULL, NULL),
	('c9a1aba7-6430-4b8b-b7b7-bb8e9321f428', '78632f83-9384-4fb7-8794-7775f6220ad6', 'aaaee715-fe2c-4612-ae07-2d801dbeab5b', NULL, NULL, NULL, NULL, '2026-01-20 13:49:09.300906+00', '2026-01-20 13:49:18.431211+00', '2026-01-20 13:49:09.300906+00', 0, 0, '640bbdc0-c0d9-4463-87f8-11fb789f9753', '06d32f7d-281d-437b-bebb-2cacef345bd7'),
	('3f45d358-26d8-4627-b60a-a8a8d2032cee', '4d85f1bf-0aae-4745-a2d3-53ff75d440d2', '988c96a7-a611-4c7a-bc77-962e916bc23c', NULL, NULL, NULL, NULL, '2026-01-17 13:22:42.571961+00', '2026-01-17 13:22:49.138489+00', '2026-01-17 13:22:42.571961+00', 0, 0, NULL, NULL),
	('c70b596c-1471-423b-9697-a3677535819d', 'fbe697f6-06f0-47d9-8f7d-4d767069ceb3', 'aaaee715-fe2c-4612-ae07-2d801dbeab5b', NULL, NULL, NULL, NULL, '2026-01-15 21:55:20.174653+00', '2026-01-15 21:55:25.618572+00', '2026-01-15 21:55:20.174653+00', 380, 0, 'a0efc25a-2c83-4af3-b5a4-f1e5ca5ed534', '716208f4-391a-463e-9228-6b4cc3f714bb'),
	('fc02250a-2875-46f1-b693-d2185390cbe5', 'a0bb60c8-2865-44ae-a5d8-80bc6d65313e', 'aaaee715-fe2c-4612-ae07-2d801dbeab5b', NULL, NULL, NULL, NULL, '2026-01-15 21:50:46.296347+00', '2026-01-16 08:28:04.404701+00', '2026-01-15 21:50:46.296347+00', 10, 0, 'cd8c9d01-a73e-4193-b5a2-0fbe57d2eebe', 'b194afbd-bbc3-4673-8187-5b9ac3e2ea35'),
	('0b3c9ecd-c6a2-44cc-8d1d-45def3a9f6d3', 'a0bb60c8-2865-44ae-a5d8-80bc6d65313e', '988c96a7-a611-4c7a-bc77-962e916bc23c', NULL, 'grace-window-expired', NULL, NULL, '2026-01-16 12:09:35.155474+00', NULL, '2026-01-16 12:09:35.155474+00', 0, 0, NULL, NULL),
	('9412b885-8039-487a-974e-3af2aae16e8d', '09d9b88d-0f9c-4730-9ce8-d1601cdd5def', '988c96a7-a611-4c7a-bc77-962e916bc23c', NULL, NULL, NULL, NULL, '2026-01-16 12:12:41.207593+00', '2026-01-16 12:13:00.409264+00', '2026-01-16 12:12:41.207593+00', 0, 0, NULL, NULL),
	('55c85cf8-8db5-4e1f-bcb8-e099999e32be', '6ceb0f39-6345-478d-b035-da319aae36bd', '988c96a7-a611-4c7a-bc77-962e916bc23c', NULL, NULL, NULL, NULL, '2026-01-16 12:13:50.31695+00', '2026-01-16 12:13:55.227433+00', '2026-01-16 12:13:50.31695+00', 0, 0, NULL, NULL),
	('3d2030b1-391a-4423-bad3-82817abdd9b2', '6ceb0f39-6345-478d-b035-da319aae36bd', '988c96a7-a611-4c7a-bc77-962e916bc23c', NULL, NULL, NULL, NULL, '2026-01-16 12:13:55.227433+00', '2026-01-16 12:14:03.609374+00', '2026-01-16 12:13:55.227433+00', 0, 0, NULL, NULL),
	('7d38710f-043b-4b03-872f-c399604c73f1', '1d7449aa-ff68-4060-abda-e049e2306d6c', '988c96a7-a611-4c7a-bc77-962e916bc23c', NULL, NULL, NULL, NULL, '2026-01-17 14:31:51.022064+00', '2026-01-17 14:31:51.45564+00', '2026-01-17 14:31:51.022064+00', 0, 0, NULL, NULL),
	('37f86a19-4de5-4a97-bd6c-1ffef0b25a56', '6ceb0f39-6345-478d-b035-da319aae36bd', 'aaaee715-fe2c-4612-ae07-2d801dbeab5b', NULL, NULL, NULL, NULL, '2026-01-16 12:14:35.85183+00', '2026-01-16 12:15:42.587382+00', '2026-01-16 12:14:35.85183+00', 59000, 0, '84022274-459b-4db8-a631-9edc6c07eecd', '71d90bb4-cb98-4920-a741-6d435c180ae0'),
	('a561e388-c8e0-41fd-92ec-979786f685fa', '09d9b88d-0f9c-4730-9ce8-d1601cdd5def', 'aaaee715-fe2c-4612-ae07-2d801dbeab5b', NULL, NULL, NULL, NULL, '2026-01-16 12:13:00.409264+00', '2026-01-16 12:16:51.718409+00', '2026-01-16 12:13:00.409264+00', 1000, 0, '84022274-459b-4db8-a631-9edc6c07eecd', '2f3e3060-719f-430d-b9c4-114dd4936b72'),
	('0b65361d-c5ff-4466-a140-9625950a6ced', '6ceb0f39-6345-478d-b035-da319aae36bd', '988c96a7-a611-4c7a-bc77-962e916bc23c', NULL, NULL, NULL, NULL, '2026-01-16 12:16:27.388102+00', '2026-01-16 12:22:28.710608+00', '2026-01-16 12:16:27.388102+00', 0, 0, NULL, NULL),
	('e762a8c3-83d9-4c48-b378-ccc7a91abe7c', '09d9b88d-0f9c-4730-9ce8-d1601cdd5def', '988c96a7-a611-4c7a-bc77-962e916bc23c', NULL, NULL, NULL, NULL, '2026-01-16 13:07:50.221737+00', '2026-01-16 13:08:05.139366+00', '2026-01-16 13:07:50.221737+00', 0, 0, NULL, NULL),
	('729b3162-6e84-42a6-a5db-43a02e3c6cef', '89e55c70-64a7-4917-84f3-3f095b3c1b09', '988c96a7-a611-4c7a-bc77-962e916bc23c', NULL, NULL, NULL, NULL, '2026-01-17 16:05:47.301004+00', '2026-01-17 16:05:51.625757+00', '2026-01-17 16:05:47.301004+00', 0, 0, NULL, NULL),
	('815257f6-6414-496e-a9ef-21abf2fdb084', '89e55c70-64a7-4917-84f3-3f095b3c1b09', '31b6bec2-2700-42c7-881a-e675ba87fb23', NULL, NULL, NULL, NULL, '2026-01-17 16:05:51.625757+00', '2026-01-17 16:05:52.649948+00', '2026-01-17 16:05:51.625757+00', 0, 0, NULL, NULL),
	('d88dcb73-79d9-4796-bf2c-d971ff28f439', '89e55c70-64a7-4917-84f3-3f095b3c1b09', 'f33ae7c3-0856-4219-8d19-d0dfd5019143', 'general-report', NULL, NULL, NULL, '2026-01-17 16:05:57.914051+00', '2026-01-17 16:23:24.663+00', '2026-01-17 16:05:57.914051+00', 0, 0, NULL, NULL),
	('3f4de8c8-dfc3-4454-a660-caea90335b25', '89e55c70-64a7-4917-84f3-3f095b3c1b09', '31b6bec2-2700-42c7-881a-e675ba87fb23', NULL, 'grace-window-expired', NULL, NULL, '2026-01-17 16:23:24.663+00', NULL, '2026-01-17 16:23:25.307723+00', 0, 0, NULL, NULL),
	('98670320-2000-448d-866c-5265a87bccde', 'd44e0c04-a1d6-48c7-9319-b622c556453f', '988c96a7-a611-4c7a-bc77-962e916bc23c', NULL, NULL, NULL, NULL, '2026-01-17 16:23:43.027414+00', '2026-01-17 18:07:57.429114+00', '2026-01-17 16:23:43.027414+00', 0, 0, NULL, NULL),
	('4e68b167-a124-47aa-9d57-308d08d71e19', '9e3d710e-4d7b-4311-8970-5349d63b160b', '988c96a7-a611-4c7a-bc77-962e916bc23c', NULL, 'replaced-by-new-session', NULL, NULL, '2026-01-17 22:57:58.400548+00', '2026-01-17 22:57:58.400548+00', '2026-01-17 22:57:58.400548+00', 0, 0, NULL, NULL),
	('04dc91a6-b4b2-484a-a8e3-e544a1d58c1d', 'd44e0c04-a1d6-48c7-9319-b622c556453f', 'aaaee715-fe2c-4612-ae07-2d801dbeab5b', NULL, NULL, NULL, NULL, '2026-01-17 18:17:05.714275+00', '2026-01-17 18:17:09.331344+00', '2026-01-17 18:17:05.714275+00', 0, 0, '4b0e7964-b073-47b4-a292-963e17628283', '9b53fff0-f7ec-4832-b2e0-435a399a132d'),
	('aa3e80c6-b807-4380-ac22-dbdc4d40548d', 'd44e0c04-a1d6-48c7-9319-b622c556453f', 'aaaee715-fe2c-4612-ae07-2d801dbeab5b', NULL, NULL, NULL, NULL, '2026-01-17 18:17:25.705784+00', '2026-01-17 18:17:30.007051+00', '2026-01-17 18:17:25.705784+00', 0, 0, NULL, NULL),
	('1bf72aa1-8be8-447a-98d5-d491d358d559', '32207b0b-8aa4-4550-968c-29b9b7890ab4', '988c96a7-a611-4c7a-bc77-962e916bc23c', NULL, NULL, NULL, NULL, '2026-01-17 19:08:49.313958+00', '2026-01-17 19:25:08.132893+00', '2026-01-17 19:08:49.313958+00', 0, 0, NULL, NULL),
	('9f07dafe-82f9-4c47-bd32-9d01f260ce63', '32207b0b-8aa4-4550-968c-29b9b7890ab4', 'aaaee715-fe2c-4612-ae07-2d801dbeab5b', NULL, NULL, NULL, NULL, '2026-01-17 19:34:37.70686+00', '2026-01-17 19:34:42.578082+00', '2026-01-17 19:34:37.70686+00', 0, 0, NULL, NULL),
	('6088f9d0-4eee-4291-8918-725496237627', 'da2d4142-9374-493a-a656-fe5cc261a4b3', 'aaaee715-fe2c-4612-ae07-2d801dbeab5b', NULL, NULL, NULL, NULL, '2026-01-17 20:18:03.053554+00', '2026-01-17 20:19:59.087998+00', '2026-01-17 20:18:03.053554+00', 0, 0, NULL, NULL),
	('f6ee6373-60da-4873-acda-1f0fca6ebbc2', '06e2d836-0344-47e7-9d30-4dc254d12662', '988c96a7-a611-4c7a-bc77-962e916bc23c', NULL, NULL, NULL, NULL, '2026-01-17 22:57:58.400548+00', '2026-01-17 22:58:02.623443+00', '2026-01-17 22:57:58.400548+00', 0, 0, NULL, NULL),
	('9ab857df-21cc-4a87-a7f0-e847d791b969', 'b47f1596-fc56-47d3-97c3-c8523e5dc57a', 'aaaee715-fe2c-4612-ae07-2d801dbeab5b', NULL, NULL, NULL, NULL, '2026-01-21 11:31:14.039268+00', '2026-01-21 11:41:29.448482+00', '2026-01-21 11:31:14.039268+00', 0, 0, '640bbdc0-c0d9-4463-87f8-11fb789f9753', '06d32f7d-281d-437b-bebb-2cacef345bd7'),
	('37decf7e-6206-40fe-b3c6-1f8ea33bf51c', 'ef04a5e3-8359-40fb-a3c8-dbfb435e9c04', '988c96a7-a611-4c7a-bc77-962e916bc23c', NULL, NULL, NULL, NULL, '2026-01-17 20:45:27.796794+00', '2026-01-17 20:45:32.244146+00', '2026-01-17 20:45:27.796794+00', 0, 0, NULL, NULL),
	('d044d234-42e9-4095-8132-e556f9d779f4', 'fa93a627-4fe0-4813-a5ac-d6388f65e873', 'aaaee715-fe2c-4612-ae07-2d801dbeab5b', NULL, NULL, NULL, NULL, '2026-01-21 13:52:16.518536+00', '2026-01-21 13:52:38.51514+00', '2026-01-21 13:52:16.518536+00', 10, 0, '640bbdc0-c0d9-4463-87f8-11fb789f9753', '06d32f7d-281d-437b-bebb-2cacef345bd7'),
	('b5472dfe-fa8d-4ae9-860a-0c55dc5d73ff', '6ceb0f39-6345-478d-b035-da319aae36bd', 'aaaee715-fe2c-4612-ae07-2d801dbeab5b', NULL, NULL, NULL, NULL, '2026-01-16 13:23:19.562005+00', '2026-01-16 13:23:38.003914+00', '2026-01-16 13:23:19.562005+00', 0, 0, NULL, NULL),
	('dd1b530d-97e1-4cb9-adbd-17344e82a2c7', '6ceb0f39-6345-478d-b035-da319aae36bd', 'aaaee715-fe2c-4612-ae07-2d801dbeab5b', NULL, NULL, NULL, NULL, '2026-01-16 13:23:58.538643+00', '2026-01-16 13:24:03.153571+00', '2026-01-16 13:23:58.538643+00', 0, 0, NULL, NULL),
	('de1d6372-9d5b-48d1-a248-43c79a89b23c', '863eebf0-6276-4183-9b74-9b696254b83d', 'aaaee715-fe2c-4612-ae07-2d801dbeab5b', NULL, NULL, NULL, NULL, '2026-01-17 21:44:59.606025+00', '2026-01-17 21:45:05.041602+00', '2026-01-17 21:44:59.606025+00', 1800, 0, '32fc264b-6821-4c42-b9fe-2cd572cb095e', 'f2169da7-08b1-45e6-ba5b-303e9f18ac18'),
	('81395a8b-1349-4f3c-acbb-e49593d6f21e', '26fcfc1d-5d3b-4811-920a-1b823e1f5478', 'aaaee715-fe2c-4612-ae07-2d801dbeab5b', NULL, NULL, NULL, NULL, '2026-01-21 13:57:58.43289+00', '2026-01-21 13:58:23.078351+00', '2026-01-21 13:57:58.43289+00', 0, 0, '4ae8d4c5-de42-4a85-8159-be9f4f9517c0', '85bb9612-1ad5-45db-b6fe-457934d71c40'),
	('05d4d946-2f55-4f2b-997d-fdad5cb2ab4a', '863eebf0-6276-4183-9b74-9b696254b83d', '988c96a7-a611-4c7a-bc77-962e916bc23c', NULL, NULL, NULL, NULL, '2026-01-17 21:47:43.226299+00', '2026-01-17 21:47:56.169565+00', '2026-01-17 21:47:43.226299+00', 0, 0, NULL, NULL),
	('a3f14b98-e897-4257-86b7-41b3eeb2a141', '06e2d836-0344-47e7-9d30-4dc254d12662', 'aaaee715-fe2c-4612-ae07-2d801dbeab5b', NULL, NULL, NULL, NULL, '2026-01-17 22:58:57.802451+00', '2026-01-17 22:59:05.268427+00', '2026-01-17 22:58:57.802451+00', 0, 0, NULL, NULL),
	('0920474e-eaf5-4886-a365-309e37d675f0', '863eebf0-6276-4183-9b74-9b696254b83d', 'aaaee715-fe2c-4612-ae07-2d801dbeab5b', NULL, NULL, NULL, NULL, '2026-01-17 21:47:56.169565+00', '2026-01-17 21:48:41.918066+00', '2026-01-17 21:47:56.169565+00', 0, 9, '7e6971a8-4783-4a37-b7e7-84bd9dff7494', 'e6a51633-1e30-4e58-a32e-e3385f978082'),
	('6aca6ccc-8a25-49d7-a42d-371f516f1420', '863eebf0-6276-4183-9b74-9b696254b83d', '988c96a7-a611-4c7a-bc77-962e916bc23c', NULL, NULL, NULL, NULL, '2026-01-17 21:48:41.918066+00', '2026-01-17 22:11:27.421298+00', '2026-01-17 21:48:41.918066+00', 0, 0, NULL, NULL),
	('81b7a3a8-da26-4264-863f-009603bf0066', '1e5b1455-e02f-444b-a90e-9c7696934d06', '988c96a7-a611-4c7a-bc77-962e916bc23c', NULL, NULL, NULL, NULL, '2026-01-17 22:44:00.643014+00', '2026-01-17 22:44:01.25041+00', '2026-01-17 22:44:00.643014+00', 0, 0, NULL, NULL),
	('fd7166f3-07cc-4cf7-b813-9bb0da24deb0', '1e5b1455-e02f-444b-a90e-9c7696934d06', '988c96a7-a611-4c7a-bc77-962e916bc23c', NULL, 'worker-abandon', NULL, NULL, '2026-01-17 22:45:05.791896+00', NULL, '2026-01-17 22:45:05.791896+00', 0, 0, NULL, NULL),
	('941c531f-488f-462c-afea-bb1d43cbfc10', '11bb67fa-baf5-4e67-a6b6-68713479b224', '988c96a7-a611-4c7a-bc77-962e916bc23c', NULL, NULL, NULL, NULL, '2026-01-17 22:45:18.997032+00', '2026-01-17 22:45:22.755304+00', '2026-01-17 22:45:18.997032+00', 0, 0, NULL, NULL),
	('a9aed839-38ea-4ba6-be00-0b2cc7533269', '06e2d836-0344-47e7-9d30-4dc254d12662', 'aaaee715-fe2c-4612-ae07-2d801dbeab5b', NULL, NULL, NULL, NULL, '2026-01-17 23:33:01.525884+00', '2026-01-17 23:33:11.809775+00', '2026-01-17 23:33:01.525884+00', 1500, 0, '08baf2a3-c2c0-4425-a22b-8e2ec7db9438', '0521d520-358e-4f41-8748-279c09eb158d'),
	('66bb8a58-5531-41f7-958d-af8cdcbd2d7a', '06e2d836-0344-47e7-9d30-4dc254d12662', 'aaaee715-fe2c-4612-ae07-2d801dbeab5b', NULL, NULL, NULL, NULL, '2026-01-17 23:34:10.791675+00', '2026-01-17 23:36:28.292308+00', '2026-01-17 23:34:10.791675+00', 3100, 0, '08baf2a3-c2c0-4425-a22b-8e2ec7db9438', '0521d520-358e-4f41-8748-279c09eb158d'),
	('39e82fcf-0673-472e-beb6-d88ade9410a7', '06e2d836-0344-47e7-9d30-4dc254d12662', 'aaaee715-fe2c-4612-ae07-2d801dbeab5b', NULL, NULL, NULL, NULL, '2026-01-17 23:37:02.576798+00', '2026-01-17 23:37:12.081696+00', '2026-01-17 23:37:02.576798+00', 0, 0, 'a0efc25a-2c83-4af3-b5a4-f1e5ca5ed534', '9973f3dc-fd94-4073-8e32-1a875e8a94cc'),
	('e819a17d-b3a5-4e77-b1aa-ea56ec4bc415', '06e2d836-0344-47e7-9d30-4dc254d12662', 'aaaee715-fe2c-4612-ae07-2d801dbeab5b', NULL, NULL, NULL, NULL, '2026-01-17 23:37:44.05561+00', '2026-01-17 23:38:10.446219+00', '2026-01-17 23:37:44.05561+00', 0, 0, '08baf2a3-c2c0-4425-a22b-8e2ec7db9438', '0521d520-358e-4f41-8748-279c09eb158d'),
	('8b6cc675-0f8c-404d-8529-509df5872c03', '1540d389-1371-4d3f-b9fc-2b3330f64cb2', '988c96a7-a611-4c7a-bc77-962e916bc23c', NULL, NULL, NULL, NULL, '2026-01-17 23:38:48.649235+00', '2026-01-17 23:38:50.516874+00', '2026-01-17 23:38:48.649235+00', 0, 0, NULL, NULL),
	('638b4b39-daab-434b-a5cb-2d5ac0127cc5', '1540d389-1371-4d3f-b9fc-2b3330f64cb2', 'aaaee715-fe2c-4612-ae07-2d801dbeab5b', NULL, NULL, NULL, NULL, '2026-01-17 23:38:54.630006+00', '2026-01-17 23:39:23.301414+00', '2026-01-17 23:38:54.630006+00', 95344, 0, '08baf2a3-c2c0-4425-a22b-8e2ec7db9438', '0521d520-358e-4f41-8748-279c09eb158d'),
	('b6be6d7d-c9d3-4a63-8a0e-9e28aa84fa5c', '1540d389-1371-4d3f-b9fc-2b3330f64cb2', '988c96a7-a611-4c7a-bc77-962e916bc23c', NULL, NULL, NULL, NULL, '2026-01-18 09:31:25.326755+00', '2026-01-18 09:33:24.358907+00', '2026-01-18 09:31:25.326755+00', 0, 0, '08baf2a3-c2c0-4425-a22b-8e2ec7db9438', '0521d520-358e-4f41-8748-279c09eb158d'),
	('771070cd-fcaa-411e-8fd1-36b1272c4caf', '26fcfc1d-5d3b-4811-920a-1b823e1f5478', '988c96a7-a611-4c7a-bc77-962e916bc23c', NULL, NULL, NULL, NULL, '2026-01-21 13:58:23.078351+00', '2026-01-21 13:58:31.830898+00', '2026-01-21 13:58:23.078351+00', 0, 0, '4ae8d4c5-de42-4a85-8159-be9f4f9517c0', '85bb9612-1ad5-45db-b6fe-457934d71c40'),
	('eaa33a18-b99d-40fc-b908-05eede2609a0', '2241e11b-fc2c-4c92-9e70-8a1d85842cae', '988c96a7-a611-4c7a-bc77-962e916bc23c', NULL, NULL, NULL, NULL, '2026-01-21 13:59:16.470837+00', '2026-01-21 13:59:20.445299+00', '2026-01-21 13:59:16.470837+00', 0, 0, NULL, NULL),
	('2588200b-d726-487b-908d-a638cd55134d', 'ff8249e2-473d-45d7-9405-9e54e4c3aac2', 'aba59ce0-d35a-4a2a-a95f-5e0339f4942e', NULL, NULL, NULL, NULL, '2026-01-21 14:00:30.779834+00', '2026-01-21 14:00:56.817077+00', '2026-01-21 14:00:30.779834+00', 0, 0, 'c9d6e4e6-f977-4277-8c6c-427f269f4599', '6e101f93-a744-407e-8cc6-7f062064a153'),
	('42990d9b-8e45-452c-a2cb-98860b47becd', '947ad3ec-67a4-47a3-9625-bd8c22e42c4b', '988c96a7-a611-4c7a-bc77-962e916bc23c', NULL, NULL, NULL, NULL, '2026-01-18 14:02:46.489214+00', '2026-01-18 14:07:37.462157+00', '2026-01-18 14:02:46.489214+00', 0, 0, NULL, NULL),
	('49373e05-6c49-4b3e-bce4-54029bb9950c', 'ff8249e2-473d-45d7-9405-9e54e4c3aac2', 'aaaee715-fe2c-4612-ae07-2d801dbeab5b', NULL, NULL, NULL, NULL, '2026-01-21 14:00:58.751557+00', '2026-01-21 14:01:54.894643+00', '2026-01-21 14:00:58.751557+00', 10000, 0, 'a5e7e178-915e-4405-aa1e-320c10e2b479', '468617c1-21c7-46f4-914a-3a63cf9b584c'),
	('2b66a368-f334-413b-af8e-cb5b9aaf4abc', 'ff8249e2-473d-45d7-9405-9e54e4c3aac2', 'aaaee715-fe2c-4612-ae07-2d801dbeab5b', NULL, NULL, NULL, NULL, '2026-01-21 14:01:54.894643+00', '2026-01-21 14:02:01.041939+00', '2026-01-21 14:01:54.894643+00', 0, 0, 'a5e7e178-915e-4405-aa1e-320c10e2b479', '468617c1-21c7-46f4-914a-3a63cf9b584c'),
	('a9f2aeb8-312f-4f0c-9248-23a547b43686', 'b065d4b3-5bcf-432d-a821-088b226c209b', 'aaaee715-fe2c-4612-ae07-2d801dbeab5b', NULL, NULL, NULL, NULL, '2026-01-18 14:50:21.435669+00', '2026-01-18 14:50:26.349224+00', '2026-01-18 14:50:21.435669+00', 0, 0, '7e6971a8-4783-4a37-b7e7-84bd9dff7494', 'e6a51633-1e30-4e58-a32e-e3385f978082'),
	('3f6dd51f-cdf2-4b50-b6d4-ca5734074ed6', 'bca128d5-e9ef-4504-971d-87369b953109', '988c96a7-a611-4c7a-bc77-962e916bc23c', NULL, 'worker-abandon', NULL, NULL, '2026-01-18 13:22:37.66209+00', NULL, '2026-01-18 13:22:37.66209+00', 0, 0, NULL, NULL),
	('d9d2fdd3-cd0c-4982-a6d3-9eb2d597d246', 'ff8249e2-473d-45d7-9405-9e54e4c3aac2', 'aaaee715-fe2c-4612-ae07-2d801dbeab5b', NULL, NULL, NULL, NULL, '2026-01-21 14:03:49.66771+00', '2026-01-21 14:03:54.35066+00', '2026-01-21 14:03:49.66771+00', 0, 0, '7e6971a8-4783-4a37-b7e7-84bd9dff7494', 'e6a51633-1e30-4e58-a32e-e3385f978082'),
	('53e52b07-8ac2-422c-ba14-50c47db16114', '3c26e540-5806-4d74-bddf-6130b0919dda', 'aaaee715-fe2c-4612-ae07-2d801dbeab5b', NULL, NULL, NULL, NULL, '2026-01-18 16:35:29.771648+00', '2026-01-18 16:42:55.69552+00', '2026-01-18 16:35:29.771648+00', 150, 0, '7e6971a8-4783-4a37-b7e7-84bd9dff7494', 'e6a51633-1e30-4e58-a32e-e3385f978082'),
	('4a76ff28-6ce5-4344-b878-9c63a31dc207', '6be75d3d-081a-4632-b4e9-f1b32e3e80c7', 'aba59ce0-d35a-4a2a-a95f-5e0339f4942e', NULL, NULL, NULL, NULL, '2026-01-18 17:44:54.666771+00', '2026-01-18 17:55:34.853+00', '2026-01-18 17:44:54.666771+00', 0, 0, NULL, NULL),
	('62768a1d-c91d-46bc-a422-a80937a5bc4f', '02f84917-614b-481e-94cd-339cce732457', '988c96a7-a611-4c7a-bc77-962e916bc23c', NULL, 'grace-window-expired', NULL, NULL, '2026-01-18 19:21:41.685866+00', NULL, '2026-01-18 19:21:41.685866+00', 0, 0, NULL, NULL),
	('134e109c-18d8-4186-97d9-67e514bacfa4', 'da2d4142-9374-493a-a656-fe5cc261a4b3', 'aaaee715-fe2c-4612-ae07-2d801dbeab5b', NULL, NULL, NULL, NULL, '2026-01-17 20:24:19.645724+00', '2026-01-17 20:24:43.144605+00', '2026-01-17 20:24:19.645724+00', 100, 0, NULL, NULL),
	('66c0bc90-a4e7-4500-ab9e-02968534bfb7', '6ceb0f39-6345-478d-b035-da319aae36bd', 'aaaee715-fe2c-4612-ae07-2d801dbeab5b', NULL, NULL, NULL, NULL, '2026-01-16 13:18:11.805583+00', '2026-01-16 13:21:19.490292+00', '2026-01-16 13:18:11.805583+00', 1, 0, NULL, NULL),
	('1e71211d-9ddd-4774-9751-4fb93d05c350', '6ceb0f39-6345-478d-b035-da319aae36bd', 'aaaee715-fe2c-4612-ae07-2d801dbeab5b', NULL, NULL, NULL, NULL, '2026-01-16 13:23:00.442641+00', '2026-01-16 13:23:11.775037+00', '2026-01-16 13:23:00.442641+00', 6, 0, NULL, NULL),
	('31cdbb49-6855-4cad-826a-590c37ae8d0d', '6ceb0f39-6345-478d-b035-da319aae36bd', 'aaaee715-fe2c-4612-ae07-2d801dbeab5b', NULL, NULL, NULL, NULL, '2026-01-16 13:26:33.916094+00', '2026-01-16 13:34:14.883456+00', '2026-01-16 13:26:33.916094+00', 7, 0, NULL, NULL),
	('c0cadec8-0f38-49b5-b7ec-4267fda5b7ab', 'b47f1596-fc56-47d3-97c3-c8523e5dc57a', '988c96a7-a611-4c7a-bc77-962e916bc23c', NULL, 'worker-abandon', NULL, NULL, '2026-01-21 11:41:29.448482+00', NULL, '2026-01-21 11:41:29.448482+00', 0, 0, '640bbdc0-c0d9-4463-87f8-11fb789f9753', '06d32f7d-281d-437b-bebb-2cacef345bd7'),
	('dfe4b24c-69e9-465c-80e5-0e44187ddd41', '2a62797a-d116-489a-b7de-9ed7fbd7076c', '988c96a7-a611-4c7a-bc77-962e916bc23c', NULL, NULL, NULL, NULL, '2026-01-21 11:41:40.860484+00', '2026-01-21 11:43:18.412915+00', '2026-01-21 11:41:40.860484+00', 0, 0, NULL, NULL),
	('c81016ab-07fa-4339-a3c9-14c7fd39d6c7', '2a62797a-d116-489a-b7de-9ed7fbd7076c', '988c96a7-a611-4c7a-bc77-962e916bc23c', NULL, NULL, NULL, NULL, '2026-01-21 11:43:18.412915+00', '2026-01-21 11:43:34.972119+00', '2026-01-21 11:43:18.412915+00', 0, 0, NULL, NULL),
	('ec76c944-1721-4629-ac85-f28c06527e8f', '26fcfc1d-5d3b-4811-920a-1b823e1f5478', '988c96a7-a611-4c7a-bc77-962e916bc23c', NULL, 'worker-abandon', NULL, NULL, '2026-01-21 13:58:57.266254+00', NULL, '2026-01-21 13:58:57.266254+00', 0, 0, '327cc3cd-e43a-45a7-bfb0-39f811a7468e', '71d82466-d155-4e1d-b111-7338a53d95ad'),
	('aadff9b3-24ca-4aac-b819-1739f4f689f5', 'dea62f10-ef57-432a-9b53-fd08d73cb39a', '988c96a7-a611-4c7a-bc77-962e916bc23c', NULL, NULL, NULL, NULL, '2026-01-14 23:47:17.136546+00', '2026-01-14 23:47:29.993838+00', '2026-01-14 23:47:17.136546+00', 0, 0, NULL, NULL),
	('01377689-5676-4c00-9d45-728dfee051a6', 'dea62f10-ef57-432a-9b53-fd08d73cb39a', '31b6bec2-2700-42c7-881a-e675ba87fb23', NULL, NULL, NULL, NULL, '2026-01-14 23:48:10.873094+00', '2026-01-14 23:48:17.658798+00', '2026-01-14 23:48:10.873094+00', 0, 0, NULL, NULL),
	('14a68f1a-8cdf-48f9-af4c-879507f6a926', 'dea62f10-ef57-432a-9b53-fd08d73cb39a', 'aaaee715-fe2c-4612-ae07-2d801dbeab5b', NULL, NULL, NULL, NULL, '2026-01-14 23:48:17.658798+00', '2026-01-15 08:48:49.030099+00', '2026-01-14 23:48:17.658798+00', 0, 0, NULL, NULL),
	('661ae720-f899-4492-aec0-0a8c62d65c37', 'dea62f10-ef57-432a-9b53-fd08d73cb39a', '988c96a7-a611-4c7a-bc77-962e916bc23c', NULL, 'grace-window-expired', NULL, NULL, '2026-01-15 08:48:49.030099+00', NULL, '2026-01-15 08:48:49.030099+00', 0, 0, NULL, NULL),
	('ea2c2e51-e670-48b7-b7a6-da89be7ad3d2', 'dd35d8f9-0972-4369-91f3-e73ceb65055a', '988c96a7-a611-4c7a-bc77-962e916bc23c', NULL, NULL, NULL, NULL, '2026-01-15 08:58:58.581031+00', '2026-01-15 09:01:32.764895+00', '2026-01-15 08:58:58.581031+00', 0, 0, NULL, NULL),
	('13e21772-edcc-4028-af02-ba7124ee4865', 'dd35d8f9-0972-4369-91f3-e73ceb65055a', '988c96a7-a611-4c7a-bc77-962e916bc23c', NULL, 'worker-abandon', NULL, NULL, '2026-01-15 09:01:32.764895+00', NULL, '2026-01-15 09:01:32.764895+00', 0, 0, NULL, NULL),
	('b3cda2b0-4aa9-4deb-b11d-8b27c99d4ff9', 'e4cf5b2e-e58c-4463-b51c-33eab47bbc40', '988c96a7-a611-4c7a-bc77-962e916bc23c', NULL, NULL, NULL, NULL, '2026-01-15 09:02:05.98903+00', '2026-01-15 09:02:09.503847+00', '2026-01-15 09:02:05.98903+00', 0, 0, NULL, NULL),
	('089954f7-1397-4803-aac7-a1bf50d5db88', 'e4cf5b2e-e58c-4463-b51c-33eab47bbc40', '988c96a7-a611-4c7a-bc77-962e916bc23c', NULL, NULL, NULL, NULL, '2026-01-15 09:02:09.503847+00', '2026-01-15 09:12:08.831243+00', '2026-01-15 09:02:09.503847+00', 0, 0, NULL, NULL),
	('19244c23-23b6-43ea-ab6e-ad0dbb95a13f', 'e4cf5b2e-e58c-4463-b51c-33eab47bbc40', '988c96a7-a611-4c7a-bc77-962e916bc23c', NULL, 'worker-abandon', NULL, NULL, '2026-01-15 09:12:08.831243+00', NULL, '2026-01-15 09:12:08.831243+00', 0, 0, NULL, NULL),
	('7da0f0b9-6691-48b2-8ae0-aac4c9c74d8e', 'eb4a49b5-1fa7-439b-8c0c-e942c80f3018', '988c96a7-a611-4c7a-bc77-962e916bc23c', NULL, NULL, NULL, NULL, '2026-01-15 09:12:15.288768+00', '2026-01-15 09:12:20.541429+00', '2026-01-15 09:12:15.288768+00', 0, 0, NULL, NULL),
	('f9803338-4266-49c6-b573-1f56c7ec406b', 'eb4a49b5-1fa7-439b-8c0c-e942c80f3018', '988c96a7-a611-4c7a-bc77-962e916bc23c', NULL, NULL, NULL, NULL, '2026-01-15 09:12:20.541429+00', '2026-01-15 09:12:32.452489+00', '2026-01-15 09:12:20.541429+00', 0, 0, NULL, NULL),
	('bb7a46f5-111b-42b1-b7c0-242e51045620', 'eb4a49b5-1fa7-439b-8c0c-e942c80f3018', 'aaaee715-fe2c-4612-ae07-2d801dbeab5b', NULL, NULL, NULL, NULL, '2026-01-15 09:12:32.452489+00', '2026-01-15 09:18:18.875112+00', '2026-01-15 09:12:32.452489+00', 5000, 0, '84022274-459b-4db8-a631-9edc6c07eecd', '2f3e3060-719f-430d-b9c4-114dd4936b72'),
	('54af3d70-cc78-41c9-9841-309f57f14c9c', 'eb4a49b5-1fa7-439b-8c0c-e942c80f3018', '988c96a7-a611-4c7a-bc77-962e916bc23c', NULL, NULL, NULL, NULL, '2026-01-15 09:18:18.875112+00', '2026-01-15 09:19:03.005522+00', '2026-01-15 09:18:18.875112+00', 0, 0, NULL, NULL),
	('49051b25-be23-440a-957e-06b2c1c2a216', '3fe3e04d-a047-4ecd-9aac-9e5e453bbd77', '988c96a7-a611-4c7a-bc77-962e916bc23c', NULL, 'grace-window-expired', NULL, NULL, '2026-01-14 23:40:04.299073+00', NULL, '2026-01-14 23:40:04.299073+00', 0, 0, NULL, NULL),
	('a22361ba-b0e9-4a80-ba99-cc49a1cca093', 'e482f4d5-4fbf-41bd-bff5-f15d7cbb9085', '988c96a7-a611-4c7a-bc77-962e916bc23c', NULL, NULL, NULL, NULL, '2026-01-14 23:40:47.325359+00', '2026-01-14 23:40:52.61709+00', '2026-01-14 23:40:47.325359+00', 0, 0, NULL, NULL),
	('9fea3609-ee58-41c2-9515-12434cc0ae50', 'e482f4d5-4fbf-41bd-bff5-f15d7cbb9085', '988c96a7-a611-4c7a-bc77-962e916bc23c', NULL, NULL, NULL, NULL, '2026-01-14 23:40:52.61709+00', '2026-01-14 23:41:07.048942+00', '2026-01-14 23:40:52.61709+00', 0, 0, NULL, NULL),
	('ea69fd3d-fd68-446d-8030-5980b2ea8d8f', 'e482f4d5-4fbf-41bd-bff5-f15d7cbb9085', '988c96a7-a611-4c7a-bc77-962e916bc23c', NULL, NULL, NULL, NULL, '2026-01-14 23:41:56.483012+00', '2026-01-14 23:43:08.484992+00', '2026-01-14 23:41:56.483012+00', 0, 0, NULL, NULL),
	('745262d7-91c2-49cd-8762-0c920244cda9', 'e482f4d5-4fbf-41bd-bff5-f15d7cbb9085', '988c96a7-a611-4c7a-bc77-962e916bc23c', NULL, 'session-completed', NULL, NULL, '2026-01-14 23:43:08.484992+00', NULL, '2026-01-14 23:43:08.484992+00', 0, 0, NULL, NULL),
	('8e2a16ef-1a1d-4ec2-9fa5-11c31b2f3d93', '1310528f-7e07-4fd3-9532-754ee01cc25f', '31b6bec2-2700-42c7-881a-e675ba87fb23', NULL, 'grace-window-expired', NULL, NULL, '2026-01-14 23:44:32.093+00', NULL, '2026-01-14 23:44:32.851647+00', 0, 0, NULL, NULL),
	('92fd4b45-37dd-4f43-834e-02557dc15a76', 'c538ea35-84fe-40d7-9709-db62cd8b60e6', '988c96a7-a611-4c7a-bc77-962e916bc23c', NULL, NULL, NULL, NULL, '2026-01-14 23:44:06.679605+00', '2026-01-14 23:45:50.065654+00', '2026-01-14 23:44:06.679605+00', 0, 0, NULL, NULL),
	('3551ae3d-f0c9-4e5e-b58b-6e28b646b513', 'c538ea35-84fe-40d7-9709-db62cd8b60e6', '988c96a7-a611-4c7a-bc77-962e916bc23c', NULL, 'worker-abandon', NULL, NULL, '2026-01-14 23:45:50.065654+00', NULL, '2026-01-14 23:45:50.065654+00', 0, 0, NULL, NULL),
	('f4f14deb-9b3b-4e1d-a0a7-a3a79b13df07', 'dea62f10-ef57-432a-9b53-fd08d73cb39a', '988c96a7-a611-4c7a-bc77-962e916bc23c', NULL, NULL, NULL, NULL, '2026-01-14 23:46:07.167003+00', '2026-01-14 23:46:11.254797+00', '2026-01-14 23:46:07.167003+00', 0, 0, NULL, NULL),
	('b2f338ed-a138-4b85-b6ff-5ee3cdd26cbf', 'dea62f10-ef57-432a-9b53-fd08d73cb39a', '988c96a7-a611-4c7a-bc77-962e916bc23c', NULL, NULL, NULL, NULL, '2026-01-14 23:46:11.254797+00', '2026-01-14 23:46:31.720425+00', '2026-01-14 23:46:11.254797+00', 0, 0, NULL, NULL),
	('5edb917f-6363-48f6-af5e-6df05e00806d', 'eb4a49b5-1fa7-439b-8c0c-e942c80f3018', '988c96a7-a611-4c7a-bc77-962e916bc23c', NULL, 'worker-abandon', NULL, NULL, '2026-01-15 09:19:03.005522+00', NULL, '2026-01-15 09:19:03.005522+00', 0, 0, NULL, NULL),
	('8cad588f-4f34-4a0c-8d33-89886d53a301', 'be60a7b1-0b30-4013-9db9-596d56b85888', '988c96a7-a611-4c7a-bc77-962e916bc23c', NULL, NULL, NULL, NULL, '2026-01-15 09:22:24.247272+00', '2026-01-15 09:22:27.334578+00', '2026-01-15 09:22:24.247272+00', 0, 0, NULL, NULL),
	('ea6835ad-e2b7-439a-b5aa-5dc5fba189ec', 'be60a7b1-0b30-4013-9db9-596d56b85888', '988c96a7-a611-4c7a-bc77-962e916bc23c', NULL, NULL, NULL, NULL, '2026-01-15 09:22:27.334578+00', '2026-01-15 09:23:07.256635+00', '2026-01-15 09:22:27.334578+00', 0, 0, NULL, NULL),
	('ce7f21e4-e5e6-490d-9f4b-6f1b894b082d', 'be60a7b1-0b30-4013-9db9-596d56b85888', 'aaaee715-fe2c-4612-ae07-2d801dbeab5b', NULL, NULL, NULL, NULL, '2026-01-15 09:23:07.256635+00', '2026-01-15 09:26:34.868307+00', '2026-01-15 09:23:07.256635+00', 0, 0, NULL, NULL),
	('1855f6e5-5704-4838-bdc6-9c00f36b7a3d', 'be60a7b1-0b30-4013-9db9-596d56b85888', 'aaaee715-fe2c-4612-ae07-2d801dbeab5b', NULL, NULL, NULL, NULL, '2026-01-15 09:26:34.868307+00', '2026-01-15 09:27:12.931581+00', '2026-01-15 09:26:34.868307+00', 0, 0, '84022274-459b-4db8-a631-9edc6c07eecd', '2f3e3060-719f-430d-b9c4-114dd4936b72'),
	('6930b231-65a0-445a-b0b4-dd0ad02d078b', 'be60a7b1-0b30-4013-9db9-596d56b85888', 'aaaee715-fe2c-4612-ae07-2d801dbeab5b', NULL, NULL, NULL, NULL, '2026-01-15 09:27:12.931581+00', '2026-01-15 09:28:58.637602+00', '2026-01-15 09:27:12.931581+00', 0, 0, NULL, NULL),
	('ce24ad18-63eb-401e-9ea4-0f583c206723', 'be60a7b1-0b30-4013-9db9-596d56b85888', 'aaaee715-fe2c-4612-ae07-2d801dbeab5b', NULL, NULL, NULL, NULL, '2026-01-15 09:28:58.637602+00', '2026-01-15 09:29:08.071829+00', '2026-01-15 09:28:58.637602+00', 0, 0, 'cd8c9d01-a73e-4193-b5a2-0fbe57d2eebe', 'b194afbd-bbc3-4673-8187-5b9ac3e2ea35'),
	('28918225-fec0-4a44-9a93-58677fb9b27d', 'be60a7b1-0b30-4013-9db9-596d56b85888', 'aaaee715-fe2c-4612-ae07-2d801dbeab5b', NULL, NULL, NULL, NULL, '2026-01-15 09:29:08.071829+00', '2026-01-15 09:34:50.849784+00', '2026-01-15 09:29:08.071829+00', 0, 0, NULL, NULL),
	('8e295221-6ac2-4a40-9fad-c229ada34c7b', 'be60a7b1-0b30-4013-9db9-596d56b85888', '988c96a7-a611-4c7a-bc77-962e916bc23c', NULL, 'worker-abandon', NULL, NULL, '2026-01-15 09:34:50.849784+00', NULL, '2026-01-15 09:34:50.849784+00', 0, 0, NULL, NULL),
	('f0a985e1-6fa6-4eec-a927-66e55062f5b4', 'fc57b12c-6dec-4c39-b07e-810b2e78da6d', '988c96a7-a611-4c7a-bc77-962e916bc23c', NULL, NULL, NULL, NULL, '2026-01-15 09:34:53.252223+00', NULL, '2026-01-15 09:34:53.252223+00', 0, 0, NULL, NULL),
	('8e4b5a57-24ba-4a9e-b83a-261376501032', 'fc57b12c-6dec-4c39-b07e-810b2e78da6d', '988c96a7-a611-4c7a-bc77-962e916bc23c', NULL, 'replaced-by-new-session', NULL, NULL, '2026-01-15 09:34:58.82284+00', '2026-01-15 09:34:58.82284+00', '2026-01-15 09:34:58.82284+00', 0, 0, NULL, NULL),
	('2fb9c3ba-c4ff-4159-8152-8841c9ffb046', '9cb22c48-7a43-436c-b53d-4776a3d65605', '988c96a7-a611-4c7a-bc77-962e916bc23c', NULL, NULL, NULL, NULL, '2026-01-15 09:34:58.82284+00', '2026-01-15 09:35:01.969524+00', '2026-01-15 09:34:58.82284+00', 0, 0, NULL, NULL),
	('d4569e9a-7a6f-48f7-b4bb-532bf74aa86f', '9cb22c48-7a43-436c-b53d-4776a3d65605', '988c96a7-a611-4c7a-bc77-962e916bc23c', NULL, NULL, NULL, NULL, '2026-01-15 09:35:01.969524+00', '2026-01-15 09:35:08.660012+00', '2026-01-15 09:35:01.969524+00', 0, 0, NULL, NULL),
	('86d92746-9563-41c8-b8ad-ac06e0bd5dd2', '9cb22c48-7a43-436c-b53d-4776a3d65605', 'aaaee715-fe2c-4612-ae07-2d801dbeab5b', NULL, NULL, NULL, NULL, '2026-01-15 09:35:08.660012+00', '2026-01-15 09:35:15.494282+00', '2026-01-15 09:35:08.660012+00', 0, 0, '84022274-459b-4db8-a631-9edc6c07eecd', '2f3e3060-719f-430d-b9c4-114dd4936b72'),
	('6a7b2724-fd6e-417d-8468-24e98bc87961', '9cb22c48-7a43-436c-b53d-4776a3d65605', '988c96a7-a611-4c7a-bc77-962e916bc23c', NULL, NULL, NULL, NULL, '2026-01-15 09:35:15.494282+00', '2026-01-15 09:35:17.210972+00', '2026-01-15 09:35:15.494282+00', 0, 0, NULL, NULL),
	('31141d77-157c-492b-bb0f-48cc53a9432e', '9cb22c48-7a43-436c-b53d-4776a3d65605', 'aaaee715-fe2c-4612-ae07-2d801dbeab5b', NULL, NULL, NULL, NULL, '2026-01-15 09:35:17.210972+00', '2026-01-15 09:35:22.255081+00', '2026-01-15 09:35:17.210972+00', 0, 0, '84022274-459b-4db8-a631-9edc6c07eecd', '2f3e3060-719f-430d-b9c4-114dd4936b72'),
	('81a0b357-2302-44ec-84df-87fce2029c79', '9cb22c48-7a43-436c-b53d-4776a3d65605', '988c96a7-a611-4c7a-bc77-962e916bc23c', NULL, NULL, NULL, NULL, '2026-01-15 09:35:22.255081+00', '2026-01-15 09:35:24.903148+00', '2026-01-15 09:35:22.255081+00', 0, 0, NULL, NULL),
	('1114e4e0-2021-4b23-bbb6-4c6de74611ff', '9cb22c48-7a43-436c-b53d-4776a3d65605', 'aaaee715-fe2c-4612-ae07-2d801dbeab5b', NULL, NULL, NULL, NULL, '2026-01-15 09:35:24.903148+00', '2026-01-15 09:35:26.465319+00', '2026-01-15 09:35:24.903148+00', 0, 0, '84022274-459b-4db8-a631-9edc6c07eecd', '2f3e3060-719f-430d-b9c4-114dd4936b72'),
	('895b6ecf-db0b-4c6b-954e-ff2b47be0866', '9cb22c48-7a43-436c-b53d-4776a3d65605', 'aaaee715-fe2c-4612-ae07-2d801dbeab5b', NULL, NULL, NULL, NULL, '2026-01-15 09:35:26.465319+00', '2026-01-15 09:45:23.773813+00', '2026-01-15 09:35:26.465319+00', 0, 0, NULL, NULL),
	('525848a4-13ba-47c8-baf7-fa8dec042ae5', '9cb22c48-7a43-436c-b53d-4776a3d65605', 'aaaee715-fe2c-4612-ae07-2d801dbeab5b', NULL, NULL, NULL, NULL, '2026-01-15 09:45:23.773813+00', '2026-01-15 09:46:49.606601+00', '2026-01-15 09:45:23.773813+00', 100, 0, 'cd8c9d01-a73e-4193-b5a2-0fbe57d2eebe', 'b194afbd-bbc3-4673-8187-5b9ac3e2ea35'),
	('7c3047e3-d42f-461c-9ea4-146347678440', '9cb22c48-7a43-436c-b53d-4776a3d65605', '988c96a7-a611-4c7a-bc77-962e916bc23c', NULL, NULL, NULL, NULL, '2026-01-15 09:46:49.606601+00', '2026-01-15 09:49:29.906551+00', '2026-01-15 09:46:49.606601+00', 0, 0, NULL, NULL),
	('bff352f6-a6cf-437f-b80f-a9a627fc8bfc', '9cb22c48-7a43-436c-b53d-4776a3d65605', 'aaaee715-fe2c-4612-ae07-2d801dbeab5b', NULL, NULL, NULL, NULL, '2026-01-15 09:49:29.906551+00', '2026-01-15 09:49:39.348291+00', '2026-01-15 09:49:29.906551+00', 0, 0, 'cd8c9d01-a73e-4193-b5a2-0fbe57d2eebe', 'b194afbd-bbc3-4673-8187-5b9ac3e2ea35'),
	('7323adc6-daa7-4ae4-8d5a-2e8b25777a4b', '9cb22c48-7a43-436c-b53d-4776a3d65605', '988c96a7-a611-4c7a-bc77-962e916bc23c', NULL, NULL, NULL, NULL, '2026-01-15 09:49:39.348291+00', '2026-01-15 09:57:39.370217+00', '2026-01-15 09:49:39.348291+00', 0, 0, NULL, NULL),
	('18b97ec6-29cb-4855-ad33-fc1afca1879a', '9cb22c48-7a43-436c-b53d-4776a3d65605', 'aaaee715-fe2c-4612-ae07-2d801dbeab5b', NULL, NULL, NULL, NULL, '2026-01-15 09:57:39.370217+00', '2026-01-15 10:34:49.790602+00', '2026-01-15 09:57:39.370217+00', 0, 0, 'cd8c9d01-a73e-4193-b5a2-0fbe57d2eebe', 'b194afbd-bbc3-4673-8187-5b9ac3e2ea35'),
	('f2bb4707-a367-429f-b850-55736b3828cc', '9cb22c48-7a43-436c-b53d-4776a3d65605', '988c96a7-a611-4c7a-bc77-962e916bc23c', NULL, NULL, NULL, NULL, '2026-01-15 10:34:49.790602+00', '2026-01-15 10:42:32.78516+00', '2026-01-15 10:34:49.790602+00', 0, 0, NULL, NULL),
	('7f926f8a-5ded-43d5-afd8-0319ac0353ae', '9cb22c48-7a43-436c-b53d-4776a3d65605', 'aaaee715-fe2c-4612-ae07-2d801dbeab5b', NULL, NULL, NULL, NULL, '2026-01-15 10:42:32.78516+00', '2026-01-15 10:49:54.377728+00', '2026-01-15 10:42:32.78516+00', 0, 0, 'cd8c9d01-a73e-4193-b5a2-0fbe57d2eebe', 'b194afbd-bbc3-4673-8187-5b9ac3e2ea35'),
	('39fb84f7-fd46-4b76-95ee-9a7a922329cc', '9cb22c48-7a43-436c-b53d-4776a3d65605', '988c96a7-a611-4c7a-bc77-962e916bc23c', NULL, NULL, NULL, NULL, '2026-01-15 10:49:54.377728+00', '2026-01-15 11:14:14.054222+00', '2026-01-15 10:49:54.377728+00', 0, 0, NULL, NULL),
	('af8ea24a-abb7-4349-9f81-8b1bd202e8d8', '9cb22c48-7a43-436c-b53d-4776a3d65605', '988c96a7-a611-4c7a-bc77-962e916bc23c', NULL, 'grace-window-expired', NULL, NULL, '2026-01-15 11:14:14.054222+00', NULL, '2026-01-15 11:14:14.054222+00', 0, 0, NULL, NULL),
	('21eda574-92d8-4532-ba12-f032ab6c52fb', '788d400a-0dcd-4e17-a651-faa2d3b3db95', '988c96a7-a611-4c7a-bc77-962e916bc23c', NULL, NULL, NULL, NULL, '2026-01-15 19:45:19.816389+00', NULL, '2026-01-15 19:45:19.816389+00', 0, 0, NULL, NULL),
	('848adfcc-b567-46b9-acfa-927a40c7a65c', '788d400a-0dcd-4e17-a651-faa2d3b3db95', '988c96a7-a611-4c7a-bc77-962e916bc23c', NULL, 'replaced-by-new-session', NULL, NULL, '2026-01-15 19:45:42.183254+00', '2026-01-15 19:45:42.183254+00', '2026-01-15 19:45:42.183254+00', 0, 0, NULL, NULL),
	('b6d8d39b-b7f1-417e-b414-7e9a59fbe980', '6f96cb9d-cff7-4f75-b6f2-851a14f6486c', '988c96a7-a611-4c7a-bc77-962e916bc23c', NULL, NULL, NULL, NULL, '2026-01-15 19:45:42.183254+00', '2026-01-15 19:45:46.841641+00', '2026-01-15 19:45:42.183254+00', 0, 0, NULL, NULL),
	('45b7e800-006b-4d90-afea-a379e72cf0ce', '6f96cb9d-cff7-4f75-b6f2-851a14f6486c', '988c96a7-a611-4c7a-bc77-962e916bc23c', NULL, NULL, NULL, NULL, '2026-01-15 19:45:46.841641+00', '2026-01-15 19:45:59.561894+00', '2026-01-15 19:45:46.841641+00', 0, 0, NULL, NULL),
	('9de3acc6-b205-46d7-8134-7639c337405d', '338fb66d-eaf6-4398-8e31-1da41112085b', '988c96a7-a611-4c7a-bc77-962e916bc23c', NULL, NULL, NULL, NULL, '2026-01-15 19:46:55.76576+00', '2026-01-15 19:47:00.162637+00', '2026-01-15 19:46:55.76576+00', 0, 0, NULL, NULL),
	('406ddfb3-b638-4a19-9a34-24acb94b3df6', '338fb66d-eaf6-4398-8e31-1da41112085b', '988c96a7-a611-4c7a-bc77-962e916bc23c', NULL, NULL, NULL, NULL, '2026-01-15 19:47:00.162637+00', '2026-01-15 19:47:58.340073+00', '2026-01-15 19:47:00.162637+00', 0, 0, NULL, NULL),
	('a92b5471-a455-448b-9f4a-ff57bb2ecd5d', '6f96cb9d-cff7-4f75-b6f2-851a14f6486c', 'aaaee715-fe2c-4612-ae07-2d801dbeab5b', NULL, NULL, NULL, NULL, '2026-01-15 19:45:59.561894+00', '2026-01-15 20:04:34.035646+00', '2026-01-15 19:45:59.561894+00', 1142, 0, '84022274-459b-4db8-a631-9edc6c07eecd', '2f3e3060-719f-430d-b9c4-114dd4936b72'),
	('06dfdcc5-0f02-413e-9b82-79a99eda3e08', '6ceb0f39-6345-478d-b035-da319aae36bd', '988c96a7-a611-4c7a-bc77-962e916bc23c', NULL, NULL, NULL, NULL, '2026-01-16 13:34:40.538575+00', '2026-01-16 14:58:38.754+00', '2026-01-16 13:34:40.538575+00', 0, 0, NULL, NULL),
	('600de276-2f11-4866-891a-bf42eb9f7235', '338fb66d-eaf6-4398-8e31-1da41112085b', 'aaaee715-fe2c-4612-ae07-2d801dbeab5b', NULL, NULL, NULL, NULL, '2026-01-15 19:47:58.340073+00', '2026-01-15 19:48:27.578285+00', '2026-01-15 19:47:58.340073+00', 600, 0, '84022274-459b-4db8-a631-9edc6c07eecd', '72a9fe11-d66e-48e0-b9a9-53aaa2f1256e'),
	('326f162c-b405-44d1-8085-efc18624230c', '338fb66d-eaf6-4398-8e31-1da41112085b', '988c96a7-a611-4c7a-bc77-962e916bc23c', NULL, NULL, NULL, NULL, '2026-01-15 19:48:27.578285+00', '2026-01-15 19:48:49.972064+00', '2026-01-15 19:48:27.578285+00', 0, 0, NULL, NULL),
	('5be53fbf-6c02-4d7d-b3d5-13ffb8b68e8e', '338fb66d-eaf6-4398-8e31-1da41112085b', 'aaaee715-fe2c-4612-ae07-2d801dbeab5b', NULL, NULL, NULL, NULL, '2026-01-15 19:48:49.972064+00', '2026-01-15 19:49:20.176744+00', '2026-01-15 19:48:49.972064+00', 0, 300, '84022274-459b-4db8-a631-9edc6c07eecd', '72a9fe11-d66e-48e0-b9a9-53aaa2f1256e'),
	('7a90c1e0-0765-481c-928b-8f0aeba47538', '338fb66d-eaf6-4398-8e31-1da41112085b', '988c96a7-a611-4c7a-bc77-962e916bc23c', NULL, NULL, NULL, NULL, '2026-01-15 19:49:20.176744+00', '2026-01-15 20:42:23.674321+00', '2026-01-15 19:49:20.176744+00', 0, 0, NULL, NULL),
	('c2d4c4b0-55fe-4cae-81e6-8c7920f97018', 'fbe697f6-06f0-47d9-8f7d-4d767069ceb3', 'aaaee715-fe2c-4612-ae07-2d801dbeab5b', NULL, NULL, NULL, NULL, '2026-01-15 21:51:55.414118+00', '2026-01-15 21:52:06.885109+00', '2026-01-15 21:51:55.414118+00', 10000, 0, '84022274-459b-4db8-a631-9edc6c07eecd', '72a9fe11-d66e-48e0-b9a9-53aaa2f1256e'),
	('dfdc1d4f-857b-4242-ba41-089d7f2d33eb', 'fbe697f6-06f0-47d9-8f7d-4d767069ceb3', '988c96a7-a611-4c7a-bc77-962e916bc23c', NULL, NULL, NULL, NULL, '2026-01-15 21:55:25.618572+00', '2026-01-15 21:55:32.203102+00', '2026-01-15 21:55:25.618572+00', 0, 0, NULL, NULL),
	('9f6e55bc-c947-4f2a-ac99-3c58c8bf23b5', 'fbe697f6-06f0-47d9-8f7d-4d767069ceb3', '988c96a7-a611-4c7a-bc77-962e916bc23c', NULL, NULL, NULL, NULL, '2026-01-15 21:55:32.203102+00', '2026-01-16 08:27:30.783618+00', '2026-01-15 21:55:32.203102+00', 0, 0, NULL, NULL),
	('f7339d98-91f5-4fdb-bd9e-16f3bd3e48e5', 'e245a463-b719-4271-b43b-c7914cb54c23', '988c96a7-a611-4c7a-bc77-962e916bc23c', NULL, NULL, NULL, NULL, '2026-01-16 12:12:26.859735+00', NULL, '2026-01-16 12:12:26.859735+00', 0, 0, NULL, NULL),
	('cc1c412c-62d0-41b3-963b-8ef2e0a0e834', 'e245a463-b719-4271-b43b-c7914cb54c23', '988c96a7-a611-4c7a-bc77-962e916bc23c', NULL, 'replaced-by-new-session', NULL, NULL, '2026-01-16 12:12:38.181564+00', '2026-01-16 12:12:38.181564+00', '2026-01-16 12:12:38.181564+00', 0, 0, NULL, NULL),
	('6f788be3-b8f6-4b55-af35-f564735796bf', '09d9b88d-0f9c-4730-9ce8-d1601cdd5def', '988c96a7-a611-4c7a-bc77-962e916bc23c', NULL, NULL, NULL, NULL, '2026-01-16 12:12:38.181564+00', '2026-01-16 12:12:41.207593+00', '2026-01-16 12:12:38.181564+00', 0, 0, NULL, NULL),
	('71c63224-495d-4474-97c8-63001de94875', 'e4e0c816-f280-4819-ae4b-e63519de71d2', '988c96a7-a611-4c7a-bc77-962e916bc23c', NULL, 'grace-window-expired', NULL, NULL, '2026-01-16 12:13:27.326342+00', NULL, '2026-01-16 12:13:27.326342+00', 0, 0, NULL, NULL),
	('96925bbe-0d78-4605-ac18-352325cd211a', '6ceb0f39-6345-478d-b035-da319aae36bd', 'aaaee715-fe2c-4612-ae07-2d801dbeab5b', NULL, NULL, NULL, NULL, '2026-01-16 12:14:03.609374+00', '2026-01-16 12:14:11.034734+00', '2026-01-16 12:14:03.609374+00', 0, 0, '4b0e7964-b073-47b4-a292-963e17628283', '9b53fff0-f7ec-4832-b2e0-435a399a132d'),
	('eb695c0e-641e-49fc-a0a1-028964c2fab9', '6ceb0f39-6345-478d-b035-da319aae36bd', 'aaaee715-fe2c-4612-ae07-2d801dbeab5b', NULL, NULL, NULL, NULL, '2026-01-16 12:14:11.034734+00', '2026-01-16 12:14:35.85183+00', '2026-01-16 12:14:11.034734+00', 0, 0, NULL, NULL),
	('a78e4784-7d39-428c-a130-1839cb7a8d71', '6ceb0f39-6345-478d-b035-da319aae36bd', '31b6bec2-2700-42c7-881a-e675ba87fb23', NULL, NULL, NULL, NULL, '2026-01-16 12:15:42.587382+00', '2026-01-16 12:16:01.008141+00', '2026-01-16 12:15:42.587382+00', 0, 0, NULL, NULL),
	('7d418f0d-e7d8-48f3-8ce2-14c3df76db48', '4d85f1bf-0aae-4745-a2d3-53ff75d440d2', '988c96a7-a611-4c7a-bc77-962e916bc23c', NULL, NULL, NULL, NULL, '2026-01-17 13:22:49.138489+00', '2026-01-17 13:23:59.061392+00', '2026-01-17 13:22:49.138489+00', 0, 0, NULL, NULL),
	('1e05aa20-10cb-481c-a7c3-6795db376a4c', '6ceb0f39-6345-478d-b035-da319aae36bd', 'aaaee715-fe2c-4612-ae07-2d801dbeab5b', NULL, NULL, NULL, NULL, '2026-01-16 12:16:01.008141+00', '2026-01-16 12:16:27.388102+00', '2026-01-16 12:16:01.008141+00', 300, 0, '84022274-459b-4db8-a631-9edc6c07eecd', '71d90bb4-cb98-4920-a741-6d435c180ae0'),
	('befcd43a-1211-4897-9d72-231830101834', '11bb67fa-baf5-4e67-a6b6-68713479b224', 'aaaee715-fe2c-4612-ae07-2d801dbeab5b', NULL, NULL, NULL, NULL, '2026-01-17 22:45:22.755304+00', '2026-01-17 22:46:10.239027+00', '2026-01-17 22:45:22.755304+00', 1, 0, '7e6971a8-4783-4a37-b7e7-84bd9dff7494', 'e6a51633-1e30-4e58-a32e-e3385f978082'),
	('de267c34-2537-403c-9762-c6d4f9ffdd30', '09d9b88d-0f9c-4730-9ce8-d1601cdd5def', 'aaaee715-fe2c-4612-ae07-2d801dbeab5b', NULL, NULL, NULL, NULL, '2026-01-16 13:08:05.139366+00', '2026-01-16 13:08:07.621119+00', '2026-01-16 13:08:05.139366+00', 0, 0, '84022274-459b-4db8-a631-9edc6c07eecd', '2f3e3060-719f-430d-b9c4-114dd4936b72'),
	('e6b1233f-7ed3-4536-abb3-f30f428f2bfc', '6ceb0f39-6345-478d-b035-da319aae36bd', '988c96a7-a611-4c7a-bc77-962e916bc23c', NULL, NULL, NULL, NULL, '2026-01-16 13:09:15.986671+00', '2026-01-16 13:09:21.94661+00', '2026-01-16 13:09:15.986671+00', 0, 0, NULL, NULL),
	('1d0aabee-56c1-4ca8-8a17-23e070d7fc9a', '6ceb0f39-6345-478d-b035-da319aae36bd', '988c96a7-a611-4c7a-bc77-962e916bc23c', NULL, NULL, NULL, NULL, '2026-01-16 13:21:19.490292+00', '2026-01-16 13:21:21.714139+00', '2026-01-16 13:21:19.490292+00', 0, 0, NULL, NULL),
	('bd575381-d662-4693-bf10-80afad131b90', '6ceb0f39-6345-478d-b035-da319aae36bd', 'aaaee715-fe2c-4612-ae07-2d801dbeab5b', NULL, NULL, NULL, NULL, '2026-01-16 13:24:03.153571+00', '2026-01-16 13:24:20.982333+00', '2026-01-16 13:24:03.153571+00', 0, 0, NULL, NULL),
	('c5691e03-b4b3-465b-af1b-75f02eca37c8', '1d7449aa-ff68-4060-abda-e049e2306d6c', 'aaaee715-fe2c-4612-ae07-2d801dbeab5b', NULL, NULL, NULL, NULL, '2026-01-17 14:31:57.250487+00', '2026-01-17 14:32:06.065549+00', '2026-01-17 14:31:57.250487+00', 0, 10, '070a7ea5-da46-4989-8773-a4ee18a41126', '3d75df6c-ec7c-4fa5-8183-8fe3f4075fdf'),
	('c55ae9cf-1115-4bdb-a1f6-88dd107881ad', '2a62797a-d116-489a-b7de-9ed7fbd7076c', 'aba59ce0-d35a-4a2a-a95f-5e0339f4942e', NULL, NULL, NULL, NULL, '2026-01-21 11:43:34.972119+00', '2026-01-21 11:57:25.501383+00', '2026-01-21 11:43:34.972119+00', 0, 0, '640bbdc0-c0d9-4463-87f8-11fb789f9753', '06d32f7d-281d-437b-bebb-2cacef345bd7'),
	('bf5030a1-a103-4868-a715-3c02827ce275', '6ceb0f39-6345-478d-b035-da319aae36bd', 'aaaee715-fe2c-4612-ae07-2d801dbeab5b', NULL, NULL, NULL, NULL, '2026-01-16 13:25:39.62281+00', '2026-01-16 13:25:45.426286+00', '2026-01-16 13:25:39.62281+00', 0, 0, NULL, NULL),
	('9fa47d5e-4fa5-4b2a-a5c2-bf1badf585a1', '1d7449aa-ff68-4060-abda-e049e2306d6c', '988c96a7-a611-4c7a-bc77-962e916bc23c', NULL, NULL, NULL, NULL, '2026-01-17 14:32:06.065549+00', '2026-01-17 14:39:02.372022+00', '2026-01-17 14:32:06.065549+00', 0, 0, NULL, NULL),
	('0636c8fe-4589-43d7-b7c7-34ad9f79b11a', '89e55c70-64a7-4917-84f3-3f095b3c1b09', '9e7ea5f4-3025-4acb-9708-6bbbb13adbdf', NULL, NULL, NULL, NULL, '2026-01-17 16:05:52.649948+00', '2026-01-17 16:05:57.914051+00', '2026-01-17 16:05:52.649948+00', 0, 0, NULL, NULL),
	('e8a820e8-fde9-4eff-9dcd-e57e00589887', 'd44e0c04-a1d6-48c7-9319-b622c556453f', '988c96a7-a611-4c7a-bc77-962e916bc23c', NULL, NULL, NULL, NULL, '2026-01-17 16:23:38.926421+00', '2026-01-17 16:23:43.027414+00', '2026-01-17 16:23:38.926421+00', 0, 0, NULL, NULL),
	('86be1f13-8e10-4818-9783-ed28db0f1776', 'd44e0c04-a1d6-48c7-9319-b622c556453f', 'aaaee715-fe2c-4612-ae07-2d801dbeab5b', NULL, NULL, NULL, NULL, '2026-01-17 18:17:09.331344+00', '2026-01-17 18:17:14.385714+00', '2026-01-17 18:17:09.331344+00', 0, 0, NULL, NULL),
	('22a0f184-fa58-4d79-86f9-211ada3f99cd', '09d9b88d-0f9c-4730-9ce8-d1601cdd5def', 'aaaee715-fe2c-4612-ae07-2d801dbeab5b', NULL, NULL, NULL, NULL, '2026-01-16 13:35:09.212144+00', '2026-01-16 13:35:20.243485+00', '2026-01-16 13:35:09.212144+00', 1000, 0, '7e6971a8-4783-4a37-b7e7-84bd9dff7494', 'e6a51633-1e30-4e58-a32e-e3385f978082'),
	('7479adfd-56f0-4350-b9bf-f864377ea927', '09d9b88d-0f9c-4730-9ce8-d1601cdd5def', 'aaaee715-fe2c-4612-ae07-2d801dbeab5b', NULL, NULL, NULL, NULL, '2026-01-16 13:35:23.341452+00', '2026-01-16 13:35:28.089114+00', '2026-01-16 13:35:23.341452+00', 0, 0, '7e6971a8-4783-4a37-b7e7-84bd9dff7494', 'e6a51633-1e30-4e58-a32e-e3385f978082'),
	('78400ab3-d94b-4e57-a7cb-cc3d2b69a2f6', '09d9b88d-0f9c-4730-9ce8-d1601cdd5def', 'aaaee715-fe2c-4612-ae07-2d801dbeab5b', NULL, NULL, NULL, NULL, '2026-01-16 13:35:28.089114+00', '2026-01-16 13:35:37.236806+00', '2026-01-16 13:35:28.089114+00', 0, 0, NULL, NULL),
	('2f99953a-a666-4902-9c7c-0785ce6c8720', '2a62797a-d116-489a-b7de-9ed7fbd7076c', 'aaaee715-fe2c-4612-ae07-2d801dbeab5b', NULL, NULL, NULL, NULL, '2026-01-21 11:57:25.501383+00', '2026-01-21 13:06:00.819+00', '2026-01-21 11:57:25.501383+00', 0, 0, '640bbdc0-c0d9-4463-87f8-11fb789f9753', '06d32f7d-281d-437b-bebb-2cacef345bd7'),
	('66899b04-3327-4135-89e3-b6ee591e19ae', 'b6ec1199-f3a6-4cca-ae90-5e7d55570af7', '988c96a7-a611-4c7a-bc77-962e916bc23c', NULL, 'replaced-by-new-session', NULL, NULL, '2026-01-17 18:19:44.644837+00', '2026-01-17 18:19:44.644837+00', '2026-01-17 18:19:44.644837+00', 0, 0, NULL, NULL),
	('6dbdd5ba-7d04-4269-aa37-aae3524d1f76', '32207b0b-8aa4-4550-968c-29b9b7890ab4', '988c96a7-a611-4c7a-bc77-962e916bc23c', NULL, NULL, NULL, NULL, '2026-01-17 18:19:44.644837+00', '2026-01-17 18:19:52.008078+00', '2026-01-17 18:19:44.644837+00', 0, 0, NULL, NULL),
	('1fd2afd1-0850-4363-a8aa-c94ef5add2b6', '06e2d836-0344-47e7-9d30-4dc254d12662', '988c96a7-a611-4c7a-bc77-962e916bc23c', NULL, NULL, NULL, NULL, '2026-01-17 22:58:02.623443+00', '2026-01-17 22:58:06.405579+00', '2026-01-17 22:58:02.623443+00', 0, 0, NULL, NULL),
	('61cc5ff9-9885-415d-badd-11b7585f61d7', 'fa93a627-4fe0-4813-a5ac-d6388f65e873', 'aaaee715-fe2c-4612-ae07-2d801dbeab5b', NULL, NULL, NULL, NULL, '2026-01-21 13:53:56.433995+00', '2026-01-21 13:54:05.676778+00', '2026-01-21 13:53:56.433995+00', 790, 0, '640bbdc0-c0d9-4463-87f8-11fb789f9753', '06d32f7d-281d-437b-bebb-2cacef345bd7'),
	('3b7fb203-4167-4f11-8c88-b7274a1e62de', '32207b0b-8aa4-4550-968c-29b9b7890ab4', '988c96a7-a611-4c7a-bc77-962e916bc23c', NULL, 'grace-window-expired', NULL, NULL, '2026-01-17 19:45:52.176284+00', '2026-01-17 19:45:54.508725+00', '2026-01-17 19:45:52.176284+00', 0, 0, NULL, NULL),
	('b5b37617-89e0-4f99-a137-673b52f12285', '32207b0b-8aa4-4550-968c-29b9b7890ab4', '988c96a7-a611-4c7a-bc77-962e916bc23c', NULL, 'grace-window-expired', NULL, NULL, '2026-01-17 19:45:54.508725+00', '2026-01-17 19:45:54.513696+00', '2026-01-17 19:45:54.508725+00', 0, 0, NULL, NULL),
	('1bd3e14a-9804-4b0d-9e45-b3388977f723', '2241e11b-fc2c-4c92-9e70-8a1d85842cae', '988c96a7-a611-4c7a-bc77-962e916bc23c', NULL, NULL, NULL, NULL, '2026-01-21 13:59:20.445299+00', '2026-01-21 13:59:22.194912+00', '2026-01-21 13:59:20.445299+00', 0, 0, NULL, NULL),
	('746c162f-5f9f-4644-b7ba-8a4318cab018', 'da2d4142-9374-493a-a656-fe5cc261a4b3', 'aaaee715-fe2c-4612-ae07-2d801dbeab5b', NULL, NULL, NULL, NULL, '2026-01-17 19:47:57.160967+00', '2026-01-17 19:48:01.288776+00', '2026-01-17 19:47:57.160967+00', 0, 0, NULL, NULL),
	('fd6aef1c-2f82-4e3a-b29f-5f077c96c719', '06e2d836-0344-47e7-9d30-4dc254d12662', '988c96a7-a611-4c7a-bc77-962e916bc23c', NULL, NULL, NULL, NULL, '2026-01-17 23:33:11.809775+00', '2026-01-17 23:34:10.791675+00', '2026-01-17 23:33:11.809775+00', 0, 0, '08baf2a3-c2c0-4425-a22b-8e2ec7db9438', '0521d520-358e-4f41-8748-279c09eb158d'),
	('8d89a27d-6d25-4f9f-ad47-58a96742d649', '2241e11b-fc2c-4c92-9e70-8a1d85842cae', '988c96a7-a611-4c7a-bc77-962e916bc23c', NULL, NULL, NULL, NULL, '2026-01-21 13:59:22.194912+00', NULL, '2026-01-21 13:59:22.194912+00', 0, 0, NULL, NULL),
	('e2b4f36b-761b-4c06-b504-59daa705a843', 'da2d4142-9374-493a-a656-fe5cc261a4b3', '988c96a7-a611-4c7a-bc77-962e916bc23c', NULL, 'grace-window-expired', NULL, NULL, '2026-01-17 20:41:24.775604+00', NULL, '2026-01-17 20:41:24.775604+00', 0, 0, NULL, NULL),
	('2a628859-217f-48a8-a098-54daba3c8815', 'ef04a5e3-8359-40fb-a3c8-dbfb435e9c04', 'aba59ce0-d35a-4a2a-a95f-5e0339f4942e', NULL, NULL, NULL, NULL, '2026-01-17 20:45:32.244146+00', '2026-01-17 20:48:47.561159+00', '2026-01-17 20:45:32.244146+00', 0, 0, NULL, NULL),
	('1aff8063-5355-473e-931c-41d5ab1b1532', '863eebf0-6276-4183-9b74-9b696254b83d', 'aaaee715-fe2c-4612-ae07-2d801dbeab5b', NULL, NULL, NULL, NULL, '2026-01-17 21:47:25.149216+00', '2026-01-17 21:47:32.770994+00', '2026-01-17 21:47:25.149216+00', 8200, 0, '32fc264b-6821-4c42-b9fe-2cd572cb095e', 'f2169da7-08b1-45e6-ba5b-303e9f18ac18'),
	('b9340aa6-c9f8-4bbf-ac62-231485d52ccb', 'ff8249e2-473d-45d7-9405-9e54e4c3aac2', 'aaaee715-fe2c-4612-ae07-2d801dbeab5b', NULL, NULL, NULL, NULL, '2026-01-21 14:02:01.041939+00', '2026-01-21 14:02:46.482032+00', '2026-01-21 14:02:01.041939+00', 0, 0, '55b91c21-3f85-48a2-a08f-9ed7d607bc6b', 'b999238c-a8a8-4d60-acc0-65dd6ea7aa7e'),
	('0d678755-4cd4-45ec-98e8-33ca68efe275', '06e2d836-0344-47e7-9d30-4dc254d12662', 'aaaee715-fe2c-4612-ae07-2d801dbeab5b', NULL, NULL, NULL, NULL, '2026-01-17 23:36:32.442325+00', '2026-01-17 23:37:02.576798+00', '2026-01-17 23:36:32.442325+00', 120, 0, 'a0efc25a-2c83-4af3-b5a4-f1e5ca5ed534', '9973f3dc-fd94-4073-8e32-1a875e8a94cc'),
	('3a6a9980-3ab5-433a-95c0-dcec80dd0994', '06e2d836-0344-47e7-9d30-4dc254d12662', 'aaaee715-fe2c-4612-ae07-2d801dbeab5b', NULL, NULL, NULL, NULL, '2026-01-17 23:38:10.446219+00', '2026-01-17 23:38:25.427205+00', '2026-01-17 23:38:10.446219+00', 0, 0, '08baf2a3-c2c0-4425-a22b-8e2ec7db9438', '0521d520-358e-4f41-8748-279c09eb158d'),
	('9bfd09ad-ccc2-481c-bf63-981583148658', '1540d389-1371-4d3f-b9fc-2b3330f64cb2', '988c96a7-a611-4c7a-bc77-962e916bc23c', NULL, NULL, NULL, NULL, '2026-01-17 23:55:44.289412+00', '2026-01-18 09:31:25.117564+00', '2026-01-17 23:55:44.289412+00', 0, 0, '08baf2a3-c2c0-4425-a22b-8e2ec7db9438', '0521d520-358e-4f41-8748-279c09eb158d'),
	('0e245de4-5310-4561-b588-046f85c783e0', '1540d389-1371-4d3f-b9fc-2b3330f64cb2', '988c96a7-a611-4c7a-bc77-962e916bc23c', NULL, 'session-completed', NULL, NULL, '2026-01-18 09:33:24.358907+00', NULL, '2026-01-18 09:33:24.358907+00', 0, 0, '08baf2a3-c2c0-4425-a22b-8e2ec7db9438', '0521d520-358e-4f41-8748-279c09eb158d'),
	('eb5e2daa-2f3e-4e44-a250-bc0b11f05170', 'ff8249e2-473d-45d7-9405-9e54e4c3aac2', '988c96a7-a611-4c7a-bc77-962e916bc23c', NULL, 'worker-abandon', NULL, NULL, '2026-01-21 14:07:53.978473+00', NULL, '2026-01-21 14:07:53.978473+00', 0, 0, 'c9d6e4e6-f977-4277-8c6c-427f269f4599', '6e101f93-a744-407e-8cc6-7f062064a153'),
	('f1f5ca52-00a9-4719-938c-8a8ef095a069', '59139cb2-177c-42bb-bc2d-e3bfcbc650b3', '988c96a7-a611-4c7a-bc77-962e916bc23c', NULL, NULL, NULL, NULL, '2026-01-18 13:24:07.046866+00', '2026-01-18 13:24:30.857492+00', '2026-01-18 13:24:07.046866+00', 0, 0, NULL, NULL),
	('cb8f51ae-7c9e-4800-a7bd-c535cb7fbba8', '947ad3ec-67a4-47a3-9625-bd8c22e42c4b', '988c96a7-a611-4c7a-bc77-962e916bc23c', NULL, 'worker-abandon', NULL, NULL, '2026-01-18 14:07:37.462157+00', NULL, '2026-01-18 14:07:37.462157+00', 0, 0, NULL, NULL),
	('01f8920b-377b-4b46-899d-b20652c93465', 'b065d4b3-5bcf-432d-a821-088b226c209b', 'aaaee715-fe2c-4612-ae07-2d801dbeab5b', NULL, NULL, NULL, NULL, '2026-01-18 15:53:44.204146+00', '2026-01-18 15:54:13.645601+00', '2026-01-18 15:53:44.204146+00', 100, 0, '7e6971a8-4783-4a37-b7e7-84bd9dff7494', 'e6a51633-1e30-4e58-a32e-e3385f978082'),
	('52345722-7673-4a43-a4f9-0812f510512d', 'b065d4b3-5bcf-432d-a821-088b226c209b', 'aaaee715-fe2c-4612-ae07-2d801dbeab5b', NULL, NULL, NULL, NULL, '2026-01-18 15:55:00.057286+00', '2026-01-18 15:55:09.543365+00', '2026-01-18 15:55:00.057286+00', 0, 0, '7e6971a8-4783-4a37-b7e7-84bd9dff7494', 'e6a51633-1e30-4e58-a32e-e3385f978082'),
	('12fd5e31-71bf-4e87-8664-66bd057484f6', '3c26e540-5806-4d74-bddf-6130b0919dda', '988c96a7-a611-4c7a-bc77-962e916bc23c', NULL, NULL, NULL, NULL, '2026-01-18 16:42:55.69552+00', '2026-01-18 16:43:45.789321+00', '2026-01-18 16:42:55.69552+00', 0, 0, '7e6971a8-4783-4a37-b7e7-84bd9dff7494', 'e6a51633-1e30-4e58-a32e-e3385f978082'),
	('6b1a7513-40fe-4abb-809d-efa3311c84de', '6be75d3d-081a-4632-b4e9-f1b32e3e80c7', '31b6bec2-2700-42c7-881a-e675ba87fb23', NULL, 'grace-window-expired', NULL, NULL, '2026-01-18 17:55:34.853+00', NULL, '2026-01-18 17:55:35.716267+00', 0, 0, NULL, NULL),
	('d3890680-1f81-4f8f-8180-d748a7c171f7', '40d458d1-1b8c-48b4-a109-a783779312f0', '988c96a7-a611-4c7a-bc77-962e916bc23c', NULL, NULL, NULL, NULL, '2026-01-18 19:46:43.644808+00', '2026-01-18 19:46:49.276663+00', '2026-01-18 19:46:43.644808+00', 0, 0, NULL, NULL),
	('1110d5e2-1315-45a7-a080-579554eeb442', '32207b0b-8aa4-4550-968c-29b9b7890ab4', 'aaaee715-fe2c-4612-ae07-2d801dbeab5b', NULL, NULL, NULL, NULL, '2026-01-17 19:34:42.578082+00', '2026-01-17 19:35:23.640959+00', '2026-01-17 19:34:42.578082+00', 0, 0, NULL, NULL),
	('07290c1e-4349-4f95-b448-c53a4fd21038', '6f96cb9d-cff7-4f75-b6f2-851a14f6486c', '988c96a7-a611-4c7a-bc77-962e916bc23c', NULL, NULL, NULL, NULL, '2026-01-15 20:04:34.035646+00', '2026-01-15 20:04:36.339664+00', '2026-01-15 20:04:34.035646+00', 0, 0, NULL, NULL),
	('ff262b0a-a781-429d-acdb-268bac464838', 'fbe697f6-06f0-47d9-8f7d-4d767069ceb3', '988c96a7-a611-4c7a-bc77-962e916bc23c', NULL, NULL, NULL, NULL, '2026-01-15 21:47:48.610302+00', '2026-01-15 21:48:00.09282+00', '2026-01-15 21:47:48.610302+00', 0, 0, NULL, NULL),
	('7f0aee33-9528-4c6f-a6fa-c61bc6663b39', '6f96cb9d-cff7-4f75-b6f2-851a14f6486c', 'aaaee715-fe2c-4612-ae07-2d801dbeab5b', NULL, NULL, NULL, NULL, '2026-01-15 20:04:36.339664+00', '2026-01-15 20:20:46.084155+00', '2026-01-15 20:04:36.339664+00', 0, 0, '84022274-459b-4db8-a631-9edc6c07eecd', '2f3e3060-719f-430d-b9c4-114dd4936b72'),
	('5c5118d6-8d70-4a9a-830a-0982d6c753c8', '6f96cb9d-cff7-4f75-b6f2-851a14f6486c', '988c96a7-a611-4c7a-bc77-962e916bc23c', NULL, NULL, NULL, NULL, '2026-01-15 20:20:46.084155+00', '2026-01-15 20:21:01.101724+00', '2026-01-15 20:20:46.084155+00', 0, 0, NULL, NULL),
	('45ad1b32-71a0-442b-a6be-8e453a03821e', '6f96cb9d-cff7-4f75-b6f2-851a14f6486c', 'aaaee715-fe2c-4612-ae07-2d801dbeab5b', NULL, NULL, NULL, NULL, '2026-01-15 20:21:01.101724+00', '2026-01-15 20:21:34.962965+00', '2026-01-15 20:21:01.101724+00', 1358, 300, '84022274-459b-4db8-a631-9edc6c07eecd', '2f3e3060-719f-430d-b9c4-114dd4936b72'),
	('c4cb6f9e-bdf0-49ee-ac27-e47284b4ee23', '6f96cb9d-cff7-4f75-b6f2-851a14f6486c', '988c96a7-a611-4c7a-bc77-962e916bc23c', NULL, NULL, NULL, NULL, '2026-01-15 20:21:34.962965+00', '2026-01-15 20:35:06.653459+00', '2026-01-15 20:21:34.962965+00', 0, 0, NULL, NULL),
	('70d042bc-981b-4660-ac8e-13139f69c9ee', 'fbe697f6-06f0-47d9-8f7d-4d767069ceb3', '988c96a7-a611-4c7a-bc77-962e916bc23c', NULL, NULL, NULL, NULL, '2026-01-15 21:53:57.517404+00', '2026-01-15 21:54:09.216613+00', '2026-01-15 21:53:57.517404+00', 0, 0, NULL, NULL),
	('aa5e69a6-b2bc-42be-bc09-d2232383899c', '6f96cb9d-cff7-4f75-b6f2-851a14f6486c', '988c96a7-a611-4c7a-bc77-962e916bc23c', NULL, NULL, NULL, NULL, '2026-01-15 20:35:27.29988+00', '2026-01-15 20:35:32.17136+00', '2026-01-15 20:35:27.29988+00', 0, 0, NULL, NULL),
	('f425c11f-ba04-469c-9122-bbd932195c7c', 'e71cf7b8-1b0e-4759-bc33-6396a2efa47d', '988c96a7-a611-4c7a-bc77-962e916bc23c', NULL, NULL, NULL, NULL, '2026-01-21 12:24:44.923258+00', '2026-01-21 12:24:49.913107+00', '2026-01-21 12:24:44.923258+00', 0, 0, NULL, NULL),
	('96728e8c-b1e9-4234-8561-552471b5d7ef', '6f96cb9d-cff7-4f75-b6f2-851a14f6486c', 'aaaee715-fe2c-4612-ae07-2d801dbeab5b', NULL, NULL, NULL, NULL, '2026-01-15 20:35:41.484904+00', '2026-01-15 20:35:54.404975+00', '2026-01-15 20:35:41.484904+00', 0, 0, NULL, NULL),
	('b3ebec74-3b12-43ea-ba40-e0336adf050b', '338fb66d-eaf6-4398-8e31-1da41112085b', '988c96a7-a611-4c7a-bc77-962e916bc23c', NULL, 'grace-window-expired', NULL, NULL, '2026-01-15 20:42:23.674321+00', NULL, '2026-01-15 20:42:23.674321+00', 0, 0, NULL, NULL),
	('7068644a-6086-49de-964a-702d0b0600fe', '6fec17a4-fb0e-44ad-a6c4-af318f6b3771', '988c96a7-a611-4c7a-bc77-962e916bc23c', NULL, NULL, NULL, NULL, '2026-01-15 20:42:34.403007+00', '2026-01-15 20:42:42.430976+00', '2026-01-15 20:42:34.403007+00', 0, 0, NULL, NULL),
	('ee08e3d5-d009-42d8-bba5-4f5946e12c22', '6fec17a4-fb0e-44ad-a6c4-af318f6b3771', '988c96a7-a611-4c7a-bc77-962e916bc23c', NULL, NULL, NULL, NULL, '2026-01-15 20:42:42.430976+00', '2026-01-15 20:42:51.200597+00', '2026-01-15 20:42:42.430976+00', 0, 0, NULL, NULL),
	('4ab9cc1b-aba0-4199-9321-41549df7e64c', 'fbe697f6-06f0-47d9-8f7d-4d767069ceb3', 'aaaee715-fe2c-4612-ae07-2d801dbeab5b', NULL, NULL, NULL, NULL, '2026-01-15 21:54:09.216613+00', '2026-01-15 21:54:44.017137+00', '2026-01-15 21:54:09.216613+00', 100, 0, 'a0efc25a-2c83-4af3-b5a4-f1e5ca5ed534', '716208f4-391a-463e-9228-6b4cc3f714bb'),
	('3d9f4dfe-018d-4949-a168-65691896d059', '6fec17a4-fb0e-44ad-a6c4-af318f6b3771', 'aaaee715-fe2c-4612-ae07-2d801dbeab5b', NULL, NULL, NULL, NULL, '2026-01-15 20:42:51.200597+00', '2026-01-15 20:43:29.19527+00', '2026-01-15 20:42:51.200597+00', 100, 0, '84022274-459b-4db8-a631-9edc6c07eecd', '72a9fe11-d66e-48e0-b9a9-53aaa2f1256e'),
	('78b300bd-1489-447f-a274-c79cf68bd348', '6fec17a4-fb0e-44ad-a6c4-af318f6b3771', '988c96a7-a611-4c7a-bc77-962e916bc23c', NULL, NULL, NULL, NULL, '2026-01-15 20:43:29.19527+00', '2026-01-15 21:47:36.886507+00', '2026-01-15 20:43:29.19527+00', 0, 0, NULL, NULL),
	('62b0cd29-c822-4e9c-ad66-1b7607b646e0', '6fec17a4-fb0e-44ad-a6c4-af318f6b3771', '988c96a7-a611-4c7a-bc77-962e916bc23c', NULL, 'grace-window-expired', NULL, NULL, '2026-01-15 21:47:36.886507+00', NULL, '2026-01-15 21:47:36.886507+00', 0, 0, NULL, NULL),
	('9df4c37d-b8d6-4e1e-930c-72470e907547', '6f96cb9d-cff7-4f75-b6f2-851a14f6486c', 'aaaee715-fe2c-4612-ae07-2d801dbeab5b', NULL, NULL, NULL, NULL, '2026-01-15 20:35:54.404975+00', '2026-01-15 21:47:37.163073+00', '2026-01-15 20:35:54.404975+00', 0, 0, NULL, NULL),
	('e698725d-5bf7-4610-86d4-09e965d15d4a', '6f96cb9d-cff7-4f75-b6f2-851a14f6486c', '988c96a7-a611-4c7a-bc77-962e916bc23c', NULL, 'grace-window-expired', NULL, NULL, '2026-01-15 21:47:37.163073+00', NULL, '2026-01-15 21:47:37.163073+00', 0, 0, NULL, NULL),
	('bf44ee31-52d2-46f5-acbe-0a0155e4de2a', 'fbe697f6-06f0-47d9-8f7d-4d767069ceb3', '988c96a7-a611-4c7a-bc77-962e916bc23c', NULL, NULL, NULL, NULL, '2026-01-15 21:47:43.972617+00', '2026-01-15 21:47:48.610302+00', '2026-01-15 21:47:43.972617+00', 0, 0, NULL, NULL),
	('6ccb4492-e959-4922-9ec3-a3cb69a88655', 'fbe697f6-06f0-47d9-8f7d-4d767069ceb3', '988c96a7-a611-4c7a-bc77-962e916bc23c', NULL, NULL, NULL, NULL, '2026-01-15 21:54:44.017137+00', '2026-01-15 21:55:20.174653+00', '2026-01-15 21:54:44.017137+00', 0, 0, NULL, NULL),
	('00167244-e014-409e-82eb-a9b25ca2c0cb', '09d9b88d-0f9c-4730-9ce8-d1601cdd5def', '988c96a7-a611-4c7a-bc77-962e916bc23c', NULL, NULL, NULL, NULL, '2026-01-16 12:16:51.718409+00', '2026-01-16 13:03:52.610374+00', '2026-01-16 12:16:51.718409+00', 0, 0, NULL, NULL),
	('6107cc1e-7093-47cd-9ab5-4eaa0af67159', '6ceb0f39-6345-478d-b035-da319aae36bd', '988c96a7-a611-4c7a-bc77-962e916bc23c', NULL, NULL, NULL, NULL, '2026-01-16 12:22:28.710608+00', '2026-01-16 13:05:14.726217+00', '2026-01-16 12:22:28.710608+00', 0, 0, NULL, NULL),
	('da2fe3af-4913-419a-af21-4abbdf3851aa', '4d85f1bf-0aae-4745-a2d3-53ff75d440d2', 'aaaee715-fe2c-4612-ae07-2d801dbeab5b', NULL, NULL, NULL, NULL, '2026-01-17 13:23:59.061392+00', '2026-01-17 13:47:49.524137+00', '2026-01-17 13:23:59.061392+00', 300, 0, '84022274-459b-4db8-a631-9edc6c07eecd', '71d90bb4-cb98-4920-a741-6d435c180ae0'),
	('be33da40-c4d5-4435-9f1d-625514a9f32a', '06e2d836-0344-47e7-9d30-4dc254d12662', '988c96a7-a611-4c7a-bc77-962e916bc23c', NULL, NULL, NULL, NULL, '2026-01-17 22:58:25.140434+00', '2026-01-17 22:58:57.802451+00', '2026-01-17 22:58:25.140434+00', 0, 0, NULL, NULL),
	('e3d7f3cf-0cda-45b5-ba15-3243f88fa41e', '1d7449aa-ff68-4060-abda-e049e2306d6c', 'aaaee715-fe2c-4612-ae07-2d801dbeab5b', NULL, NULL, NULL, NULL, '2026-01-17 14:39:02.372022+00', '2026-01-17 14:39:04.682302+00', '2026-01-17 14:39:02.372022+00', 0, 0, '070a7ea5-da46-4989-8773-a4ee18a41126', '3d75df6c-ec7c-4fa5-8183-8fe3f4075fdf'),
	('e813f6e2-0414-41b3-8d0b-28877563353e', '1d7449aa-ff68-4060-abda-e049e2306d6c', 'aaaee715-fe2c-4612-ae07-2d801dbeab5b', NULL, NULL, NULL, NULL, '2026-01-17 14:39:04.682302+00', '2026-01-17 14:39:07.944064+00', '2026-01-17 14:39:04.682302+00', 0, 0, NULL, NULL),
	('eef23069-d342-40ed-8ebb-5137db78df05', '6ceb0f39-6345-478d-b035-da319aae36bd', 'aaaee715-fe2c-4612-ae07-2d801dbeab5b', NULL, NULL, NULL, NULL, '2026-01-16 13:17:17.762998+00', '2026-01-16 13:17:22.316154+00', '2026-01-16 13:17:17.762998+00', 0, 0, NULL, NULL),
	('97a89937-9b01-4cdf-96a4-8cd062b131d5', '6ceb0f39-6345-478d-b035-da319aae36bd', '988c96a7-a611-4c7a-bc77-962e916bc23c', NULL, NULL, NULL, NULL, '2026-01-16 13:17:39.349878+00', '2026-01-16 13:17:54.065267+00', '2026-01-16 13:17:39.349878+00', 0, 0, NULL, NULL),
	('28594111-c6fc-41e5-b7ad-5d47d77f47ad', '6ceb0f39-6345-478d-b035-da319aae36bd', 'aaaee715-fe2c-4612-ae07-2d801dbeab5b', NULL, NULL, NULL, NULL, '2026-01-16 13:23:11.775037+00', '2026-01-16 13:23:19.562005+00', '2026-01-16 13:23:11.775037+00', 0, 0, NULL, NULL),
	('419165ca-95c8-4ac8-aa9a-0db0a508dfcb', 'fa93a627-4fe0-4813-a5ac-d6388f65e873', 'aaaee715-fe2c-4612-ae07-2d801dbeab5b', NULL, NULL, NULL, NULL, '2026-01-21 13:54:05.676778+00', '2026-01-21 13:54:20.235223+00', '2026-01-21 13:54:05.676778+00', 0, 0, '640bbdc0-c0d9-4463-87f8-11fb789f9753', '06d32f7d-281d-437b-bebb-2cacef345bd7'),
	('2da8f5a4-e109-4702-bd18-102745611bfa', '2241e11b-fc2c-4c92-9e70-8a1d85842cae', '988c96a7-a611-4c7a-bc77-962e916bc23c', NULL, 'replaced-by-new-session', NULL, NULL, '2026-01-21 14:00:17.372625+00', '2026-01-21 14:00:17.372625+00', '2026-01-21 14:00:17.372625+00', 0, 0, NULL, NULL),
	('f1aec0a7-e5f5-4f6c-b0bb-0d967d0145c3', '32207b0b-8aa4-4550-968c-29b9b7890ab4', '988c96a7-a611-4c7a-bc77-962e916bc23c', NULL, NULL, NULL, NULL, '2026-01-17 18:19:52.008078+00', '2026-01-17 18:19:52.13435+00', '2026-01-17 18:19:52.008078+00', 0, 0, NULL, NULL),
	('cb7e5282-75ae-4bda-b491-1e0b0cbaed80', '32207b0b-8aa4-4550-968c-29b9b7890ab4', '988c96a7-a611-4c7a-bc77-962e916bc23c', NULL, NULL, NULL, NULL, '2026-01-17 19:25:13.318499+00', '2026-01-17 19:29:23.125422+00', '2026-01-17 19:25:13.318499+00', 0, 0, NULL, NULL),
	('210c0921-290f-4b86-b573-bd0eca030475', '32207b0b-8aa4-4550-968c-29b9b7890ab4', 'aba59ce0-d35a-4a2a-a95f-5e0339f4942e', NULL, NULL, NULL, NULL, '2026-01-17 19:35:23.640959+00', '2026-01-17 19:45:49.736404+00', '2026-01-17 19:35:23.640959+00', 0, 0, NULL, NULL),
	('c641123b-35cc-4813-972a-781f88409739', '09d9b88d-0f9c-4730-9ce8-d1601cdd5def', '988c96a7-a611-4c7a-bc77-962e916bc23c', NULL, NULL, NULL, NULL, '2026-01-16 13:35:20.243485+00', '2026-01-16 13:35:23.341452+00', '2026-01-16 13:35:20.243485+00', 0, 0, NULL, NULL),
	('6ac4b031-afa9-481c-bce5-f6f9cd35678b', '09d9b88d-0f9c-4730-9ce8-d1601cdd5def', 'aaaee715-fe2c-4612-ae07-2d801dbeab5b', NULL, NULL, NULL, NULL, '2026-01-16 13:36:10.570343+00', '2026-01-16 13:36:17.651023+00', '2026-01-16 13:36:10.570343+00', 0, 0, '84022274-459b-4db8-a631-9edc6c07eecd', '2f3e3060-719f-430d-b9c4-114dd4936b72'),
	('c03d4056-a3b1-40bf-a134-f47f52c9536c', 'da2d4142-9374-493a-a656-fe5cc261a4b3', 'aaaee715-fe2c-4612-ae07-2d801dbeab5b', NULL, NULL, NULL, NULL, '2026-01-17 20:21:17.012677+00', '2026-01-17 20:21:22.701593+00', '2026-01-17 20:21:17.012677+00', 0, 0, NULL, NULL),
	('623434c6-7b58-4642-a9cb-cb80efb5e68c', 'ef04a5e3-8359-40fb-a3c8-dbfb435e9c04', '988c96a7-a611-4c7a-bc77-962e916bc23c', NULL, NULL, NULL, NULL, '2026-01-17 20:41:31.41248+00', '2026-01-17 20:41:38.046716+00', '2026-01-17 20:41:31.41248+00', 0, 0, NULL, NULL),
	('94905935-4a7e-4337-af0d-d01ce91f7159', 'ef04a5e3-8359-40fb-a3c8-dbfb435e9c04', '988c96a7-a611-4c7a-bc77-962e916bc23c', NULL, NULL, NULL, NULL, '2026-01-17 20:41:38.046716+00', '2026-01-17 20:41:39.20004+00', '2026-01-17 20:41:38.046716+00', 0, 0, NULL, NULL),
	('8f738b95-f5be-46c7-b3f8-18c77578310d', '4da3b5fd-e3c9-4c69-93a0-96373ae9952c', '988c96a7-a611-4c7a-bc77-962e916bc23c', NULL, NULL, NULL, NULL, '2026-01-18 09:42:47.429448+00', '2026-01-18 09:44:11.318473+00', '2026-01-18 09:42:47.429448+00', 0, 0, NULL, NULL),
	('468da898-45df-4268-8416-00163e4df069', '4da3b5fd-e3c9-4c69-93a0-96373ae9952c', '988c96a7-a611-4c7a-bc77-962e916bc23c', NULL, 'worker-abandon', NULL, NULL, '2026-01-18 09:44:11.318473+00', NULL, '2026-01-18 09:44:11.318473+00', 0, 0, NULL, NULL),
	('ad09646f-c37c-4634-8c6d-26ae1626413d', '863eebf0-6276-4183-9b74-9b696254b83d', 'aaaee715-fe2c-4612-ae07-2d801dbeab5b', NULL, NULL, NULL, NULL, '2026-01-17 22:11:27.421298+00', '2026-01-17 22:12:25.337941+00', '2026-01-17 22:11:27.421298+00', 0, 0, '7e6971a8-4783-4a37-b7e7-84bd9dff7494', 'e6a51633-1e30-4e58-a32e-e3385f978082'),
	('b8435bb7-67e2-4198-9dd1-af7370804454', 'ff8249e2-473d-45d7-9405-9e54e4c3aac2', '988c96a7-a611-4c7a-bc77-962e916bc23c', NULL, NULL, NULL, NULL, '2026-01-21 14:00:17.372625+00', '2026-01-21 14:00:23.976461+00', '2026-01-21 14:00:17.372625+00', 0, 0, NULL, NULL),
	('6432ee0a-9a68-46fa-a00f-7d19eaa0bf6d', '06e2d836-0344-47e7-9d30-4dc254d12662', 'aaaee715-fe2c-4612-ae07-2d801dbeab5b', NULL, NULL, NULL, NULL, '2026-01-17 22:59:09.825326+00', '2026-01-17 23:19:48.390095+00', '2026-01-17 22:59:09.825326+00', 0, 0, '08baf2a3-c2c0-4425-a22b-8e2ec7db9438', '0521d520-358e-4f41-8748-279c09eb158d'),
	('34976684-b15f-460c-a7e2-476c7840ec4d', '06e2d836-0344-47e7-9d30-4dc254d12662', 'aaaee715-fe2c-4612-ae07-2d801dbeab5b', NULL, NULL, NULL, NULL, '2026-01-17 23:36:28.292308+00', '2026-01-17 23:36:32.442325+00', '2026-01-17 23:36:28.292308+00', 0, 0, '08baf2a3-c2c0-4425-a22b-8e2ec7db9438', '0521d520-358e-4f41-8748-279c09eb158d'),
	('a9216274-695e-44cc-bbef-2761d405829c', '1540d389-1371-4d3f-b9fc-2b3330f64cb2', '988c96a7-a611-4c7a-bc77-962e916bc23c', NULL, NULL, NULL, NULL, '2026-01-17 23:38:45.465498+00', '2026-01-17 23:38:48.649235+00', '2026-01-17 23:38:45.465498+00', 0, 0, NULL, NULL),
	('538e9e96-7751-43ff-8b31-980962f2fb24', '1540d389-1371-4d3f-b9fc-2b3330f64cb2', 'aaaee715-fe2c-4612-ae07-2d801dbeab5b', NULL, NULL, NULL, NULL, '2026-01-17 23:39:23.301414+00', '2026-01-17 23:39:38.43057+00', '2026-01-17 23:39:23.301414+00', 0, 0, '08baf2a3-c2c0-4425-a22b-8e2ec7db9438', '0521d520-358e-4f41-8748-279c09eb158d'),
	('c9116c69-a331-48be-b7e0-5b818ce21720', '59139cb2-177c-42bb-bc2d-e3bfcbc650b3', '988c96a7-a611-4c7a-bc77-962e916bc23c', NULL, NULL, NULL, NULL, '2026-01-18 13:24:30.857492+00', '2026-01-18 13:25:03.112433+00', '2026-01-18 13:24:30.857492+00', 0, 0, NULL, NULL),
	('59ff5f1e-b44e-4f63-81cf-1de7f9bd4b94', 'a41c74b7-bdad-42e7-a8e8-5c833b10652f', '988c96a7-a611-4c7a-bc77-962e916bc23c', NULL, NULL, NULL, NULL, '2026-01-18 14:23:42.41054+00', '2026-01-18 14:24:36.530142+00', '2026-01-18 14:23:42.41054+00', 0, 0, NULL, NULL),
	('5d2f6e67-9165-4a65-86f1-b8e262e66f14', '7083fffd-3726-44a2-a42b-87275985d85a', '988c96a7-a611-4c7a-bc77-962e916bc23c', NULL, NULL, NULL, NULL, '2026-01-21 14:07:58.306887+00', '2026-01-21 14:08:06.760891+00', '2026-01-21 14:07:58.306887+00', 0, 0, NULL, NULL),
	('1c40c34c-dee0-42b1-9b75-b3816e77dc60', 'd82fae81-cb8a-4aaf-b22d-5490672be61f', 'aaaee715-fe2c-4612-ae07-2d801dbeab5b', NULL, NULL, NULL, NULL, '2026-01-18 14:26:45.491849+00', '2026-01-18 14:46:51.582026+00', '2026-01-18 14:26:45.491849+00', 300, 0, '070a7ea5-da46-4989-8773-a4ee18a41126', '3d75df6c-ec7c-4fa5-8183-8fe3f4075fdf'),
	('09f171f6-f013-490c-9d6c-02d8e0798739', 'b065d4b3-5bcf-432d-a821-088b226c209b', '988c96a7-a611-4c7a-bc77-962e916bc23c', NULL, NULL, NULL, NULL, '2026-01-18 15:54:13.645601+00', '2026-01-18 15:55:00.057286+00', '2026-01-18 15:54:13.645601+00', 0, 0, '7e6971a8-4783-4a37-b7e7-84bd9dff7494', 'e6a51633-1e30-4e58-a32e-e3385f978082'),
	('e7d3e882-e709-43d8-875d-c6b52bd1169c', '3c26e540-5806-4d74-bddf-6130b0919dda', '988c96a7-a611-4c7a-bc77-962e916bc23c', NULL, NULL, NULL, NULL, '2026-01-18 16:43:54.017784+00', '2026-01-18 16:50:36.982721+00', '2026-01-18 16:43:54.017784+00', 0, 0, '7e6971a8-4783-4a37-b7e7-84bd9dff7494', 'e6a51633-1e30-4e58-a32e-e3385f978082'),
	('26b14ba3-5ccc-4dcd-a646-c6b7beed021b', '3c26e540-5806-4d74-bddf-6130b0919dda', '988c96a7-a611-4c7a-bc77-962e916bc23c', NULL, 'grace-window-expired', NULL, NULL, '2026-01-18 18:35:07.59678+00', NULL, '2026-01-18 18:35:07.59678+00', 0, 0, '7e6971a8-4783-4a37-b7e7-84bd9dff7494', 'e6a51633-1e30-4e58-a32e-e3385f978082'),
	('e973e996-823d-4239-8cb3-0600348ca4f2', '40d458d1-1b8c-48b4-a109-a783779312f0', '988c96a7-a611-4c7a-bc77-962e916bc23c', NULL, NULL, NULL, NULL, '2026-01-18 19:46:49.276663+00', '2026-01-18 19:47:13.319399+00', '2026-01-18 19:46:49.276663+00', 0, 0, NULL, NULL),
	('e187207a-10d8-47de-81ca-e0fae85da1d0', 'da2d4142-9374-493a-a656-fe5cc261a4b3', 'aaaee715-fe2c-4612-ae07-2d801dbeab5b', NULL, NULL, NULL, NULL, '2026-01-17 20:22:43.839418+00', '2026-01-17 20:23:19.351016+00', '2026-01-17 20:22:43.839418+00', 37, 0, NULL, NULL),
	('51553531-2238-41d6-88fc-b1ef0155c446', 'da2d4142-9374-493a-a656-fe5cc261a4b3', 'aaaee715-fe2c-4612-ae07-2d801dbeab5b', NULL, NULL, NULL, NULL, '2026-01-17 19:47:49.599057+00', '2026-01-17 19:47:57.160967+00', '2026-01-17 19:47:49.599057+00', 37, 0, NULL, NULL),
	('464c15ed-4345-40a6-855b-4c6597b2b75a', 'd44e0c04-a1d6-48c7-9319-b622c556453f', 'aaaee715-fe2c-4612-ae07-2d801dbeab5b', NULL, NULL, NULL, NULL, '2026-01-17 18:17:30.007051+00', '2026-01-17 18:17:36.175092+00', '2026-01-17 18:17:30.007051+00', 50, 0, NULL, NULL),
	('94959345-9846-4857-a5d8-9d767e726518', '32207b0b-8aa4-4550-968c-29b9b7890ab4', 'aaaee715-fe2c-4612-ae07-2d801dbeab5b', NULL, NULL, NULL, NULL, '2026-01-17 18:36:40.700744+00', '2026-01-17 18:36:52.093722+00', '2026-01-17 18:36:40.700744+00', 50, 0, NULL, NULL),
	('4bd4f54a-7239-47c0-ac89-9dbd99034b3d', '6ceb0f39-6345-478d-b035-da319aae36bd', 'aaaee715-fe2c-4612-ae07-2d801dbeab5b', NULL, NULL, NULL, NULL, '2026-01-16 13:21:21.714139+00', '2026-01-16 13:22:04.297587+00', '2026-01-16 13:21:21.714139+00', 0, 0, NULL, NULL),
	('129fbae6-8e5a-4720-b6e5-254b0a988d78', 'd44e0c04-a1d6-48c7-9319-b622c556453f', 'aaaee715-fe2c-4612-ae07-2d801dbeab5b', NULL, NULL, NULL, NULL, '2026-01-17 18:07:57.429114+00', '2026-01-17 18:08:29.873458+00', '2026-01-17 18:07:57.429114+00', 5, 0, NULL, NULL),
	('88a834fb-b763-4442-a5d2-7804206afece', '686b8d6c-7756-4c3e-b56a-41b749618c2b', '988c96a7-a611-4c7a-bc77-962e916bc23c', NULL, NULL, NULL, NULL, '2026-01-20 15:01:38.977315+00', '2026-01-20 15:01:53.514355+00', '2026-01-20 15:01:38.977315+00', 0, 0, NULL, NULL),
	('5931fea6-83cb-455c-9f1f-89155ae0afaf', '686b8d6c-7756-4c3e-b56a-41b749618c2b', '9e7ea5f4-3025-4acb-9708-6bbbb13adbdf', NULL, NULL, NULL, NULL, '2026-01-20 15:01:53.514355+00', '2026-01-20 15:02:16.581652+00', '2026-01-20 15:01:53.514355+00', 0, 0, NULL, NULL),
	('12d7e0fa-5c7e-44a8-8c53-297c14146f0d', '686b8d6c-7756-4c3e-b56a-41b749618c2b', 'aaaee715-fe2c-4612-ae07-2d801dbeab5b', NULL, NULL, NULL, NULL, '2026-01-20 15:02:16.581652+00', '2026-01-20 15:02:53.875566+00', '2026-01-20 15:02:16.581652+00', 600, 0, '640bbdc0-c0d9-4463-87f8-11fb789f9753', '06d32f7d-281d-437b-bebb-2cacef345bd7'),
	('7e6e1498-c7ba-4dd9-b9c5-11378f1fd0da', '686b8d6c-7756-4c3e-b56a-41b749618c2b', '988c96a7-a611-4c7a-bc77-962e916bc23c', NULL, NULL, NULL, NULL, '2026-01-20 15:02:53.875566+00', '2026-01-20 15:18:33.632+00', '2026-01-20 15:02:53.875566+00', 0, 0, '640bbdc0-c0d9-4463-87f8-11fb789f9753', '06d32f7d-281d-437b-bebb-2cacef345bd7'),
	('b5f9983e-ac1c-4f76-b90c-491e3b66ff0e', '686b8d6c-7756-4c3e-b56a-41b749618c2b', '31b6bec2-2700-42c7-881a-e675ba87fb23', NULL, 'grace-window-expired', NULL, NULL, '2026-01-20 15:18:33.632+00', NULL, '2026-01-20 15:18:34.277493+00', 0, 0, NULL, NULL),
	('f9f4cf3a-0ce5-41c8-9b1d-9a01b82b202a', 'c6ebb3e0-1892-4831-90e2-8e70c89655b0', '988c96a7-a611-4c7a-bc77-962e916bc23c', NULL, NULL, NULL, NULL, '2026-01-20 21:49:15.888978+00', '2026-01-20 21:49:20.496469+00', '2026-01-20 21:49:15.888978+00', 0, 0, NULL, NULL),
	('f0172c7a-a6b8-4732-ad79-429e50fbe718', 'c6ebb3e0-1892-4831-90e2-8e70c89655b0', '988c96a7-a611-4c7a-bc77-962e916bc23c', NULL, NULL, NULL, NULL, '2026-01-20 21:49:20.496469+00', '2026-01-20 22:20:50.241767+00', '2026-01-20 21:49:20.496469+00', 0, 0, NULL, NULL),
	('7fa857d8-38bb-46c6-b328-2646eb5e4a47', 'c6ebb3e0-1892-4831-90e2-8e70c89655b0', '988c96a7-a611-4c7a-bc77-962e916bc23c', NULL, 'grace-window-expired', NULL, NULL, '2026-01-20 22:20:50.241767+00', NULL, '2026-01-20 22:20:50.241767+00', 0, 0, NULL, NULL),
	('5e7868d5-e568-4116-abc3-5e594b2df280', '14809c89-cc16-4fe6-9622-f4412594342d', '988c96a7-a611-4c7a-bc77-962e916bc23c', NULL, NULL, NULL, NULL, '2026-01-20 22:23:56.228685+00', '2026-01-20 22:24:01.623746+00', '2026-01-20 22:23:56.228685+00', 0, 0, NULL, NULL),
	('0977ee5e-3623-4d9a-a05a-526d8ed63907', '14809c89-cc16-4fe6-9622-f4412594342d', '988c96a7-a611-4c7a-bc77-962e916bc23c', NULL, NULL, NULL, NULL, '2026-01-20 22:24:01.623746+00', '2026-01-20 22:30:28.810525+00', '2026-01-20 22:24:01.623746+00', 0, 0, NULL, NULL),
	('e007bc8b-c399-4cf7-8a0a-79aab00377fe', '14809c89-cc16-4fe6-9622-f4412594342d', '988c96a7-a611-4c7a-bc77-962e916bc23c', NULL, 'grace-window-expired', NULL, NULL, '2026-01-20 22:30:28.810525+00', NULL, '2026-01-20 22:30:28.810525+00', 0, 0, NULL, NULL),
	('a41db1e3-ac46-41ba-b466-9ad6c566a438', 'a1bbf0a2-f8dc-479c-8131-874d52dbf7b6', '988c96a7-a611-4c7a-bc77-962e916bc23c', NULL, NULL, NULL, NULL, '2026-01-20 22:30:56.547679+00', '2026-01-20 22:31:05.754863+00', '2026-01-20 22:30:56.547679+00', 0, 0, NULL, NULL),
	('db2ee2d8-4fe1-4e9c-9db9-f0cb6cb3b78b', 'a1bbf0a2-f8dc-479c-8131-874d52dbf7b6', '988c96a7-a611-4c7a-bc77-962e916bc23c', NULL, NULL, NULL, NULL, '2026-01-20 22:31:05.754863+00', '2026-01-20 22:32:02.953284+00', '2026-01-20 22:31:05.754863+00', 0, 0, NULL, NULL),
	('3d7e0848-92c9-42c9-819c-91892c6ea406', 'a1bbf0a2-f8dc-479c-8131-874d52dbf7b6', 'aaaee715-fe2c-4612-ae07-2d801dbeab5b', NULL, NULL, NULL, NULL, '2026-01-20 22:32:02.953284+00', NULL, '2026-01-20 22:32:02.953284+00', 0, 0, '640bbdc0-c0d9-4463-87f8-11fb789f9753', '06d32f7d-281d-437b-bebb-2cacef345bd7'),
	('bcd60997-7c27-4cd4-bd45-96618a472f58', 'e71cf7b8-1b0e-4759-bc33-6396a2efa47d', '988c96a7-a611-4c7a-bc77-962e916bc23c', NULL, NULL, NULL, NULL, '2026-01-21 12:24:49.913107+00', '2026-01-21 13:49:36.710009+00', '2026-01-21 12:24:49.913107+00', 0, 0, NULL, NULL),
	('5f53362e-c5cb-42ee-9602-323bb2424fac', 'fa93a627-4fe0-4813-a5ac-d6388f65e873', 'aaaee715-fe2c-4612-ae07-2d801dbeab5b', NULL, NULL, NULL, NULL, '2026-01-21 13:54:20.235223+00', '2026-01-21 13:55:03.571917+00', '2026-01-21 13:54:20.235223+00', 0, 0, '640bbdc0-c0d9-4463-87f8-11fb789f9753', '06d32f7d-281d-437b-bebb-2cacef345bd7'),
	('ec72e6f8-124d-4e78-8e53-d85b840ea3d0', '26fcfc1d-5d3b-4811-920a-1b823e1f5478', '988c96a7-a611-4c7a-bc77-962e916bc23c', NULL, NULL, NULL, NULL, '2026-01-21 13:55:11.853265+00', '2026-01-21 13:55:19.093646+00', '2026-01-21 13:55:11.853265+00', 0, 0, NULL, NULL),
	('242689b8-b3c5-4fe3-a10e-2b73acd17e0c', '26fcfc1d-5d3b-4811-920a-1b823e1f5478', '988c96a7-a611-4c7a-bc77-962e916bc23c', NULL, NULL, NULL, NULL, '2026-01-21 13:55:19.093646+00', '2026-01-21 13:55:25.102894+00', '2026-01-21 13:55:19.093646+00', 0, 0, NULL, NULL),
	('8eee7696-0e83-4d1a-b7f2-f9be2e66e63e', '26fcfc1d-5d3b-4811-920a-1b823e1f5478', 'aba59ce0-d35a-4a2a-a95f-5e0339f4942e', NULL, NULL, NULL, NULL, '2026-01-21 13:55:25.102894+00', '2026-01-21 13:56:58.078478+00', '2026-01-21 13:55:25.102894+00', 0, 0, '327cc3cd-e43a-45a7-bfb0-39f811a7468e', '71d82466-d155-4e1d-b111-7338a53d95ad'),
	('9088b1e7-bf7f-4fd2-979d-195f54b15dc4', '26fcfc1d-5d3b-4811-920a-1b823e1f5478', 'aaaee715-fe2c-4612-ae07-2d801dbeab5b', NULL, NULL, NULL, NULL, '2026-01-21 13:56:58.078478+00', '2026-01-21 13:57:09.325873+00', '2026-01-21 13:56:58.078478+00', 200, 0, '327cc3cd-e43a-45a7-bfb0-39f811a7468e', '71d82466-d155-4e1d-b111-7338a53d95ad'),
	('e4c4043c-82df-4939-a092-4fdac9ad1ef5', '26fcfc1d-5d3b-4811-920a-1b823e1f5478', 'aaaee715-fe2c-4612-ae07-2d801dbeab5b', NULL, NULL, NULL, NULL, '2026-01-21 13:58:31.830898+00', '2026-01-21 13:58:49.983509+00', '2026-01-21 13:58:31.830898+00', 0, 0, '327cc3cd-e43a-45a7-bfb0-39f811a7468e', '71d82466-d155-4e1d-b111-7338a53d95ad'),
	('426febf4-2689-4558-a314-ff311eeb769a', '26fcfc1d-5d3b-4811-920a-1b823e1f5478', '988c96a7-a611-4c7a-bc77-962e916bc23c', NULL, NULL, NULL, NULL, '2026-01-21 13:58:49.983509+00', '2026-01-21 13:58:57.266254+00', '2026-01-21 13:58:49.983509+00', 0, 0, '327cc3cd-e43a-45a7-bfb0-39f811a7468e', '71d82466-d155-4e1d-b111-7338a53d95ad'),
	('e0c23242-4eba-4e79-af3a-54737bb7b496', 'ff8249e2-473d-45d7-9405-9e54e4c3aac2', '988c96a7-a611-4c7a-bc77-962e916bc23c', NULL, NULL, NULL, NULL, '2026-01-21 14:00:23.976461+00', '2026-01-21 14:00:24.529977+00', '2026-01-21 14:00:23.976461+00', 0, 0, NULL, NULL),
	('e80f9b98-cd06-489a-bd8e-9bb62f52826e', 'ff8249e2-473d-45d7-9405-9e54e4c3aac2', '988c96a7-a611-4c7a-bc77-962e916bc23c', NULL, NULL, NULL, NULL, '2026-01-21 14:00:24.529977+00', '2026-01-21 14:00:30.779834+00', '2026-01-21 14:00:24.529977+00', 0, 0, NULL, NULL),
	('b78bb0e1-1d5d-4664-8c45-2fa2b2938bb0', 'ff8249e2-473d-45d7-9405-9e54e4c3aac2', '31b6bec2-2700-42c7-881a-e675ba87fb23', NULL, NULL, NULL, NULL, '2026-01-21 14:00:56.817077+00', '2026-01-21 14:00:58.751557+00', '2026-01-21 14:00:56.817077+00', 0, 0, 'a5e7e178-915e-4405-aa1e-320c10e2b479', '468617c1-21c7-46f4-914a-3a63cf9b584c'),
	('789bd728-5560-4bc0-94cb-e9714232edae', 'ff8249e2-473d-45d7-9405-9e54e4c3aac2', 'aaaee715-fe2c-4612-ae07-2d801dbeab5b', NULL, NULL, NULL, NULL, '2026-01-21 14:02:46.482032+00', '2026-01-21 14:02:51.969871+00', '2026-01-21 14:02:46.482032+00', 0, 0, '55b91c21-3f85-48a2-a08f-9ed7d607bc6b', 'b999238c-a8a8-4d60-acc0-65dd6ea7aa7e'),
	('ed24ab2e-d422-41eb-9d9b-9e7cda75d5ce', 'ff8249e2-473d-45d7-9405-9e54e4c3aac2', 'aaaee715-fe2c-4612-ae07-2d801dbeab5b', NULL, NULL, NULL, NULL, '2026-01-21 14:02:51.969871+00', '2026-01-21 14:03:49.66771+00', '2026-01-21 14:02:51.969871+00', 0, 0, '7e6971a8-4783-4a37-b7e7-84bd9dff7494', 'e6a51633-1e30-4e58-a32e-e3385f978082'),
	('f842fc33-9783-4a83-87b7-9cde4c7b758f', 'ff8249e2-473d-45d7-9405-9e54e4c3aac2', 'aaaee715-fe2c-4612-ae07-2d801dbeab5b', NULL, NULL, NULL, NULL, '2026-01-21 14:03:54.35066+00', '2026-01-21 14:07:53.978473+00', '2026-01-21 14:03:54.35066+00', 0, 0, 'c9d6e4e6-f977-4277-8c6c-427f269f4599', '6e101f93-a744-407e-8cc6-7f062064a153'),
	('6d97ab88-9bef-46cc-af63-ee4a79c50fca', '7083fffd-3726-44a2-a42b-87275985d85a', '988c96a7-a611-4c7a-bc77-962e916bc23c', NULL, NULL, NULL, NULL, '2026-01-21 14:08:06.760891+00', '2026-01-21 14:08:07.038696+00', '2026-01-21 14:08:06.760891+00', 0, 0, NULL, NULL),
	('9e9ba732-be0a-4df6-a51f-35f991768b2d', '7083fffd-3726-44a2-a42b-87275985d85a', '988c96a7-a611-4c7a-bc77-962e916bc23c', NULL, NULL, NULL, NULL, '2026-01-21 14:08:07.038696+00', '2026-01-21 14:08:13.302476+00', '2026-01-21 14:08:07.038696+00', 0, 0, NULL, NULL),
	('1e723164-ad7e-4798-a3e2-bb08f61a986d', '7083fffd-3726-44a2-a42b-87275985d85a', 'aaaee715-fe2c-4612-ae07-2d801dbeab5b', NULL, NULL, NULL, NULL, '2026-01-21 14:08:13.302476+00', '2026-01-21 14:08:18.37019+00', '2026-01-21 14:08:13.302476+00', 0, 0, '7e6971a8-4783-4a37-b7e7-84bd9dff7494', 'e6a51633-1e30-4e58-a32e-e3385f978082'),
	('4c695093-27ad-49b0-a300-fa7eb973cb8b', '7083fffd-3726-44a2-a42b-87275985d85a', 'aaaee715-fe2c-4612-ae07-2d801dbeab5b', NULL, NULL, NULL, NULL, '2026-01-21 14:08:18.37019+00', '2026-01-21 14:08:23.91395+00', '2026-01-21 14:08:18.37019+00', 0, 0, '7e6971a8-4783-4a37-b7e7-84bd9dff7494', 'e6a51633-1e30-4e58-a32e-e3385f978082'),
	('ad2fab1d-4999-4b0b-8503-dc3da136b38b', '7083fffd-3726-44a2-a42b-87275985d85a', 'aba59ce0-d35a-4a2a-a95f-5e0339f4942e', NULL, NULL, NULL, NULL, '2026-01-21 14:08:23.91395+00', '2026-01-21 14:08:38.365109+00', '2026-01-21 14:08:23.91395+00', 0, 0, 'c9d6e4e6-f977-4277-8c6c-427f269f4599', '6e101f93-a744-407e-8cc6-7f062064a153'),
	('c6876650-68db-46c4-bbbe-21d405f5db3c', '7083fffd-3726-44a2-a42b-87275985d85a', '6ed1a573-5d16-4c1f-99ab-b6644b9f45d7', NULL, NULL, NULL, NULL, '2026-01-21 14:08:38.365109+00', '2026-01-21 14:08:39.992134+00', '2026-01-21 14:08:38.365109+00', 0, 0, 'c9d6e4e6-f977-4277-8c6c-427f269f4599', '6e101f93-a744-407e-8cc6-7f062064a153'),
	('853178a9-b160-4798-ad49-51f5dcb4bc23', '7083fffd-3726-44a2-a42b-87275985d85a', 'aba59ce0-d35a-4a2a-a95f-5e0339f4942e', NULL, NULL, NULL, NULL, '2026-01-21 14:08:39.992134+00', '2026-01-21 14:20:20.634118+00', '2026-01-21 14:08:39.992134+00', 0, 0, 'c9d6e4e6-f977-4277-8c6c-427f269f4599', '6e101f93-a744-407e-8cc6-7f062064a153'),
	('c4de8862-67ac-4aee-900e-fc6608d25deb', '7083fffd-3726-44a2-a42b-87275985d85a', 'aaaee715-fe2c-4612-ae07-2d801dbeab5b', NULL, NULL, NULL, NULL, '2026-01-21 14:20:20.634118+00', '2026-01-21 14:20:23.145834+00', '2026-01-21 14:20:20.634118+00', 0, 0, '55b91c21-3f85-48a2-a08f-9ed7d607bc6b', 'b999238c-a8a8-4d60-acc0-65dd6ea7aa7e'),
	('4e1dc7f6-3fbb-4920-89e9-1bb2bdd6f5da', '7083fffd-3726-44a2-a42b-87275985d85a', 'aaaee715-fe2c-4612-ae07-2d801dbeab5b', NULL, NULL, NULL, NULL, '2026-01-21 14:20:23.145834+00', '2026-01-21 14:20:28.772843+00', '2026-01-21 14:20:23.145834+00', 0, 0, '55b91c21-3f85-48a2-a08f-9ed7d607bc6b', 'b999238c-a8a8-4d60-acc0-65dd6ea7aa7e'),
	('db0fe9ac-cf2f-4b50-a7f8-45966f9782a9', '7083fffd-3726-44a2-a42b-87275985d85a', 'aba59ce0-d35a-4a2a-a95f-5e0339f4942e', NULL, NULL, NULL, NULL, '2026-01-21 14:20:28.772843+00', '2026-01-21 14:27:13.363825+00', '2026-01-21 14:20:28.772843+00', 0, 0, 'c9d6e4e6-f977-4277-8c6c-427f269f4599', '6e101f93-a744-407e-8cc6-7f062064a153'),
	('80c783f9-01d6-412c-b88b-bd644c763e1d', '7083fffd-3726-44a2-a42b-87275985d85a', '988c96a7-a611-4c7a-bc77-962e916bc23c', NULL, 'worker-abandon', NULL, NULL, '2026-01-21 14:27:13.363825+00', NULL, '2026-01-21 14:27:13.363825+00', 0, 0, 'c9d6e4e6-f977-4277-8c6c-427f269f4599', '6e101f93-a744-407e-8cc6-7f062064a153'),
	('87ed8c79-6644-497d-956d-e212562ccb4c', '1053a242-784f-4428-9485-636809b13648', '988c96a7-a611-4c7a-bc77-962e916bc23c', NULL, NULL, NULL, NULL, '2026-01-21 14:27:16.008822+00', '2026-01-21 14:27:20.084474+00', '2026-01-21 14:27:16.008822+00', 0, 0, NULL, NULL),
	('955c55c3-e95e-4f2e-9b0a-a2139b822bc9', '1053a242-784f-4428-9485-636809b13648', '988c96a7-a611-4c7a-bc77-962e916bc23c', NULL, NULL, NULL, NULL, '2026-01-21 14:27:20.084474+00', '2026-01-21 14:27:34.924016+00', '2026-01-21 14:27:20.084474+00', 0, 0, NULL, NULL),
	('6df6fad4-2218-4384-9b4d-76b8122cbfc6', '1053a242-784f-4428-9485-636809b13648', 'aba59ce0-d35a-4a2a-a95f-5e0339f4942e', NULL, NULL, NULL, NULL, '2026-01-21 14:27:34.924016+00', '2026-01-21 14:28:45.54296+00', '2026-01-21 14:27:34.924016+00', 0, 0, 'c9d6e4e6-f977-4277-8c6c-427f269f4599', '6e101f93-a744-407e-8cc6-7f062064a153'),
	('bfdc284d-8a80-4d3b-bdf8-ae9b6b2eafa9', '1053a242-784f-4428-9485-636809b13648', '988c96a7-a611-4c7a-bc77-962e916bc23c', NULL, 'worker-abandon', NULL, NULL, '2026-01-21 14:28:45.54296+00', NULL, '2026-01-21 14:28:45.54296+00', 0, 0, 'c9d6e4e6-f977-4277-8c6c-427f269f4599', '6e101f93-a744-407e-8cc6-7f062064a153'),
	('0daa4c64-3d7f-416f-92a7-4a8ac4259261', '7e4bf546-64c0-42e0-bd54-538b4c2a2f7a', '988c96a7-a611-4c7a-bc77-962e916bc23c', NULL, NULL, NULL, NULL, '2026-01-21 14:28:49.920273+00', '2026-01-21 14:28:55.161895+00', '2026-01-21 14:28:49.920273+00', 0, 0, NULL, NULL),
	('1dbcb059-c0d3-44e0-be03-60b6d0d1b12d', '7e4bf546-64c0-42e0-bd54-538b4c2a2f7a', '988c96a7-a611-4c7a-bc77-962e916bc23c', NULL, NULL, NULL, NULL, '2026-01-21 14:28:55.161895+00', '2026-01-21 14:28:56.362122+00', '2026-01-21 14:28:55.161895+00', 0, 0, NULL, NULL),
	('89cb4669-beb7-4b1f-bc12-750da962ca1f', '7e4bf546-64c0-42e0-bd54-538b4c2a2f7a', '988c96a7-a611-4c7a-bc77-962e916bc23c', NULL, NULL, NULL, NULL, '2026-01-21 14:28:56.362122+00', '2026-01-21 14:30:36.079913+00', '2026-01-21 14:28:56.362122+00', 0, 0, NULL, NULL),
	('f9a83132-cfdf-48d3-9e4b-51bb3734b0f0', '7e4bf546-64c0-42e0-bd54-538b4c2a2f7a', 'aba59ce0-d35a-4a2a-a95f-5e0339f4942e', NULL, NULL, NULL, NULL, '2026-01-21 14:30:36.079913+00', '2026-01-21 14:40:28.671+00', '2026-01-21 14:30:36.079913+00', 0, 0, 'c9d6e4e6-f977-4277-8c6c-427f269f4599', '6e101f93-a744-407e-8cc6-7f062064a153'),
	('8c121c7e-489d-40cf-bc02-cffd15cc6f5a', '7e4bf546-64c0-42e0-bd54-538b4c2a2f7a', '31b6bec2-2700-42c7-881a-e675ba87fb23', NULL, 'grace-window-expired', NULL, NULL, '2026-01-21 14:40:28.671+00', NULL, '2026-01-21 14:40:29.357206+00', 0, 0, NULL, NULL),
	('6340d398-217e-45b9-9dea-218c1f245738', 'b1814d4d-3e34-4b29-a41a-efbbaedf6107', '988c96a7-a611-4c7a-bc77-962e916bc23c', NULL, NULL, NULL, NULL, '2026-01-21 15:15:43.371521+00', '2026-01-21 15:15:53.965519+00', '2026-01-21 15:15:43.371521+00', 0, 0, NULL, NULL),
	('88cafd34-10e5-4248-906b-c625beaea339', 'b1814d4d-3e34-4b29-a41a-efbbaedf6107', '988c96a7-a611-4c7a-bc77-962e916bc23c', NULL, NULL, NULL, NULL, '2026-01-21 15:15:53.965519+00', '2026-01-21 15:15:54.125152+00', '2026-01-21 15:15:53.965519+00', 0, 0, NULL, NULL),
	('cacc1477-2003-4e3e-a326-fcdc37c6ded6', 'b1814d4d-3e34-4b29-a41a-efbbaedf6107', '988c96a7-a611-4c7a-bc77-962e916bc23c', NULL, NULL, NULL, NULL, '2026-01-21 15:15:54.125152+00', '2026-01-21 15:15:54.22989+00', '2026-01-21 15:15:54.125152+00', 0, 0, NULL, NULL),
	('67ffb8d2-dae2-4286-98f0-cce4fd419788', 'b1814d4d-3e34-4b29-a41a-efbbaedf6107', '988c96a7-a611-4c7a-bc77-962e916bc23c', NULL, NULL, NULL, NULL, '2026-01-21 15:15:54.22989+00', '2026-01-21 15:15:55.165602+00', '2026-01-21 15:15:54.22989+00', 0, 0, NULL, NULL),
	('2368147f-d9b6-45aa-a8c2-e65fffd862b1', 'b1814d4d-3e34-4b29-a41a-efbbaedf6107', '988c96a7-a611-4c7a-bc77-962e916bc23c', NULL, NULL, NULL, NULL, '2026-01-21 15:15:55.165602+00', '2026-01-21 15:16:03.47745+00', '2026-01-21 15:15:55.165602+00', 0, 0, NULL, NULL),
	('4beec59f-a519-4d97-bf4c-29c18383e20b', 'b1814d4d-3e34-4b29-a41a-efbbaedf6107', 'aba59ce0-d35a-4a2a-a95f-5e0339f4942e', NULL, NULL, NULL, NULL, '2026-01-21 15:16:03.47745+00', '2026-01-21 15:23:55.962505+00', '2026-01-21 15:16:03.47745+00', 0, 0, 'c9d6e4e6-f977-4277-8c6c-427f269f4599', '6e101f93-a744-407e-8cc6-7f062064a153'),
	('93f8305f-082d-478d-ad83-bd4ae6c6663a', 'b1814d4d-3e34-4b29-a41a-efbbaedf6107', '9e7ea5f4-3025-4acb-9708-6bbbb13adbdf', NULL, NULL, NULL, NULL, '2026-01-21 15:23:55.962505+00', '2026-01-21 15:24:24.542128+00', '2026-01-21 15:23:55.962505+00', 0, 0, '55b91c21-3f85-48a2-a08f-9ed7d607bc6b', 'b999238c-a8a8-4d60-acc0-65dd6ea7aa7e'),
	('76be57f8-4cf0-46b9-8446-f78963d24e31', 'b1814d4d-3e34-4b29-a41a-efbbaedf6107', '988c96a7-a611-4c7a-bc77-962e916bc23c', NULL, NULL, NULL, NULL, '2026-01-21 15:24:24.542128+00', '2026-01-21 15:39:18.828544+00', '2026-01-21 15:24:24.542128+00', 0, 0, '55b91c21-3f85-48a2-a08f-9ed7d607bc6b', 'b999238c-a8a8-4d60-acc0-65dd6ea7aa7e'),
	('e710e4ef-8626-47b0-996c-39434f51376b', 'b1814d4d-3e34-4b29-a41a-efbbaedf6107', '988c96a7-a611-4c7a-bc77-962e916bc23c', NULL, 'worker-abandon', NULL, NULL, '2026-01-21 15:39:18.828544+00', NULL, '2026-01-21 15:39:18.828544+00', 0, 0, '55b91c21-3f85-48a2-a08f-9ed7d607bc6b', 'b999238c-a8a8-4d60-acc0-65dd6ea7aa7e'),
	('0311d811-ff13-45c7-91b3-2a9c3d5f8c8e', 'e5476d90-190d-440e-8d73-575e8d508664', '988c96a7-a611-4c7a-bc77-962e916bc23c', NULL, NULL, NULL, NULL, '2026-01-21 15:39:22.238927+00', '2026-01-21 15:39:30.761575+00', '2026-01-21 15:39:22.238927+00', 0, 0, NULL, NULL),
	('baef775e-e43c-408f-a44a-4d8b295d12b6', 'e5476d90-190d-440e-8d73-575e8d508664', '988c96a7-a611-4c7a-bc77-962e916bc23c', NULL, NULL, NULL, NULL, '2026-01-21 15:39:30.761575+00', '2026-01-21 15:39:46.737654+00', '2026-01-21 15:39:30.761575+00', 0, 0, NULL, NULL),
	('af57f24e-e4e2-46b1-9f38-9bd698f88f57', 'e5476d90-190d-440e-8d73-575e8d508664', 'aba59ce0-d35a-4a2a-a95f-5e0339f4942e', NULL, NULL, NULL, NULL, '2026-01-21 15:39:46.737654+00', '2026-01-21 15:41:30.271391+00', '2026-01-21 15:39:46.737654+00', 0, 0, 'c9d6e4e6-f977-4277-8c6c-427f269f4599', '6e101f93-a744-407e-8cc6-7f062064a153'),
	('3d129fc5-246c-4568-9f32-1328c692d6fd', 'e5476d90-190d-440e-8d73-575e8d508664', 'aaaee715-fe2c-4612-ae07-2d801dbeab5b', NULL, NULL, NULL, NULL, '2026-01-21 15:41:30.271391+00', '2026-01-21 15:41:34.520628+00', '2026-01-21 15:41:30.271391+00', 0, 0, 'c9d6e4e6-f977-4277-8c6c-427f269f4599', '6e101f93-a744-407e-8cc6-7f062064a153'),
	('7254a87d-0c3d-4732-b2f0-71dd2f784dcf', 'e5476d90-190d-440e-8d73-575e8d508664', 'aba59ce0-d35a-4a2a-a95f-5e0339f4942e', NULL, NULL, NULL, NULL, '2026-01-21 15:41:55.517406+00', NULL, '2026-01-21 15:41:55.517406+00', 0, 0, '55b91c21-3f85-48a2-a08f-9ed7d607bc6b', 'b999238c-a8a8-4d60-acc0-65dd6ea7aa7e'),
	('b4297d89-e930-4339-82c2-832432c61b71', 'e5476d90-190d-440e-8d73-575e8d508664', 'aaaee715-fe2c-4612-ae07-2d801dbeab5b', NULL, NULL, NULL, NULL, '2026-01-21 15:41:34.520628+00', '2026-01-21 15:41:39.407627+00', '2026-01-21 15:41:34.520628+00', 0, 0, 'c9d6e4e6-f977-4277-8c6c-427f269f4599', '6e101f93-a744-407e-8cc6-7f062064a153'),
	('a4ca3e34-e130-4a2e-b228-00a08549edd7', 'e5476d90-190d-440e-8d73-575e8d508664', 'aaaee715-fe2c-4612-ae07-2d801dbeab5b', NULL, NULL, NULL, NULL, '2026-01-21 15:41:39.407627+00', '2026-01-21 15:41:50.633921+00', '2026-01-21 15:41:39.407627+00', 0, 0, 'e9cbc681-343a-47f2-8c81-f4e4e0e81cd6', '77a418d3-d9ce-43b1-ae3b-efd5f64680dd'),
	('1c835b31-35c0-4282-a984-55867ce8f675', 'e5476d90-190d-440e-8d73-575e8d508664', 'aaaee715-fe2c-4612-ae07-2d801dbeab5b', NULL, NULL, NULL, NULL, '2026-01-21 15:41:50.633921+00', '2026-01-21 15:41:55.517406+00', '2026-01-21 15:41:50.633921+00', 0, 0, 'e9cbc681-343a-47f2-8c81-f4e4e0e81cd6', '77a418d3-d9ce-43b1-ae3b-efd5f64680dd');


--
-- Data for Name: reports; Type: TABLE DATA; Schema: public; Owner: postgres
--

INSERT INTO "public"."reports" ("id", "type", "station_id", "session_id", "reported_by_worker_id", "status_event_id", "description", "image_url", "station_reason_id", "report_reason_id", "status", "status_changed_at", "status_changed_by", "admin_notes", "created_at", "updated_at", "job_item_id", "is_first_product_qa") VALUES
	('59acbe30-8d9e-42d0-8314-2727dc4340d7', 'malfunction', '7ee596d8-9c11-465b-b748-4606fafc0283', NULL, NULL, NULL, NULL, 'https://nuhbytocovtywdrgwgzk.supabase.co/storage/v1/object/public/malfunction-images/7ee596d8-9c11-465b-b748-4606fafc0283/1765321286269-f6ea72bd-9340-47c4-9c97-e2df56c28fdf.jpg', 'general-malfunction', NULL, 'open', '2025-12-28 21:57:39.809866+00', NULL, NULL, '2025-12-09 23:01:28.226549+00', '2025-12-28 21:57:39.597+00', NULL, false),
	('fbbce27b-efa5-4c68-92c0-bc977c3ef640', 'malfunction', '963edd40-7139-479e-b11f-4223187b76eb', NULL, NULL, NULL, 'eqfdq', 'https://nuhbytocovtywdrgwgzk.supabase.co/storage/v1/object/public/malfunction-images/963edd40-7139-479e-b11f-4223187b76eb/1765394615487-7abb1a13-6bd4-42a8-bc97-38f24f5e4392.jpeg', 'reason-1765393736636-831cb415770da', NULL, 'open', '2025-12-28 21:57:32.607312+00', NULL, NULL, '2025-12-10 19:23:36.728846+00', '2025-12-28 21:57:32.351+00', NULL, false),
	('02b2ff6d-922a-4dab-8802-097bb8df970b', 'malfunction', '7ee596d8-9c11-465b-b748-4606fafc0283', NULL, NULL, NULL, NULL, 'https://nuhbytocovtywdrgwgzk.supabase.co/storage/v1/object/public/malfunction-images/7ee596d8-9c11-465b-b748-4606fafc0283/1765408154927-90903a88-5a6f-4a95-b3ee-767cbf3050f7.jpg', 'general-malfunction', NULL, 'open', '2025-12-30 17:23:14.850184+00', NULL, NULL, '2025-12-10 23:09:17.076243+00', '2025-12-30 17:23:14.316+00', NULL, false),
	('60a565e3-ddde-4729-a579-af9c6d44e765', 'malfunction', '7ee596d8-9c11-465b-b748-4606fafc0283', NULL, '2a361bf6-e315-4f69-8beb-0d4ac503936e', NULL, 'תקלה חמורה', NULL, 'reason-1765753652785-fd5db774248788', NULL, 'open', '2025-12-28 21:57:42.426993+00', NULL, NULL, '2025-12-22 21:43:43.583861+00', '2025-12-28 21:57:42.214+00', NULL, false),
	('2ac7987d-c0a2-461a-a96a-24d2970a5809', 'malfunction', '7ee596d8-9c11-465b-b748-4606fafc0283', NULL, '2a361bf6-e315-4f69-8beb-0d4ac503936e', NULL, 'תקלה של הישמור', 'https://nuhbytocovtywdrgwgzk.supabase.co/storage/v1/object/public/malfunction-images/7ee596d8-9c11-465b-b748-4606fafc0283/1766505353304-c3e806a6-4950-4e1c-ae2b-8b467fbd980a.jpg', 'general-malfunction', NULL, 'open', '2025-12-30 17:23:13.365077+00', NULL, NULL, '2025-12-23 15:55:55.566167+00', '2025-12-30 17:23:12.83+00', NULL, false),
	('79815f4f-d454-47de-992e-804fe8e41784', 'malfunction', '7ee596d8-9c11-465b-b748-4606fafc0283', NULL, '2a361bf6-e315-4f69-8beb-0d4ac503936e', NULL, 'ביצים', 'https://nuhbytocovtywdrgwgzk.supabase.co/storage/v1/object/public/malfunction-images/7ee596d8-9c11-465b-b748-4606fafc0283/1766522982823-950cd8cf-e608-4404-b3c5-d52010dffb0d.png', 'general-malfunction', NULL, 'open', '2025-12-30 17:23:02.25821+00', NULL, NULL, '2025-12-23 20:49:44.01065+00', '2025-12-30 17:23:01.721+00', NULL, false),
	('fead0f18-a9a5-475d-bd3f-8bc43f3948de', 'scrap', '7ee596d8-9c11-465b-b748-4606fafc0283', '09d9b88d-0f9c-4730-9ce8-d1601cdd5def', '3316a0ea-5835-49ec-9adc-51ccb45cd61e', 'c2dbcd01-cb2d-4219-9795-26e2061d0e71', 'csc', 'https://yzpwxlgvfkkidjsphfzv.supabase.co/storage/v1/object/public/report-images/09d9b88d-0f9c-4730-9ce8-d1601cdd5def/1768571786457-46c0b4fc-0cec-4472-b5bc-08e4aa3a4012.png', NULL, NULL, 'new', NULL, NULL, NULL, '2026-01-16 13:56:27.875436+00', '2026-01-16 13:56:27.875436+00', NULL, false),
	('cfe75aac-f20b-4a8c-adff-ec0c59c4e687', 'scrap', '7ee596d8-9c11-465b-b748-4606fafc0283', '1d7449aa-ff68-4060-abda-e049e2306d6c', '2a361bf6-e315-4f69-8beb-0d4ac503936e', '9fa47d5e-4fa5-4b2a-a5c2-bf1badf585a1', '6516', NULL, NULL, NULL, 'new', NULL, NULL, NULL, '2026-01-17 14:32:06.507433+00', '2026-01-17 14:32:06.507433+00', NULL, false),
	('af449c41-6545-41c9-a574-56f71325c213', 'malfunction', '7ee596d8-9c11-465b-b748-4606fafc0283', '89e55c70-64a7-4917-84f3-3f095b3c1b09', '2a361bf6-e315-4f69-8beb-0d4ac503936e', 'd88dcb73-79d9-4796-bf2c-d971ff28f439', NULL, NULL, 'general-report', NULL, 'open', NULL, NULL, NULL, '2026-01-17 16:05:58.105883+00', '2026-01-17 16:05:58.105883+00', NULL, false),
	('a4406a7b-17ff-41c5-8ceb-015741afbc79', 'general', '9f4d4c29-ea68-42e8-9c29-2784feed4a30', '32207b0b-8aa4-4550-968c-29b9b7890ab4', '3316a0ea-5835-49ec-9adc-51ccb45cd61e', '9badad2b-d4aa-4683-b2a7-8cb91d55b45d', NULL, NULL, NULL, '3ef908fc-27e9-4043-ab18-3c902ca8d850', 'new', NULL, NULL, NULL, '2026-01-17 19:30:30.109952+00', '2026-01-17 19:30:30.109952+00', NULL, false),
	('a74310b7-a39e-4ab2-a8fc-c1492b7e0415', 'general', '963edd40-7139-479e-b11f-4223187b76eb', 'da2d4142-9374-493a-a656-fe5cc261a4b3', '3316a0ea-5835-49ec-9adc-51ccb45cd61e', '7f509a31-9a0a-4f32-9bc5-b31f8d52b266', NULL, NULL, NULL, 'daf1a622-1cb7-447d-a9f3-dd7e18ed4946', 'new', NULL, NULL, NULL, '2026-01-17 19:47:40.599921+00', '2026-01-17 19:47:40.599921+00', NULL, false),
	('dfb115fd-15e7-4cbe-9875-c8ffc1354885', 'general', '963edd40-7139-479e-b11f-4223187b76eb', 'da2d4142-9374-493a-a656-fe5cc261a4b3', '3316a0ea-5835-49ec-9adc-51ccb45cd61e', '301de0bd-173b-4a1f-b27e-a22b1c44604d', NULL, NULL, NULL, '3ef908fc-27e9-4043-ab18-3c902ca8d850', 'new', NULL, NULL, NULL, '2026-01-17 19:50:48.510097+00', '2026-01-17 19:50:48.510097+00', NULL, false),
	('1cd915e9-c66a-4e07-94c9-cdfa326d39c9', 'general', '7ee596d8-9c11-465b-b748-4606fafc0283', 'b1814d4d-3e34-4b29-a41a-efbbaedf6107', '2a361bf6-e315-4f69-8beb-0d4ac503936e', NULL, NULL, 'https://yzpwxlgvfkkidjsphfzv.supabase.co/storage/v1/object/public/reports/first-product-approval/1769008609983-d75bf45c-b10a-4d95-aef3-3a39bd2cf323.jpg', NULL, NULL, 'approved', '2026-01-21 15:17:28.943769+00', NULL, NULL, '2026-01-21 15:16:52.320451+00', '2026-01-21 15:17:28.66+00', '55b91c21-3f85-48a2-a08f-9ed7d607bc6b', true),
	('c2eb7187-4c16-4ddd-aadf-30210dbf8e6b', 'general', '669d8833-4729-4225-b869-e3f62d804a41', '78632f83-9384-4fb7-8794-7775f6220ad6', '2a361bf6-e315-4f69-8beb-0d4ac503936e', 'e96c0a84-3c2f-4008-b8ba-6bf3b16e64ed', NULL, NULL, NULL, '3ef908fc-27e9-4043-ab18-3c902ca8d850', 'new', NULL, NULL, NULL, '2026-01-20 13:48:38.096157+00', '2026-01-20 13:48:38.096157+00', NULL, false),
	('b86469ff-bc23-436e-975e-80e61cc49642', 'general', '669d8833-4729-4225-b869-e3f62d804a41', 'fa93a627-4fe0-4813-a5ac-d6388f65e873', '2a361bf6-e315-4f69-8beb-0d4ac503936e', NULL, NULL, NULL, NULL, NULL, 'approved', '2026-01-21 13:52:06.834797+00', NULL, NULL, '2026-01-21 13:51:30.656764+00', '2026-01-21 13:52:06.616+00', '640bbdc0-c0d9-4463-87f8-11fb789f9753', true),
	('894cd427-24f3-401f-ab79-46f5593a45bc', 'general', '669d8833-4729-4225-b869-e3f62d804a41', 'b47f1596-fc56-47d3-97c3-c8523e5dc57a', 'b6467fb9-66f8-4014-b29b-725a15096b93', NULL, NULL, NULL, NULL, NULL, 'approved', '2026-01-21 13:52:48.166974+00', NULL, NULL, '2026-01-21 11:31:43.318502+00', '2026-01-21 13:52:47.948+00', '640bbdc0-c0d9-4463-87f8-11fb789f9753', true),
	('23e60e74-9cc8-49b1-b223-94adff11062c', 'general', '7ee596d8-9c11-465b-b748-4606fafc0283', 'ff8249e2-473d-45d7-9405-9e54e4c3aac2', '2a361bf6-e315-4f69-8beb-0d4ac503936e', NULL, NULL, NULL, NULL, NULL, 'approved', '2026-01-21 14:00:40.113262+00', NULL, NULL, '2026-01-21 14:00:34.564931+00', '2026-01-21 14:00:39.864+00', 'c9d6e4e6-f977-4277-8c6c-427f269f4599', true),
	('6e0ccd63-2d5d-404d-acc4-a883655502c2', 'general', '7ee596d8-9c11-465b-b748-4606fafc0283', '7083fffd-3726-44a2-a42b-87275985d85a', '2a361bf6-e315-4f69-8beb-0d4ac503936e', NULL, NULL, NULL, NULL, NULL, 'approved', '2026-01-21 14:20:11.00023+00', NULL, NULL, '2026-01-21 14:19:14.181223+00', '2026-01-21 14:20:10.741+00', '55b91c21-3f85-48a2-a08f-9ed7d607bc6b', true),
	('216a49bb-09a5-485e-ad47-9b1e2150c662', 'general', '7ee596d8-9c11-465b-b748-4606fafc0283', NULL, '2a361bf6-e315-4f69-8beb-0d4ac503936e', NULL, NULL, NULL, NULL, 'daf1a622-1cb7-447d-a9f3-dd7e18ed4946', 'new', '2025-12-30 17:22:11.549538+00', NULL, NULL, '2025-12-30 17:07:15.347573+00', '2025-12-30 17:22:10.913+00', NULL, false),
	('da86668f-ff8f-42d9-86be-6c1e1f7d2b22', 'malfunction', '7ee596d8-9c11-465b-b748-4606fafc0283', NULL, '2a361bf6-e315-4f69-8beb-0d4ac503936e', NULL, NULL, NULL, 'general-malfunction', NULL, 'open', '2025-12-30 17:22:50.516537+00', NULL, NULL, '2025-12-30 17:07:23.612273+00', '2025-12-30 17:22:49.942+00', NULL, false),
	('f1b2a9ea-6064-48f1-9c3b-b9d3b2b988cf', 'general', '7ee596d8-9c11-465b-b748-4606fafc0283', NULL, '2a361bf6-e315-4f69-8beb-0d4ac503936e', NULL, NULL, NULL, NULL, 'daf1a622-1cb7-447d-a9f3-dd7e18ed4946', 'new', '2025-12-30 18:31:06.185793+00', NULL, NULL, '2025-12-30 18:00:26.595281+00', '2025-12-30 18:31:05.538+00', NULL, false),
	('9e5d50b3-0c59-493e-9f3d-f06f0946b9f8', 'malfunction', '7ee596d8-9c11-465b-b748-4606fafc0283', NULL, '2a361bf6-e315-4f69-8beb-0d4ac503936e', NULL, NULL, NULL, 'general-malfunction', NULL, 'open', '2025-12-30 20:07:26.662155+00', NULL, NULL, '2025-12-30 20:04:52.513492+00', '2025-12-30 20:07:26.403+00', NULL, false),
	('269f01a8-4ffb-4021-951b-b47ed55cc984', 'malfunction', '7ee596d8-9c11-465b-b748-4606fafc0283', NULL, '2a361bf6-e315-4f69-8beb-0d4ac503936e', NULL, NULL, NULL, 'general-malfunction', NULL, 'open', '2025-12-30 20:09:14.720138+00', NULL, NULL, '2025-12-30 20:08:56.675538+00', '2025-12-30 20:09:14.498+00', NULL, false),
	('00ca4bc9-b724-437c-b0e3-4fa1123c0253', 'malfunction', '7ee596d8-9c11-465b-b748-4606fafc0283', NULL, '2a361bf6-e315-4f69-8beb-0d4ac503936e', NULL, NULL, NULL, 'general-malfunction', NULL, 'open', '2025-12-30 20:13:04.266489+00', NULL, NULL, '2025-12-30 20:10:19.715019+00', '2025-12-30 20:13:03.986+00', NULL, false),
	('44719c37-523a-4025-b25d-9d8e8d0f029c', 'general', '7ee596d8-9c11-465b-b748-4606fafc0283', 'e5476d90-190d-440e-8d73-575e8d508664', '2a361bf6-e315-4f69-8beb-0d4ac503936e', NULL, NULL, NULL, NULL, NULL, 'approved', '2026-01-21 15:40:22.305406+00', NULL, NULL, '2026-01-21 15:39:52.14994+00', '2026-01-21 15:40:22.034+00', 'c9d6e4e6-f977-4277-8c6c-427f269f4599', true),
	('6af57ca3-5194-4b56-80a0-5286fd5ad236', 'malfunction', '7ee596d8-9c11-465b-b748-4606fafc0283', NULL, '2a361bf6-e315-4f69-8beb-0d4ac503936e', NULL, NULL, NULL, 'general-malfunction', NULL, 'open', '2025-12-30 20:36:18.773227+00', NULL, NULL, '2025-12-30 20:31:35.60804+00', '2025-12-30 20:36:18.519+00', NULL, false),
	('c237c06e-6711-46e2-b889-9de5ee4832e1', 'general', '7ee596d8-9c11-465b-b748-4606fafc0283', NULL, '2a361bf6-e315-4f69-8beb-0d4ac503936e', NULL, NULL, NULL, NULL, NULL, 'new', '2025-12-30 20:38:02.950561+00', NULL, NULL, '2025-12-30 20:37:56.574941+00', '2025-12-30 20:38:02.71+00', NULL, false),
	('a243e43b-da46-4a3a-9157-aaaa700f5ff5', 'scrap', '9f4d4c29-ea68-42e8-9c29-2784feed4a30', 'b5047e23-1832-4ed4-81dc-e455e53a1f76', '2a361bf6-e315-4f69-8beb-0d4ac503936e', '52f97c7a-e70c-4448-af01-a5afd780aa6e', 'בדיקה', NULL, NULL, NULL, 'new', NULL, NULL, NULL, '2026-01-17 14:07:30.946447+00', '2026-01-17 14:07:30.946447+00', NULL, false),
	('93c544d7-7561-41ff-af80-ae449cc2abcd', 'scrap', '7ee596d8-9c11-465b-b748-4606fafc0283', '89e55c70-64a7-4917-84f3-3f095b3c1b09', '2a361bf6-e315-4f69-8beb-0d4ac503936e', 'eba18149-505b-435a-8636-70c93785847d', '651', NULL, NULL, NULL, 'approved', '2026-01-17 14:55:36.608906+00', NULL, NULL, '2026-01-17 14:55:11.670107+00', '2026-01-17 14:55:36.373+00', NULL, false),
	('bc730d17-98a9-4e80-b423-80906ba5b957', 'scrap', '9f4d4c29-ea68-42e8-9c29-2784feed4a30', '32207b0b-8aa4-4550-968c-29b9b7890ab4', '3316a0ea-5835-49ec-9adc-51ccb45cd61e', '1197d477-db92-4238-8812-5c954a5c5a14', '651', 'https://yzpwxlgvfkkidjsphfzv.supabase.co/storage/v1/object/public/report-images/32207b0b-8aa4-4550-968c-29b9b7890ab4/1768675877489-b68cafdf-9098-48db-89b9-659d7f13759c.png', NULL, NULL, 'new', NULL, NULL, NULL, '2026-01-17 18:51:19.141154+00', '2026-01-17 18:51:19.141154+00', NULL, false),
	('39f24a73-cf77-42c8-9068-fbb18687d880', 'general', '9f4d4c29-ea68-42e8-9c29-2784feed4a30', '32207b0b-8aa4-4550-968c-29b9b7890ab4', '3316a0ea-5835-49ec-9adc-51ccb45cd61e', '2ed39a81-b652-49bd-a0b4-7cd07253f564', NULL, NULL, NULL, 'daf1a622-1cb7-447d-a9f3-dd7e18ed4946', 'new', NULL, NULL, NULL, '2026-01-17 19:31:10.495494+00', '2026-01-17 19:31:10.495494+00', NULL, false),
	('6c4d2941-9197-423a-84a8-21c3f52ccc43', 'scrap', '7ee596d8-9c11-465b-b748-4606fafc0283', '863eebf0-6276-4183-9b74-9b696254b83d', '3316a0ea-5835-49ec-9adc-51ccb45cd61e', '0920474e-eaf5-4886-a365-309e37d675f0', 'cshev', NULL, NULL, NULL, 'new', NULL, NULL, NULL, '2026-01-17 21:48:42.25326+00', '2026-01-17 21:48:42.25326+00', NULL, false),
	('4183c4a0-b10c-4c9c-bce3-29fe01a2e0df', 'malfunction', '7ee596d8-9c11-465b-b748-4606fafc0283', NULL, '2a361bf6-e315-4f69-8beb-0d4ac503936e', NULL, NULL, NULL, 'general-report', NULL, 'open', '2026-01-06 20:24:28.507105+00', NULL, NULL, '2026-01-06 20:23:05.847031+00', '2026-01-06 20:24:28.175+00', NULL, false),
	('552e2f9d-71c7-4bc6-bcf4-4bca7ece271a', 'malfunction', '963edd40-7139-479e-b11f-4223187b76eb', '2029b495-392d-46a4-9732-5a9832d1bf9e', '2a361bf6-e315-4f69-8beb-0d4ac503936e', '863accd2-0b53-42c7-a9eb-6f8679986198', NULL, NULL, 'general-report', NULL, 'open', NULL, NULL, NULL, '2026-01-10 18:23:00.360982+00', '2026-01-10 18:23:00.360982+00', NULL, false),
	('bd218e3e-4040-46e1-820f-4f88ee7b1c54', 'malfunction', '963edd40-7139-479e-b11f-4223187b76eb', '2029b495-392d-46a4-9732-5a9832d1bf9e', '2a361bf6-e315-4f69-8beb-0d4ac503936e', '914c678b-6588-4f1b-9cde-249105ad58a4', NULL, NULL, 'general-report', NULL, 'open', NULL, NULL, NULL, '2026-01-10 18:26:20.676463+00', '2026-01-10 18:26:20.676463+00', NULL, false),
	('f17f65f7-471b-4209-b263-6e6f7c638728', 'malfunction', '963edd40-7139-479e-b11f-4223187b76eb', '94268ca3-4049-4f87-ad10-81fdde9b28fe', '2a361bf6-e315-4f69-8beb-0d4ac503936e', 'cab2899a-5c79-4fcb-939d-b3e36d00ab6a', NULL, NULL, 'general-report', NULL, 'open', NULL, NULL, NULL, '2026-01-11 13:44:33.384653+00', '2026-01-11 13:44:33.384653+00', NULL, false),
	('580e25f1-5f3f-4656-8be6-9236bdf1a115', 'malfunction', '963edd40-7139-479e-b11f-4223187b76eb', 'b21fe6eb-fa23-4336-9984-2d682f076c6d', '2a361bf6-e315-4f69-8beb-0d4ac503936e', '4aa5857c-45b4-46a8-92f6-0a7dcfde9ea5', NULL, NULL, 'general-report', NULL, 'solved', '2026-01-11 14:56:37.889071+00', NULL, NULL, '2026-01-11 14:20:51.601833+00', '2026-01-11 14:56:37.623+00', NULL, false),
	('40b49ea2-6ec3-4fa7-9d51-75f94cfc3948', 'scrap', '7ee596d8-9c11-465b-b748-4606fafc0283', '3c26e540-5806-4d74-bddf-6130b0919dda', '3316a0ea-5835-49ec-9adc-51ccb45cd61e', '3da4ae45-fec6-4039-a40a-4b82e660ba55', 'פסול', NULL, NULL, NULL, 'new', NULL, NULL, NULL, '2026-01-18 16:50:53.065201+00', '2026-01-18 16:50:53.065201+00', NULL, false),
	('f4fa2e14-c1da-4215-805f-a0e9f31c46e6', 'scrap', '669d8833-4729-4225-b869-e3f62d804a41', '78632f83-9384-4fb7-8794-7775f6220ad6', '2a361bf6-e315-4f69-8beb-0d4ac503936e', '982ac61f-e5d9-4364-8119-25e0726b40bc', 'משהו גרוע', 'https://yzpwxlgvfkkidjsphfzv.supabase.co/storage/v1/object/public/report-images/78632f83-9384-4fb7-8794-7775f6220ad6/1768917007065-49338592-1eb1-4896-b409-706f85383565.jpeg', NULL, NULL, 'new', NULL, NULL, NULL, '2026-01-20 13:50:09.144914+00', '2026-01-20 13:50:09.144914+00', NULL, false),
	('9c4e1fe5-c374-43e3-9b9d-04351e7da8f7', 'general', '669d8833-4729-4225-b869-e3f62d804a41', '2a62797a-d116-489a-b7de-9ed7fbd7076c', 'b6467fb9-66f8-4014-b29b-725a15096b93', NULL, NULL, NULL, NULL, NULL, 'approved', '2026-01-21 11:56:27.688509+00', NULL, NULL, '2026-01-21 11:54:04.557244+00', '2026-01-21 11:56:27.443+00', '640bbdc0-c0d9-4463-87f8-11fb789f9753', true),
	('29b1b742-fc8b-4c9f-b2c2-30d0f811c21e', 'general', '29a660f6-1094-4603-afdf-19fbae335c16', '26fcfc1d-5d3b-4811-920a-1b823e1f5478', '2a361bf6-e315-4f69-8beb-0d4ac503936e', NULL, NULL, NULL, NULL, NULL, 'approved', '2026-01-21 13:56:34.123309+00', NULL, NULL, '2026-01-21 13:55:32.000124+00', '2026-01-21 13:56:33.623+00', '327cc3cd-e43a-45a7-bfb0-39f811a7468e', true),
	('115e1c8f-2c60-4acd-a26b-9bf5e9f5e893', 'general', '7ee596d8-9c11-465b-b748-4606fafc0283', 'b1814d4d-3e34-4b29-a41a-efbbaedf6107', '2a361bf6-e315-4f69-8beb-0d4ac503936e', '76be57f8-4cf0-46b9-8446-f78963d24e31', NULL, NULL, NULL, '3ef908fc-27e9-4043-ab18-3c902ca8d850', 'new', NULL, NULL, NULL, '2026-01-21 15:24:24.74511+00', '2026-01-21 15:24:24.74511+00', NULL, false),
	('7a0c510b-4363-4bae-8e51-d4d4710da841', 'general', '7ee596d8-9c11-465b-b748-4606fafc0283', '7083fffd-3726-44a2-a42b-87275985d85a', '2a361bf6-e315-4f69-8beb-0d4ac503936e', NULL, NULL, NULL, NULL, NULL, 'approved', '2026-01-21 15:40:14.456758+00', NULL, NULL, '2026-01-21 14:09:26.794202+00', '2026-01-21 15:40:14.15+00', 'c9d6e4e6-f977-4277-8c6c-427f269f4599', true),
	('d3b817d3-a1cc-486c-8fec-e49871223d41', 'general', '7ee596d8-9c11-465b-b748-4606fafc0283', 'b1814d4d-3e34-4b29-a41a-efbbaedf6107', '2a361bf6-e315-4f69-8beb-0d4ac503936e', NULL, NULL, NULL, NULL, NULL, 'approved', '2026-01-21 15:40:16.780608+00', NULL, NULL, '2026-01-21 15:16:18.720545+00', '2026-01-21 15:40:16.514+00', 'c9d6e4e6-f977-4277-8c6c-427f269f4599', true),
	('c3984456-ed20-4725-95d4-798ef53177a3', 'general', '7ee596d8-9c11-465b-b748-4606fafc0283', 'e5476d90-190d-440e-8d73-575e8d508664', '2a361bf6-e315-4f69-8beb-0d4ac503936e', NULL, NULL, NULL, NULL, NULL, 'approved', '2026-01-21 15:47:11.558677+00', NULL, NULL, '2026-01-21 15:41:59.705348+00', '2026-01-21 15:47:11.278+00', '55b91c21-3f85-48a2-a08f-9ed7d607bc6b', true),
	('47a84d78-c583-4148-8a10-3733c82c505b', 'general', '7ee596d8-9c11-465b-b748-4606fafc0283', NULL, '2a361bf6-e315-4f69-8beb-0d4ac503936e', NULL, NULL, NULL, NULL, 'daf1a622-1cb7-447d-a9f3-dd7e18ed4946', 'approved', '2026-01-13 15:40:34.884389+00', NULL, NULL, '2026-01-06 20:24:38.526517+00', '2026-01-13 15:40:34.323+00', NULL, false),
	('90533524-49f6-4b1a-8376-e5f9d9052292', 'scrap', '9f4d4c29-ea68-42e8-9c29-2784feed4a30', '338fb66d-eaf6-4398-8e31-1da41112085b', '3316a0ea-5835-49ec-9adc-51ccb45cd61e', '7a90c1e0-0765-481c-928b-8f0aeba47538', 'קרוע', NULL, NULL, NULL, 'new', NULL, NULL, NULL, '2026-01-15 19:49:22.843916+00', '2026-01-15 19:49:22.843916+00', NULL, false),
	('5440b682-e4cc-4222-9a52-0462494249c2', 'scrap', '7ee596d8-9c11-465b-b748-4606fafc0283', '6f96cb9d-cff7-4f75-b6f2-851a14f6486c', '2a361bf6-e315-4f69-8beb-0d4ac503936e', 'c4cb6f9e-bdf0-49ee-ac27-e47284b4ee23', 'חרא', 'https://yzpwxlgvfkkidjsphfzv.supabase.co/storage/v1/object/public/report-images/6f96cb9d-cff7-4f75-b6f2-851a14f6486c/1768508494892-17b2343a-cb25-48ca-900d-49c27ac2a5a8.png', NULL, NULL, 'new', NULL, NULL, NULL, '2026-01-15 20:21:36.320803+00', '2026-01-15 20:21:36.320803+00', NULL, false);


--
-- Data for Name: wip_balances; Type: TABLE DATA; Schema: public; Owner: postgres
--

INSERT INTO "public"."wip_balances" ("id", "job_item_id", "job_item_step_id", "good_available", "updated_at") VALUES
	('21dde63b-4044-423d-b578-93aa6e047790', '7104d141-7a58-4b2c-b6b5-97ffbd67acd6', '40be20f4-57f9-40b5-99a3-a51d6b5677c4', 0, '2026-01-18 20:08:34.251698+00'),
	('2b9ac5a8-b8a4-43a0-a559-3864ff2898c5', 'e9cbc681-343a-47f2-8c81-f4e4e0e81cd6', '77a418d3-d9ce-43b1-ae3b-efd5f64680dd', 0, '2026-01-18 20:14:45.374066+00'),
	('8e81ebab-a7c2-4232-b7ad-3aab80750548', '50b60a3a-58b2-4d43-b452-88ef543814d9', 'c1d83f45-da01-4cad-bab2-ad4d26f8f744', 0, '2026-01-19 21:46:55.839943+00'),
	('480f4006-4d5f-40af-b2c4-17f025c2eb8d', '50b60a3a-58b2-4d43-b452-88ef543814d9', 'b4bb90ff-ae8a-48c5-bc07-f36a98db7c03', 0, '2026-01-19 21:46:55.839943+00'),
	('4da656f8-84e2-49eb-93af-169a406ba0ae', 'a76089bf-f232-4d1f-9b23-133cc8fa9153', '78e24c59-42fd-4a65-ad74-3c4ce8556f78', 5000, '2026-01-19 22:02:30.759344+00'),
	('e72b96b5-4a17-4762-8f6f-8b2d823d1947', '50b60a3a-58b2-4d43-b452-88ef543814d9', '7b20fb75-2a18-48f4-933f-c5beded56bd5', 10000, '2026-01-19 22:05:05.058981+00'),
	('a2996dc0-6131-48f6-bbe2-57a56a94584b', '640bbdc0-c0d9-4463-87f8-11fb789f9753', '4210baa6-0f30-41c2-8e85-8c9e0fae17b6', 0, '2026-01-20 13:45:04.434+00'),
	('78ac67cb-7af3-4e16-b0a8-f04b9eb971c9', 'c9d6e4e6-f977-4277-8c6c-427f269f4599', '6e101f93-a744-407e-8cc6-7f062064a153', 0, '2026-01-21 13:10:08.15505+00'),
	('1e925feb-493b-4584-a048-78b97df77048', 'c9d6e4e6-f977-4277-8c6c-427f269f4599', '818d3ea9-7f1a-47ce-b565-db7bc40dfab3', 0, '2026-01-21 13:10:08.15505+00'),
	('96fe6e2e-98bf-4753-b104-cac372c92afa', 'c9d6e4e6-f977-4277-8c6c-427f269f4599', '3fdd7ad4-3e19-4898-980c-f9453cde760b', 0, '2026-01-21 13:10:08.15505+00'),
	('eee102f2-4a85-41fc-9ca5-0f10833f6c14', 'a5e7e178-915e-4405-aa1e-320c10e2b479', 'a2bdc258-6b90-452d-8368-2f09c1b9756c', 0, '2026-01-21 13:17:26.276402+00'),
	('fe300873-8f6d-45e5-98ac-63e49c41e54b', 'a5e7e178-915e-4405-aa1e-320c10e2b479', '5ce4ed97-8bd7-4ff9-823b-2c049af40967', 0, '2026-01-21 13:17:26.276402+00'),
	('fa8b24ef-f610-43b1-ae69-3d543260adef', '327cc3cd-e43a-45a7-bfb0-39f811a7468e', '56370721-4208-46e7-9a7f-ad32aa0cc901', 0, '2026-01-21 13:53:48.904104+00'),
	('f4b2c0f7-6676-4735-be26-0cbb19cc937e', '640bbdc0-c0d9-4463-87f8-11fb789f9753', '06d32f7d-281d-437b-bebb-2cacef345bd7', 6900, '2026-01-21 13:54:05.676778+00'),
	('ad8921ad-b6cf-4ed6-8c43-23bcab4eb169', '327cc3cd-e43a-45a7-bfb0-39f811a7468e', '71d82466-d155-4e1d-b111-7338a53d95ad', 200, '2026-01-21 13:57:09.325873+00'),
	('4f76baad-decb-4d36-b973-0baf7a365002', '4ae8d4c5-de42-4a85-8159-be9f4f9517c0', '85bb9612-1ad5-45db-b6fe-457934d71c40', 0, '2026-01-21 13:57:41.99543+00'),
	('859e2c13-160c-488a-a014-e914bae88d9d', '4ae8d4c5-de42-4a85-8159-be9f4f9517c0', 'fd271d45-ed6b-4aff-9d29-f9d50dbae097', 0, '2026-01-21 13:57:41.99543+00'),
	('b39a090d-83f0-4f93-97e2-cf025cec5304', '55b91c21-3f85-48a2-a08f-9ed7d607bc6b', 'b999238c-a8a8-4d60-acc0-65dd6ea7aa7e', 0, '2026-01-21 14:01:47.241563+00'),
	('3be2bd92-4cc4-48be-9705-fed845e0ec25', '4b0e7964-b073-47b4-a292-963e17628283', 'e5fcfdb4-da46-425a-a925-8eb241b4b64d', 0, '2026-01-17 21:31:15.352201+00'),
	('4309f74d-41dd-4bec-b71e-71cae57400f5', '4b0e7964-b073-47b4-a292-963e17628283', '2296d8bf-eadf-41ad-b28b-b16fde7bbbb3', 0, '2026-01-17 21:31:15.352201+00'),
	('d64e93a8-7e8a-4985-9bd9-579562405a61', 'a5e7e178-915e-4405-aa1e-320c10e2b479', '468617c1-21c7-46f4-914a-3a63cf9b584c', 10000, '2026-01-21 14:01:54.894643+00'),
	('ec596616-8360-497b-9f17-d5f39e2c4f7f', 'a0efc25a-2c83-4af3-b5a4-f1e5ca5ed534', '00189512-7ab2-4765-ba3f-2a90ad9ce595', 0, '2026-01-15 21:55:25.618572+00'),
	('75f9b875-3cf8-496f-a38a-ce9cbfe01ff9', 'a0efc25a-2c83-4af3-b5a4-f1e5ca5ed534', '716208f4-391a-463e-9228-6b4cc3f714bb', 600, '2026-01-15 21:55:25.618572+00'),
	('f48436ae-003f-492a-9e46-a96f47fd6b18', '4b0e7964-b073-47b4-a292-963e17628283', '9b53fff0-f7ec-4832-b2e0-435a399a132d', 0, '2026-01-17 21:31:15.352201+00'),
	('9dc12b14-9c4e-4006-86a4-e979a1f6c7e0', 'cd8c9d01-a73e-4193-b5a2-0fbe57d2eebe', 'b194afbd-bbc3-4673-8187-5b9ac3e2ea35', 0, '2026-01-17 21:31:15.352201+00'),
	('51766d3a-ac7d-4ff4-9941-3ed21d927e1a', 'cd8c9d01-a73e-4193-b5a2-0fbe57d2eebe', 'aaad76a4-9c80-4443-a007-eb0b1201bcfa', 0, '2026-01-17 21:31:15.352201+00'),
	('9de8bfe4-6b4a-4b26-89a1-fb95d08811bd', 'cd8c9d01-a73e-4193-b5a2-0fbe57d2eebe', '92aac352-5b7f-49f8-b51b-d7de5cdbe49a', 0, '2026-01-17 21:31:15.352201+00'),
	('787b4c10-277f-4594-970d-4753706f6381', '84022274-459b-4db8-a631-9edc6c07eecd', '71d90bb4-cb98-4920-a741-6d435c180ae0', 0, '2026-01-17 21:31:15.352201+00'),
	('e79a9927-199f-4144-93c8-869d9df1a9a1', '84022274-459b-4db8-a631-9edc6c07eecd', '2f3e3060-719f-430d-b9c4-114dd4936b72', 0, '2026-01-17 21:31:15.352201+00'),
	('0d56ad39-b71b-464f-8bc2-4b3bd6179714', '84022274-459b-4db8-a631-9edc6c07eecd', '72a9fe11-d66e-48e0-b9a9-53aaa2f1256e', 0, '2026-01-17 21:31:15.352201+00'),
	('b5360bde-2d09-40f9-be79-5ea5d76d8354', '865dd250-9a9c-4399-8954-fbb633fcf9d3', 'aedf9857-0d98-48e3-b20f-64cc1fc35cdf', 0, '2026-01-17 21:34:07.685852+00'),
	('317f60e6-2bb2-4a9a-9b01-5bf23bfd9b83', '865dd250-9a9c-4399-8954-fbb633fcf9d3', 'e9ff3fa7-caef-4a81-b105-1bcf61ee1931', 0, '2026-01-17 21:34:07.685852+00'),
	('74dd9211-b41b-4b57-a091-c94a09bd5c22', '08baf2a3-c2c0-4425-a22b-8e2ec7db9438', '78f2a09a-ea6b-41a5-97e9-5e9b6320ba3c', 0, '2026-01-17 21:34:10.256802+00'),
	('1750a22e-e8b0-4a0f-975e-476d3866e077', '08baf2a3-c2c0-4425-a22b-8e2ec7db9438', 'c95098a2-33cb-4ebd-af48-cc0826214301', 0, '2026-01-17 21:34:10.256802+00'),
	('801a8760-acd5-4f8c-ae1a-d2912deced7d', '32fc264b-6821-4c42-b9fe-2cd572cb095e', 'f2169da7-08b1-45e6-ba5b-303e9f18ac18', 10000, '2026-01-17 21:47:32.770994+00'),
	('bd559404-d97e-417c-ae97-a71627716b79', '865dd250-9a9c-4399-8954-fbb633fcf9d3', '4e625a7c-0786-44fe-8a99-aa02244df0a9', 10000, '2026-01-17 21:47:43.226299+00'),
	('2e7f679b-5526-40e6-acf3-1153c238b03e', 'f8379c16-b5dd-49c0-be02-7e2ccc3809ec', '49cbec30-b457-4dbe-86f9-4bc3d64b5abc', 100000, '2026-01-16 13:54:47.242318+00'),
	('0158b821-0ac4-4929-9948-d894ebeb76af', 'a0efc25a-2c83-4af3-b5a4-f1e5ca5ed534', '9973f3dc-fd94-4073-8e32-1a875e8a94cc', 197, '2026-01-17 23:37:02.576798+00'),
	('94fa309c-0eba-4ef1-b1d3-698d7d71303d', '08baf2a3-c2c0-4425-a22b-8e2ec7db9438', '0521d520-358e-4f41-8748-279c09eb158d', 100000, '2026-01-17 23:55:44.289412+00'),
	('9c33c226-a122-4d9f-b427-5db1308d11f7', '7e6971a8-4783-4a37-b7e7-84bd9dff7494', 'e6a51633-1e30-4e58-a32e-e3385f978082', 1382, '2026-01-18 16:43:54.017784+00'),
	('8916d5ee-c323-4410-add6-24d561ef9029', '070a7ea5-da46-4989-8773-a4ee18a41126', '3d75df6c-ec7c-4fa5-8183-8fe3f4075fdf', 503, '2026-01-18 19:48:32.109722+00');


--
-- Data for Name: wip_consumptions; Type: TABLE DATA; Schema: public; Owner: postgres
--

INSERT INTO "public"."wip_consumptions" ("id", "job_item_id", "consuming_session_id", "from_job_item_step_id", "good_used", "created_at", "is_scrap") VALUES
	('9908e57a-e22e-47a5-ae99-b4351f93bac7', 'a0efc25a-2c83-4af3-b5a4-f1e5ca5ed534', '94268ca3-4049-4f87-ad10-81fdde9b28fe', '9973f3dc-fd94-4073-8e32-1a875e8a94cc', 5, '2026-01-11 13:43:32.720517+00', false),
	('849dd1ac-3f84-4794-b1f2-9cf8a62289f0', 'a0efc25a-2c83-4af3-b5a4-f1e5ca5ed534', 'b21fe6eb-fa23-4336-9984-2d682f076c6d', '9973f3dc-fd94-4073-8e32-1a875e8a94cc', 1, '2026-01-11 14:18:29.968827+00', false),
	('f4691795-b698-41e6-babf-6d88e6262753', 'a0efc25a-2c83-4af3-b5a4-f1e5ca5ed534', 'b21fe6eb-fa23-4336-9984-2d682f076c6d', '9973f3dc-fd94-4073-8e32-1a875e8a94cc', 2, '2026-01-11 14:18:30.588598+00', false),
	('9c578cd1-d81f-4780-86e7-7b54d41cb17c', 'a0efc25a-2c83-4af3-b5a4-f1e5ca5ed534', 'b21fe6eb-fa23-4336-9984-2d682f076c6d', '9973f3dc-fd94-4073-8e32-1a875e8a94cc', 1, '2026-01-11 14:18:33.689399+00', false),
	('aab27e87-f838-4117-ab8f-48ea54135b7b', 'a0efc25a-2c83-4af3-b5a4-f1e5ca5ed534', 'b21fe6eb-fa23-4336-9984-2d682f076c6d', '9973f3dc-fd94-4073-8e32-1a875e8a94cc', 1, '2026-01-11 14:18:33.866106+00', false),
	('999c5f94-26f3-4fa5-aea1-81ca2fbc38b7', 'a0efc25a-2c83-4af3-b5a4-f1e5ca5ed534', 'b21fe6eb-fa23-4336-9984-2d682f076c6d', '9973f3dc-fd94-4073-8e32-1a875e8a94cc', 1, '2026-01-11 14:18:34.291008+00', false),
	('8b31904c-3ce3-4712-a651-6af9754b8b6c', 'a0efc25a-2c83-4af3-b5a4-f1e5ca5ed534', 'b21fe6eb-fa23-4336-9984-2d682f076c6d', '9973f3dc-fd94-4073-8e32-1a875e8a94cc', 1, '2026-01-11 14:18:38.544391+00', false),
	('7263e69e-fea3-4d2f-93c1-da9ac343da36', 'a0efc25a-2c83-4af3-b5a4-f1e5ca5ed534', 'fe31b0d3-a43d-4073-87fc-c955c9c26fd9', '9973f3dc-fd94-4073-8e32-1a875e8a94cc', 141, '2026-01-10 16:03:59.790602+00', false),
	('0d066caa-a849-46ab-b73f-0517b28355a5', 'a0efc25a-2c83-4af3-b5a4-f1e5ca5ed534', 'fe31b0d3-a43d-4073-87fc-c955c9c26fd9', '9973f3dc-fd94-4073-8e32-1a875e8a94cc', 1, '2026-01-10 16:04:00.01993+00', false),
	('f6b158b8-dd89-486c-9af0-df2602de994f', 'a0efc25a-2c83-4af3-b5a4-f1e5ca5ed534', 'fe31b0d3-a43d-4073-87fc-c955c9c26fd9', '9973f3dc-fd94-4073-8e32-1a875e8a94cc', 1, '2026-01-10 16:07:49.806078+00', false),
	('5779a2ff-225d-4df9-bc5c-0b671d9bd36d', 'a0efc25a-2c83-4af3-b5a4-f1e5ca5ed534', 'fe31b0d3-a43d-4073-87fc-c955c9c26fd9', '9973f3dc-fd94-4073-8e32-1a875e8a94cc', 1, '2026-01-10 16:07:49.984634+00', false),
	('d643b6e8-ea8a-4153-96e9-0aab2bd5ebbe', 'a0efc25a-2c83-4af3-b5a4-f1e5ca5ed534', 'fe31b0d3-a43d-4073-87fc-c955c9c26fd9', '9973f3dc-fd94-4073-8e32-1a875e8a94cc', 1, '2026-01-10 16:07:50.206504+00', false),
	('1e537dc7-6eeb-44d5-8410-91308421bc50', 'a0efc25a-2c83-4af3-b5a4-f1e5ca5ed534', '2029b495-392d-46a4-9732-5a9832d1bf9e', '9973f3dc-fd94-4073-8e32-1a875e8a94cc', 2, '2026-01-10 18:15:23.185356+00', false),
	('8364887c-fa95-4534-8363-15080684ad11', 'a0efc25a-2c83-4af3-b5a4-f1e5ca5ed534', 'b21fe6eb-fa23-4336-9984-2d682f076c6d', '9973f3dc-fd94-4073-8e32-1a875e8a94cc', 2, '2026-01-11 15:31:54.631994+00', false),
	('76ef0ec4-37d6-49fc-8e88-9819244ebae7', 'a0efc25a-2c83-4af3-b5a4-f1e5ca5ed534', '2029b495-392d-46a4-9732-5a9832d1bf9e', '9973f3dc-fd94-4073-8e32-1a875e8a94cc', 3, '2026-01-10 18:19:02.878496+00', false),
	('d7b389a8-f88f-48c3-a834-61d79dfa67c0', 'a0efc25a-2c83-4af3-b5a4-f1e5ca5ed534', '2029b495-392d-46a4-9732-5a9832d1bf9e', '9973f3dc-fd94-4073-8e32-1a875e8a94cc', 1, '2026-01-10 18:19:07.382135+00', false),
	('08ada55c-ad61-42cd-8090-29d44b0db1fa', 'a0efc25a-2c83-4af3-b5a4-f1e5ca5ed534', 'b21fe6eb-fa23-4336-9984-2d682f076c6d', '9973f3dc-fd94-4073-8e32-1a875e8a94cc', 1, '2026-01-11 15:31:48.927435+00', false),
	('ba372402-676e-4e3b-a534-91e7d4f96273', 'a0efc25a-2c83-4af3-b5a4-f1e5ca5ed534', 'b21fe6eb-fa23-4336-9984-2d682f076c6d', '9973f3dc-fd94-4073-8e32-1a875e8a94cc', 1, '2026-01-11 15:31:49.173586+00', false),
	('350333ff-b4d8-400c-91a3-ca5e98576be5', 'a0efc25a-2c83-4af3-b5a4-f1e5ca5ed534', 'b21fe6eb-fa23-4336-9984-2d682f076c6d', '9973f3dc-fd94-4073-8e32-1a875e8a94cc', 1, '2026-01-11 15:31:49.422806+00', false),
	('c5be596b-b387-4305-8fbb-12626b54e89b', 'a0efc25a-2c83-4af3-b5a4-f1e5ca5ed534', 'b21fe6eb-fa23-4336-9984-2d682f076c6d', '9973f3dc-fd94-4073-8e32-1a875e8a94cc', 10, '2026-01-11 15:31:51.934618+00', false),
	('a1028d77-485b-4d4c-ab01-db55b1002b0d', 'a0efc25a-2c83-4af3-b5a4-f1e5ca5ed534', '2029b495-392d-46a4-9732-5a9832d1bf9e', '9973f3dc-fd94-4073-8e32-1a875e8a94cc', 1, '2026-01-10 18:19:40.383858+00', false),
	('13db2410-5d0a-4b68-a8df-c9d5053a9900', 'a0efc25a-2c83-4af3-b5a4-f1e5ca5ed534', '2029b495-392d-46a4-9732-5a9832d1bf9e', '9973f3dc-fd94-4073-8e32-1a875e8a94cc', 1, '2026-01-10 18:19:47.872606+00', false),
	('6f3f4aa1-57ba-47af-96c7-766b32e4cdad', 'a0efc25a-2c83-4af3-b5a4-f1e5ca5ed534', '2029b495-392d-46a4-9732-5a9832d1bf9e', '9973f3dc-fd94-4073-8e32-1a875e8a94cc', 1, '2026-01-10 18:19:53.702753+00', false),
	('df8efd0e-b914-43fa-bbeb-7b637bfca429', 'a0efc25a-2c83-4af3-b5a4-f1e5ca5ed534', '2029b495-392d-46a4-9732-5a9832d1bf9e', '9973f3dc-fd94-4073-8e32-1a875e8a94cc', 1, '2026-01-10 18:19:54.11179+00', false),
	('f0795003-8242-447d-860e-fc7928da8f35', '84022274-459b-4db8-a631-9edc6c07eecd', '338fb66d-eaf6-4398-8e31-1da41112085b', '2f3e3060-719f-430d-b9c4-114dd4936b72', 600, '2026-01-15 19:48:27.578285+00', false),
	('972d7430-6dcc-4244-a1ed-cd7ea79cf5fe', 'a0efc25a-2c83-4af3-b5a4-f1e5ca5ed534', 'b21fe6eb-fa23-4336-9984-2d682f076c6d', '9973f3dc-fd94-4073-8e32-1a875e8a94cc', 10, '2026-01-11 15:57:38.270821+00', true),
	('93918e20-45d8-4a30-b990-3677c3cbc7f7', 'a0efc25a-2c83-4af3-b5a4-f1e5ca5ed534', 'b21fe6eb-fa23-4336-9984-2d682f076c6d', '9973f3dc-fd94-4073-8e32-1a875e8a94cc', 10, '2026-01-11 15:57:38.284991+00', true),
	('3478a3b6-667f-48a8-a3e8-799c95ea8f89', 'a0efc25a-2c83-4af3-b5a4-f1e5ca5ed534', 'd20f1294-9c6d-45ba-96de-676384727256', '9973f3dc-fd94-4073-8e32-1a875e8a94cc', 10, '2026-01-11 16:46:03.992827+00', false),
	('d6c65a9f-6806-41b1-9c13-3a8b31746b2d', 'a0efc25a-2c83-4af3-b5a4-f1e5ca5ed534', 'd20f1294-9c6d-45ba-96de-676384727256', '9973f3dc-fd94-4073-8e32-1a875e8a94cc', 3, '2026-01-11 16:46:04.222416+00', false),
	('da48d5af-5874-4961-b090-5cb66fe8a8c6', 'a0efc25a-2c83-4af3-b5a4-f1e5ca5ed534', '177e9595-9b71-4e10-8806-c734381cf987', '00189512-7ab2-4765-ba3f-2a90ad9ce595', 10, '2026-01-11 17:22:51.333698+00', false),
	('c9fb4f67-5bfd-40c6-821b-a4aeeb52094e', 'a0efc25a-2c83-4af3-b5a4-f1e5ca5ed534', '177e9595-9b71-4e10-8806-c734381cf987', '00189512-7ab2-4765-ba3f-2a90ad9ce595', 10, '2026-01-11 17:22:51.49631+00', false),
	('bad114fc-e183-4e62-a365-db357bd6cd8d', 'a0efc25a-2c83-4af3-b5a4-f1e5ca5ed534', '177e9595-9b71-4e10-8806-c734381cf987', '00189512-7ab2-4765-ba3f-2a90ad9ce595', 10, '2026-01-11 17:22:51.679048+00', false),
	('f0421d4f-5ef8-4e8b-9f0e-af5c5421d5e4', 'a0efc25a-2c83-4af3-b5a4-f1e5ca5ed534', '177e9595-9b71-4e10-8806-c734381cf987', '00189512-7ab2-4765-ba3f-2a90ad9ce595', 10, '2026-01-11 17:22:54.314852+00', false),
	('0ed6b117-83a8-4c1a-afab-1b633b74378c', 'a0efc25a-2c83-4af3-b5a4-f1e5ca5ed534', '177e9595-9b71-4e10-8806-c734381cf987', '00189512-7ab2-4765-ba3f-2a90ad9ce595', 10, '2026-01-11 17:22:54.482042+00', false),
	('49800628-17ec-40a6-b2ec-21978e7cac48', 'a0efc25a-2c83-4af3-b5a4-f1e5ca5ed534', '177e9595-9b71-4e10-8806-c734381cf987', '00189512-7ab2-4765-ba3f-2a90ad9ce595', 10, '2026-01-11 17:22:54.667673+00', false),
	('05ea9616-f560-4429-b4c3-165d2082a904', 'a0efc25a-2c83-4af3-b5a4-f1e5ca5ed534', '177e9595-9b71-4e10-8806-c734381cf987', '00189512-7ab2-4765-ba3f-2a90ad9ce595', 10, '2026-01-11 17:29:20.482624+00', false),
	('8d086c20-a139-4aaa-a159-b931d638c0a0', 'a0efc25a-2c83-4af3-b5a4-f1e5ca5ed534', '177e9595-9b71-4e10-8806-c734381cf987', '00189512-7ab2-4765-ba3f-2a90ad9ce595', 10, '2026-01-11 17:29:20.550766+00', false),
	('ad7f4863-5b6b-4aea-9589-ae8f45e5898c', 'a0efc25a-2c83-4af3-b5a4-f1e5ca5ed534', '177e9595-9b71-4e10-8806-c734381cf987', '00189512-7ab2-4765-ba3f-2a90ad9ce595', 10, '2026-01-11 17:29:20.77131+00', false),
	('b3062058-df4a-46b5-921a-6b864a0198ce', 'a0efc25a-2c83-4af3-b5a4-f1e5ca5ed534', '177e9595-9b71-4e10-8806-c734381cf987', '00189512-7ab2-4765-ba3f-2a90ad9ce595', 10, '2026-01-11 17:29:30.330884+00', false),
	('a6d1eca4-4f3d-4362-8f13-70e9822b8367', 'a0efc25a-2c83-4af3-b5a4-f1e5ca5ed534', '177e9595-9b71-4e10-8806-c734381cf987', '00189512-7ab2-4765-ba3f-2a90ad9ce595', 10, '2026-01-11 17:29:30.650671+00', false),
	('718f3e8d-a409-4ae1-ba61-4d26768006fa', 'a0efc25a-2c83-4af3-b5a4-f1e5ca5ed534', '177e9595-9b71-4e10-8806-c734381cf987', '00189512-7ab2-4765-ba3f-2a90ad9ce595', 10, '2026-01-11 17:29:30.663946+00', false),
	('2673158c-a58d-4fce-8a57-36bec0e241e5', 'a0efc25a-2c83-4af3-b5a4-f1e5ca5ed534', 'ba1b4f39-f062-4509-94e7-e80cab9af30c', '9973f3dc-fd94-4073-8e32-1a875e8a94cc', 10, '2026-01-11 22:23:59.892365+00', false),
	('f055e839-27ca-4a8a-98b9-2bc17cd2a8cc', 'a0efc25a-2c83-4af3-b5a4-f1e5ca5ed534', 'ba1b4f39-f062-4509-94e7-e80cab9af30c', '9973f3dc-fd94-4073-8e32-1a875e8a94cc', 10, '2026-01-11 22:24:00.057838+00', false),
	('ce453a23-f735-44f7-9934-106cfbee9653', 'cd8c9d01-a73e-4193-b5a2-0fbe57d2eebe', '3fe3e04d-a047-4ecd-9aac-9e5e453bbd77', 'aaad76a4-9c80-4443-a007-eb0b1201bcfa', 3000, '2026-01-14 21:45:45.620476+00', false),
	('13168d6a-e49a-4d12-ba59-5b75aff22ac2', 'cd8c9d01-a73e-4193-b5a2-0fbe57d2eebe', '1310528f-7e07-4fd3-9532-754ee01cc25f', 'b194afbd-bbc3-4673-8187-5b9ac3e2ea35', 3500, '2026-01-14 21:47:12.970564+00', false),
	('c9784aeb-793b-48bf-a5b6-b3aaa991b871', 'cd8c9d01-a73e-4193-b5a2-0fbe57d2eebe', '3fe3e04d-a047-4ecd-9aac-9e5e453bbd77', 'aaad76a4-9c80-4443-a007-eb0b1201bcfa', 10000, '2026-01-14 21:47:49.225886+00', false),
	('0e0b5627-0216-42c0-830b-63579267658a', 'cd8c9d01-a73e-4193-b5a2-0fbe57d2eebe', '1310528f-7e07-4fd3-9532-754ee01cc25f', 'b194afbd-bbc3-4673-8187-5b9ac3e2ea35', 25000, '2026-01-14 21:48:12.818351+00', false),
	('423c909b-87b9-4607-8422-6a7e791440fe', '84022274-459b-4db8-a631-9edc6c07eecd', '338fb66d-eaf6-4398-8e31-1da41112085b', '2f3e3060-719f-430d-b9c4-114dd4936b72', 300, '2026-01-15 19:49:20.176744+00', true),
	('576cc49e-153c-457c-b183-88b42ae738eb', '84022274-459b-4db8-a631-9edc6c07eecd', '6fec17a4-fb0e-44ad-a6c4-af318f6b3771', '2f3e3060-719f-430d-b9c4-114dd4936b72', 100, '2026-01-15 20:43:29.19527+00', false),
	('d83e2ef0-5bf9-44d1-beef-be32e436905a', '84022274-459b-4db8-a631-9edc6c07eecd', 'fbe697f6-06f0-47d9-8f7d-4d767069ceb3', '2f3e3060-719f-430d-b9c4-114dd4936b72', 6500, '2026-01-15 21:49:56.319763+00', false),
	('759b7e58-0070-4740-bbcf-156affd19703', '84022274-459b-4db8-a631-9edc6c07eecd', 'fbe697f6-06f0-47d9-8f7d-4d767069ceb3', '2f3e3060-719f-430d-b9c4-114dd4936b72', 10000, '2026-01-15 21:52:06.885109+00', false),
	('5bbd2b71-e021-4145-a4b4-21dbf273bdf2', 'a0efc25a-2c83-4af3-b5a4-f1e5ca5ed534', 'fbe697f6-06f0-47d9-8f7d-4d767069ceb3', '00189512-7ab2-4765-ba3f-2a90ad9ce595', 100, '2026-01-15 21:54:44.017137+00', false),
	('32699cb3-9546-4437-a699-f0c0056e2cf7', 'a0efc25a-2c83-4af3-b5a4-f1e5ca5ed534', 'fbe697f6-06f0-47d9-8f7d-4d767069ceb3', '00189512-7ab2-4765-ba3f-2a90ad9ce595', 91, '2026-01-15 21:55:25.618572+00', false),
	('12a0dfeb-e960-4624-9c07-754fad146c28', '84022274-459b-4db8-a631-9edc6c07eecd', '09d9b88d-0f9c-4730-9ce8-d1601cdd5def', '71d90bb4-cb98-4920-a741-6d435c180ae0', 1000, '2026-01-16 12:16:51.718409+00', false),
	('6e121d95-24a0-4f45-b8a3-8bd84af50b34', '84022274-459b-4db8-a631-9edc6c07eecd', '09d9b88d-0f9c-4730-9ce8-d1601cdd5def', '71d90bb4-cb98-4920-a741-6d435c180ae0', 30000, '2026-01-16 13:04:12.558194+00', false),
	('339bbc5f-2b93-4d1e-8550-1c788d528fc7', '84022274-459b-4db8-a631-9edc6c07eecd', '09d9b88d-0f9c-4730-9ce8-d1601cdd5def', '71d90bb4-cb98-4920-a741-6d435c180ae0', 149, '2026-01-16 13:56:23.756462+00', true),
	('a94318ee-5ccb-454b-86fa-0344f77195b3', '84022274-459b-4db8-a631-9edc6c07eecd', 'b5047e23-1832-4ed4-81dc-e455e53a1f76', '2f3e3060-719f-430d-b9c4-114dd4936b72', 59300, '2026-01-17 13:54:39.097153+00', false),
	('d04ad75c-1cd5-4f42-9f3e-bc085d5b1798', '4b0e7964-b073-47b4-a292-963e17628283', '32207b0b-8aa4-4550-968c-29b9b7890ab4', '9b53fff0-f7ec-4832-b2e0-435a399a132d', 100, '2026-01-17 18:35:18.746502+00', false);


--
-- Data for Name: worker_stations; Type: TABLE DATA; Schema: public; Owner: postgres
--

INSERT INTO "public"."worker_stations" ("id", "worker_id", "station_id", "created_at") VALUES
	('01870a81-4f7a-41b3-af1a-e1b309905c72', 'b38f35d5-c329-4ee8-9954-52677a554b77', '54acd631-f017-4972-a461-6562cccfb9e5', '2026-01-08 20:09:53.03162+00'),
	('0690a06d-2d4a-499f-908d-45d8aa8c9868', '56e628e2-d746-4c4c-9e1b-2e7871c43d3a', '69c6e4dc-6503-4b64-be23-ac3df2c04744', '2026-01-08 20:09:53.03162+00'),
	('07965efc-c2a3-4858-84ea-86f2df6c990c', '6f3cb9c7-f004-4b84-ae08-bfd09f82190f', 'd11c7137-5245-46f1-aa3e-49bbb6e7e585', '2026-01-08 20:09:53.03162+00'),
	('07f692f6-5e1b-49b0-8d85-ad9117d96f97', '9e6b7c92-c70b-4acb-95b9-b5e52d8f1471', '7ee596d8-9c11-465b-b748-4606fafc0283', '2026-01-08 20:09:53.03162+00'),
	('0826f989-453c-4c28-8b0b-0453444171ed', '0eaffc33-63ee-41d3-91ba-fa5814bc53a3', '12c4100a-b45c-470c-9903-0691b6ab5716', '2026-01-08 20:09:53.03162+00'),
	('0854bb9d-1932-4585-9eb8-da3773e05739', '6245d273-27ed-494b-a394-062f0c2e058c', '03b447d5-3698-45e3-b850-64379a87de0b', '2026-01-08 20:09:53.03162+00'),
	('0914a355-930c-41d8-bb4b-7ff47d20f9dc', 'f6b776cb-bc77-4348-9ec5-2e73c1f929e3', 'a21cd9a4-0986-4e48-9626-2fb4082c258e', '2026-01-08 20:09:53.03162+00'),
	('0ed872aa-d1a1-4939-8cbf-4b0149b3a214', '1453e969-c81a-451e-b558-4e6d33482618', '027bc72c-0fed-46bb-921b-694f458d345b', '2026-01-08 20:09:53.03162+00'),
	('12c33003-00b0-45df-b7bc-bd537ec59382', '1eb1b2a9-58f8-46f3-9709-fb61e897cf8e', '29a660f6-1094-4603-afdf-19fbae335c16', '2026-01-08 20:09:53.03162+00'),
	('12f50dde-761a-43b2-b91d-910de64374d3', 'ce3d5f07-58e2-44f4-a6ab-2971f0f02df4', '1255449f-008c-4d6d-aa75-b2a454992f0b', '2026-01-08 20:09:53.03162+00'),
	('14379966-6450-4d4b-a136-16ce1f5f5ed3', '1453e969-c81a-451e-b558-4e6d33482618', '12c4100a-b45c-470c-9903-0691b6ab5716', '2026-01-08 20:09:53.03162+00'),
	('15853ae4-3547-40a1-bfdb-2b161f2a17e7', '2a361bf6-e315-4f69-8beb-0d4ac503936e', '963edd40-7139-479e-b11f-4223187b76eb', '2026-01-08 20:09:53.03162+00'),
	('1763f8af-9595-4327-8708-4ae9628dad67', '1453e969-c81a-451e-b558-4e6d33482618', 'cfe024e0-eaaf-4cab-a492-1fec144fa226', '2026-01-08 20:09:53.03162+00'),
	('1912c554-44ed-4051-9852-c63ce7388a7f', 'd07b3b47-01a1-4f13-b241-301bdfcf67e4', 'd11c7137-5245-46f1-aa3e-49bbb6e7e585', '2026-01-08 20:09:53.03162+00'),
	('1aa79ee1-b9da-4173-9ac9-70a69fef53bc', '87c6b8e9-7a65-42ed-8f70-06b7a4813f48', '29a660f6-1094-4603-afdf-19fbae335c16', '2026-01-08 20:09:53.03162+00'),
	('1e4270d5-c558-4a20-b04d-ca3b7a54154f', 'd07b3b47-01a1-4f13-b241-301bdfcf67e4', '92e92710-dd6b-4870-9738-50fda2f76b26', '2026-01-08 20:09:53.03162+00'),
	('1ef67849-77ea-4b12-8e13-640909b59e33', '6f3cb9c7-f004-4b84-ae08-bfd09f82190f', '92e92710-dd6b-4870-9738-50fda2f76b26', '2026-01-08 20:09:53.03162+00'),
	('1fadc778-f2c5-40a6-baef-192e8f5dda83', 'ce3d5f07-58e2-44f4-a6ab-2971f0f02df4', '54acd631-f017-4972-a461-6562cccfb9e5', '2026-01-08 20:09:53.03162+00'),
	('211de194-c0fe-40b4-ac27-f579402cc1e5', 'f2848e51-0230-4a4c-887f-84868c227ded', 'a81d6630-0c0a-480f-bed9-30dc1009a67e', '2026-01-08 20:09:53.03162+00'),
	('26155fbb-5aae-4d18-b7bf-3fdcedebc90a', 'b2b3999c-6f3e-4576-a900-e53077c6b866', 'cfe024e0-eaaf-4cab-a492-1fec144fa226', '2026-01-08 20:09:53.03162+00'),
	('27a5f40c-b1c0-47dd-b901-400850faa2b5', '56361241-7ae5-4048-9013-e24c7454ade3', 'a21cd9a4-0986-4e48-9626-2fb4082c258e', '2026-01-08 20:09:53.03162+00'),
	('281cf5fc-39ac-467c-91fe-a5e8fb9b10c8', 'b38f35d5-c329-4ee8-9954-52677a554b77', '9f4d4c29-ea68-42e8-9c29-2784feed4a30', '2026-01-08 20:09:53.03162+00'),
	('286fdd70-1e9a-4055-b2d0-77283af5baeb', 'cf1a47cc-1e25-43d7-b4f1-d1a591d7a374', '69c6e4dc-6503-4b64-be23-ac3df2c04744', '2026-01-08 20:09:53.03162+00'),
	('2b6986f6-7da5-48b6-b868-35be01d135ab', '6f3cb9c7-f004-4b84-ae08-bfd09f82190f', '60afb855-ed79-40bc-9103-baf4a1752536', '2026-01-08 20:09:53.03162+00'),
	('2c65cd2f-2b48-4248-9ce5-385baaabb396', '5e03af91-299a-4837-bf78-dc29bf068dd7', 'cdc81757-e03e-450f-b170-f29ef7d546a9', '2026-01-08 20:09:53.03162+00'),
	('31fd04af-1913-4297-8f17-2fe56bf6c587', '56e628e2-d746-4c4c-9e1b-2e7871c43d3a', '5a29824a-e99c-4cfa-b17f-8ce97ee3c57c', '2026-01-08 20:09:53.03162+00'),
	('323d1176-7eb8-407a-b7d6-6bb31feb6c06', 'e5803098-fbd9-472f-94b6-11ad52ed43cb', 'd11c7137-5245-46f1-aa3e-49bbb6e7e585', '2026-01-08 20:09:53.03162+00'),
	('37c71254-b03c-4516-8760-9738e3c6ce79', 'd07b3b47-01a1-4f13-b241-301bdfcf67e4', '60afb855-ed79-40bc-9103-baf4a1752536', '2026-01-08 20:09:53.03162+00'),
	('3ae179b8-324a-4c63-8369-a0468c4165df', '1eb1b2a9-58f8-46f3-9709-fb61e897cf8e', 'a81d6630-0c0a-480f-bed9-30dc1009a67e', '2026-01-08 20:09:53.03162+00'),
	('3afd7b68-bff0-4383-9318-1325d7257b4a', '6f3cb9c7-f004-4b84-ae08-bfd09f82190f', '9f4d4c29-ea68-42e8-9c29-2784feed4a30', '2026-01-08 20:09:53.03162+00'),
	('3f45d2c3-35e2-4941-be6f-5d4b7730c478', 'c3bf526f-37d2-4acd-a94d-8f3a17b5bda0', '29a660f6-1094-4603-afdf-19fbae335c16', '2026-01-08 20:09:53.03162+00'),
	('3f871568-30c2-45d5-b9f2-2fd383bd7eba', 'b7639835-9d18-44d4-8c67-4050ff326146', '34c8dc22-aecd-46c2-8fde-a810909f5e6d', '2026-01-08 20:09:53.03162+00'),
	('3f87169e-b6f1-4e4e-a3d4-6d071a4aaa31', 'b2b3999c-6f3e-4576-a900-e53077c6b866', '12c4100a-b45c-470c-9903-0691b6ab5716', '2026-01-08 20:09:53.03162+00'),
	('3fb32c95-3eab-4360-a88c-ae4f0edbc6cb', '467a1ba5-e9db-4a7c-9c36-da46464aa961', '027bc72c-0fed-46bb-921b-694f458d345b', '2026-01-08 20:09:53.03162+00'),
	('41b5116c-9013-4145-9fb7-7a68d4d2a0e7', '9e6b7c92-c70b-4acb-95b9-b5e52d8f1471', '29a660f6-1094-4603-afdf-19fbae335c16', '2026-01-08 20:09:53.03162+00'),
	('446ead42-2e68-4ce6-94b2-81d8dce7c2f8', '56361241-7ae5-4048-9013-e24c7454ade3', 'a81d6630-0c0a-480f-bed9-30dc1009a67e', '2026-01-08 20:09:53.03162+00'),
	('460f70f8-be20-4d9b-a1ef-7ebca2a6575e', '467a1ba5-e9db-4a7c-9c36-da46464aa961', '7a2444c9-5799-4d85-9b9d-0aa5f740e903', '2026-01-08 20:09:53.03162+00'),
	('48319d9d-bbc3-466d-8025-37648173ffe0', '1453e969-c81a-451e-b558-4e6d33482618', '669d8833-4729-4225-b869-e3f62d804a41', '2026-01-08 20:09:53.03162+00'),
	('4bdd75a8-8b46-4d74-abe3-6113fc5bb2d7', '6f3cb9c7-f004-4b84-ae08-bfd09f82190f', '1255449f-008c-4d6d-aa75-b2a454992f0b', '2026-01-08 20:09:53.03162+00'),
	('4feedfac-a384-479b-9ba1-20e2658e94c6', 'b7639835-9d18-44d4-8c67-4050ff326146', '7249b54d-5789-43aa-96dd-4850452ac7c3', '2026-01-08 20:09:53.03162+00'),
	('51cfaa69-847f-4ca4-acfe-09a0e7cde7a7', 'b38f35d5-c329-4ee8-9954-52677a554b77', '5282352b-07ee-42e9-8ba6-44417b86fc5c', '2026-01-08 20:09:53.03162+00'),
	('523ff8f9-0738-4e8e-b7e6-09a16bce4dfd', 'ce53431f-a6a3-4b94-9f6f-5c48302d5f26', '29a660f6-1094-4603-afdf-19fbae335c16', '2026-01-08 20:09:53.03162+00'),
	('591919b1-b705-4338-a243-b96acb264ef1', 'b38f35d5-c329-4ee8-9954-52677a554b77', '92e92710-dd6b-4870-9738-50fda2f76b26', '2026-01-08 20:09:53.03162+00'),
	('5a682d9b-7e49-41e2-98e1-c7d456d64fd5', 'c3bf526f-37d2-4acd-a94d-8f3a17b5bda0', 'a21cd9a4-0986-4e48-9626-2fb4082c258e', '2026-01-08 20:09:53.03162+00'),
	('5ad6acb6-db37-4adf-a11f-fe1d1074b3d8', 'd07b3b47-01a1-4f13-b241-301bdfcf67e4', '963edd40-7139-479e-b11f-4223187b76eb', '2026-01-08 20:09:53.03162+00'),
	('5dcfcc76-60cc-440b-81cf-e23cf6a4ec7a', 'e5803098-fbd9-472f-94b6-11ad52ed43cb', '03b447d5-3698-45e3-b850-64379a87de0b', '2026-01-08 20:09:53.03162+00'),
	('60bda94a-b506-496b-a566-c0aa24c132ac', '467a1ba5-e9db-4a7c-9c36-da46464aa961', 'cfe024e0-eaaf-4cab-a492-1fec144fa226', '2026-01-08 20:09:53.03162+00'),
	('62accc00-96e8-4a33-abb1-da7048733845', 'd07b3b47-01a1-4f13-b241-301bdfcf67e4', '5282352b-07ee-42e9-8ba6-44417b86fc5c', '2026-01-08 20:09:53.03162+00'),
	('67ade486-4293-4108-963a-58cfae858d65', 'f2848e51-0230-4a4c-887f-84868c227ded', '29a660f6-1094-4603-afdf-19fbae335c16', '2026-01-08 20:09:53.03162+00'),
	('6885e2fd-280b-4289-8094-53dcb3f8d40b', 'ce53431f-a6a3-4b94-9f6f-5c48302d5f26', 'a81d6630-0c0a-480f-bed9-30dc1009a67e', '2026-01-08 20:09:53.03162+00'),
	('68e22517-f5ca-4e40-9a74-d824d1be7a1b', '1453e969-c81a-451e-b558-4e6d33482618', '69c6e4dc-6503-4b64-be23-ac3df2c04744', '2026-01-08 20:09:53.03162+00'),
	('6992b6bd-588b-4165-b1f2-7cb860e20c0b', '6a435d45-55e3-46ec-878e-7a86f362df38', '5a29824a-e99c-4cfa-b17f-8ce97ee3c57c', '2026-01-08 20:09:53.03162+00'),
	('6a2ef7e4-8cd2-4f2a-9f58-29541fefa6d6', '4b2cd7ea-09ed-4469-83a7-85097053b670', '7a2444c9-5799-4d85-9b9d-0aa5f740e903', '2026-01-08 20:09:53.03162+00'),
	('6a3d8dae-83c5-4f32-8ea2-059814e236e7', '379f1133-283a-4c7c-abac-aad53be31964', 'a81d6630-0c0a-480f-bed9-30dc1009a67e', '2026-01-08 20:09:53.03162+00'),
	('6df77464-cb73-49a4-a898-38a451608f3d', 'f6b776cb-bc77-4348-9ec5-2e73c1f929e3', 'a81d6630-0c0a-480f-bed9-30dc1009a67e', '2026-01-08 20:09:53.03162+00'),
	('701dbefc-3d44-4b7a-a4ac-c1e14c6f2e80', '467a1ba5-e9db-4a7c-9c36-da46464aa961', 'cdc81757-e03e-450f-b170-f29ef7d546a9', '2026-01-08 20:09:53.03162+00'),
	('718574eb-1bd7-4cda-914d-10efdb0eafa1', 'e5803098-fbd9-472f-94b6-11ad52ed43cb', '92e92710-dd6b-4870-9738-50fda2f76b26', '2026-01-08 20:09:53.03162+00'),
	('71ece812-da25-4854-a34f-5d1887c7cdef', '2a361bf6-e315-4f69-8beb-0d4ac503936e', '7ee596d8-9c11-465b-b748-4606fafc0283', '2026-01-08 20:09:53.03162+00'),
	('71f05fc9-cd32-4fa3-982e-b33a6dc31ea5', '9e6b7c92-c70b-4acb-95b9-b5e52d8f1471', 'a81d6630-0c0a-480f-bed9-30dc1009a67e', '2026-01-08 20:09:53.03162+00'),
	('729f44a4-86e7-475d-b0de-08d008fe5acc', 'f6b776cb-bc77-4348-9ec5-2e73c1f929e3', '29a660f6-1094-4603-afdf-19fbae335c16', '2026-01-08 20:09:53.03162+00'),
	('732d44e8-7afe-493d-b38c-75d10c905c8e', '22d14b46-089a-4dd4-b083-bcd6a35891f7', '669d8833-4729-4225-b869-e3f62d804a41', '2026-01-08 20:09:53.03162+00'),
	('73d0e9b7-45c7-4a2b-90e7-5588c59bc7b4', '6f3cb9c7-f004-4b84-ae08-bfd09f82190f', '963edd40-7139-479e-b11f-4223187b76eb', '2026-01-08 20:09:53.03162+00'),
	('7718205d-8d4b-4da3-9674-110b4b538e44', '6f3cb9c7-f004-4b84-ae08-bfd09f82190f', 'a56abb83-f3e8-47a1-bc87-ae14667fb00f', '2026-01-08 20:09:53.03162+00'),
	('78d9967b-b268-442b-bdd0-5d4223b0a094', '1eb1b2a9-58f8-46f3-9709-fb61e897cf8e', 'a21cd9a4-0986-4e48-9626-2fb4082c258e', '2026-01-08 20:09:53.03162+00'),
	('7fdafb3a-4a19-4fa5-ad79-be02ebd9aa4d', '4b2cd7ea-09ed-4469-83a7-85097053b670', '963edd40-7139-479e-b11f-4223187b76eb', '2026-01-08 20:09:53.03162+00'),
	('86812f37-9ebc-41f6-b943-71e287badd06', 'b38f35d5-c329-4ee8-9954-52677a554b77', '669d8833-4729-4225-b869-e3f62d804a41', '2026-01-08 20:09:53.03162+00'),
	('86c1d82c-a21e-427f-860a-1881a0d3970b', 'd07b3b47-01a1-4f13-b241-301bdfcf67e4', '54acd631-f017-4972-a461-6562cccfb9e5', '2026-01-08 20:11:53.529092+00'),
	('86eb6a20-caaf-4f4e-a1f2-971c19c4330e', 'c3bf526f-37d2-4acd-a94d-8f3a17b5bda0', 'a81d6630-0c0a-480f-bed9-30dc1009a67e', '2026-01-08 20:11:53.529092+00'),
	('8bfb91a4-6a52-4635-93bd-786828e62e8e', 'd07b3b47-01a1-4f13-b241-301bdfcf67e4', '34c8dc22-aecd-46c2-8fde-a810909f5e6d', '2026-01-08 20:11:53.529092+00'),
	('8cb94c0b-b41c-4498-8543-ad44c46ad95f', 'b7639835-9d18-44d4-8c67-4050ff326146', '60afb855-ed79-40bc-9103-baf4a1752536', '2026-01-08 20:11:53.529092+00'),
	('8d245739-149d-4137-8614-d9ebdc818402', 'ce3d5f07-58e2-44f4-a6ab-2971f0f02df4', 'd11c7137-5245-46f1-aa3e-49bbb6e7e585', '2026-01-08 20:11:53.529092+00'),
	('93f81e78-79f6-46a8-a4b6-3d0f055a8c76', 'b38f35d5-c329-4ee8-9954-52677a554b77', 'd11c7137-5245-46f1-aa3e-49bbb6e7e585', '2026-01-08 20:11:53.529092+00'),
	('9465ab0d-4689-47f5-901f-11ba86cc09f7', '1453e969-c81a-451e-b558-4e6d33482618', 'cdc81757-e03e-450f-b170-f29ef7d546a9', '2026-01-08 20:11:53.529092+00'),
	('947c0b0e-d2b7-4956-9ab2-2fc41baf2229', 'b7639835-9d18-44d4-8c67-4050ff326146', '69c6e4dc-6503-4b64-be23-ac3df2c04744', '2026-01-08 20:11:53.529092+00'),
	('976d896b-7823-40e3-860b-27a704d790a2', 'ce3d5f07-58e2-44f4-a6ab-2971f0f02df4', '5282352b-07ee-42e9-8ba6-44417b86fc5c', '2026-01-08 20:11:53.529092+00'),
	('99dfa143-0291-44b0-ac76-6aab92aa5664', '467a1ba5-e9db-4a7c-9c36-da46464aa961', '9f4d4c29-ea68-42e8-9c29-2784feed4a30', '2026-01-08 20:11:53.529092+00'),
	('9a201372-bc8f-4099-a138-89d27e358250', 'b7639835-9d18-44d4-8c67-4050ff326146', '5a29824a-e99c-4cfa-b17f-8ce97ee3c57c', '2026-01-08 20:11:53.529092+00'),
	('9ac6f41d-30b9-4c7b-b6d9-80d81d911494', '6f3cb9c7-f004-4b84-ae08-bfd09f82190f', '54acd631-f017-4972-a461-6562cccfb9e5', '2026-01-08 20:11:53.529092+00'),
	('9bcdcb94-9c6c-4b13-9db8-9f33e3742d0f', '6a435d45-55e3-46ec-878e-7a86f362df38', '69c6e4dc-6503-4b64-be23-ac3df2c04744', '2026-01-08 20:11:53.529092+00'),
	('9cdf4af9-1a11-4b75-a068-376790f5eb5e', 'ce3d5f07-58e2-44f4-a6ab-2971f0f02df4', '69c6e4dc-6503-4b64-be23-ac3df2c04744', '2026-01-08 20:11:53.529092+00'),
	('9e02ad31-3345-43f1-a9a8-a1cfe2e6e0d9', '0eaffc33-63ee-41d3-91ba-fa5814bc53a3', 'cfe024e0-eaaf-4cab-a492-1fec144fa226', '2026-01-08 20:11:53.529092+00'),
	('9e50fa7a-2117-42aa-8381-63be38624262', 'ce3d5f07-58e2-44f4-a6ab-2971f0f02df4', 'a56abb83-f3e8-47a1-bc87-ae14667fb00f', '2026-01-08 20:11:53.529092+00'),
	('9f1e1414-89bd-42de-b3fe-880c5eb44f40', 'b7639835-9d18-44d4-8c67-4050ff326146', '9f4d4c29-ea68-42e8-9c29-2784feed4a30', '2026-01-08 20:11:53.529092+00'),
	('a0268435-0f21-41d5-b4a0-399f2d6ac168', '22d14b46-089a-4dd4-b083-bcd6a35891f7', 'b5e16f44-9d4d-48e4-92a7-242e04f3a8e1', '2026-01-08 20:11:53.529092+00'),
	('a0c7645a-50d6-4466-b2dc-225e2605edc2', 'e5803098-fbd9-472f-94b6-11ad52ed43cb', '54acd631-f017-4972-a461-6562cccfb9e5', '2026-01-08 20:11:53.529092+00'),
	('a20aea5d-ffd2-4234-81c1-824ac352fbca', 'b38f35d5-c329-4ee8-9954-52677a554b77', '963edd40-7139-479e-b11f-4223187b76eb', '2026-01-08 20:11:53.529092+00'),
	('a42bec0b-c841-44ef-b1f9-37ddaa6af4ae', '56a21c10-9248-44a7-a542-20949697c84f', 'b5e16f44-9d4d-48e4-92a7-242e04f3a8e1', '2026-01-08 20:11:53.529092+00'),
	('a459b54f-6654-4c11-9138-b73bd7e4324f', '5e03af91-299a-4837-bf78-dc29bf068dd7', '12c4100a-b45c-470c-9903-0691b6ab5716', '2026-01-08 20:11:53.529092+00'),
	('a4b930a9-f596-4a0e-a08d-f3395d19a44e', '6245d273-27ed-494b-a394-062f0c2e058c', 'cdc81757-e03e-450f-b170-f29ef7d546a9', '2026-01-08 20:11:53.529092+00'),
	('aa215b5a-937b-45a7-a169-c7a16aebd156', '6245d273-27ed-494b-a394-062f0c2e058c', '963edd40-7139-479e-b11f-4223187b76eb', '2026-01-08 20:11:53.529092+00'),
	('ac9e9cef-a597-4ca8-9a25-f4309bd396f3', 'ce3d5f07-58e2-44f4-a6ab-2971f0f02df4', '12c4100a-b45c-470c-9903-0691b6ab5716', '2026-01-08 20:11:53.529092+00'),
	('af788155-d326-439b-94b9-43bda713882c', 'd07b3b47-01a1-4f13-b241-301bdfcf67e4', '9f4d4c29-ea68-42e8-9c29-2784feed4a30', '2026-01-08 20:11:53.529092+00'),
	('b1ab73db-ef24-4318-9024-546f241ba9c5', '379f1133-283a-4c7c-abac-aad53be31964', '29a660f6-1094-4603-afdf-19fbae335c16', '2026-01-08 20:11:53.529092+00'),
	('b580704e-5811-4e9c-afca-e88804b80ddf', '6245d273-27ed-494b-a394-062f0c2e058c', '5a29824a-e99c-4cfa-b17f-8ce97ee3c57c', '2026-01-08 20:11:53.529092+00'),
	('b5df5a91-bd61-4b55-9853-ef61744a7ffb', 'cf1a47cc-1e25-43d7-b4f1-d1a591d7a374', '5a29824a-e99c-4cfa-b17f-8ce97ee3c57c', '2026-01-08 20:11:53.529092+00'),
	('b6dd99d7-a6a4-4645-a679-109f9519c1ea', '467a1ba5-e9db-4a7c-9c36-da46464aa961', '69c6e4dc-6503-4b64-be23-ac3df2c04744', '2026-01-08 20:11:53.529092+00'),
	('b8beb62b-630a-4cc3-83f3-8cbf4c9fc4ad', 'ce3d5f07-58e2-44f4-a6ab-2971f0f02df4', '92e92710-dd6b-4870-9738-50fda2f76b26', '2026-01-08 20:11:53.529092+00'),
	('bd3e8fca-c51e-425d-befa-f514507f19a7', 'd07b3b47-01a1-4f13-b241-301bdfcf67e4', '03b447d5-3698-45e3-b850-64379a87de0b', '2026-01-08 20:11:53.529092+00'),
	('bd7832a3-685f-4299-b4f3-a953377e0b99', '0eaffc33-63ee-41d3-91ba-fa5814bc53a3', 'cdc81757-e03e-450f-b170-f29ef7d546a9', '2026-01-08 20:11:53.529092+00'),
	('bfa46702-5326-4ab2-af27-d18ae98aad68', '467a1ba5-e9db-4a7c-9c36-da46464aa961', '5a29824a-e99c-4cfa-b17f-8ce97ee3c57c', '2026-01-08 20:11:53.529092+00'),
	('c01030ba-2457-4dd4-92c2-35f06a25e92f', 'ce3d5f07-58e2-44f4-a6ab-2971f0f02df4', 'cdc81757-e03e-450f-b170-f29ef7d546a9', '2026-01-08 20:11:53.529092+00'),
	('c1bc9429-ade8-4bc4-be5a-fc75ec41da59', 'b7639835-9d18-44d4-8c67-4050ff326146', 'cfe024e0-eaaf-4cab-a492-1fec144fa226', '2026-01-08 20:11:53.529092+00'),
	('c2754427-54db-4905-9b99-f641e39636d4', 'b2b3999c-6f3e-4576-a900-e53077c6b866', 'cdc81757-e03e-450f-b170-f29ef7d546a9', '2026-01-08 20:11:53.529092+00'),
	('c9d36e7c-8a35-46c3-b371-79fa83245e5d', '56361241-7ae5-4048-9013-e24c7454ade3', '29a660f6-1094-4603-afdf-19fbae335c16', '2026-01-08 20:11:53.529092+00'),
	('ca0b364e-e94e-4061-8964-bc99103dc35d', 'b38f35d5-c329-4ee8-9954-52677a554b77', '1255449f-008c-4d6d-aa75-b2a454992f0b', '2026-01-08 20:11:53.529092+00'),
	('ca867d0e-e234-4236-9f0c-7ebdbddf460d', 'ce3d5f07-58e2-44f4-a6ab-2971f0f02df4', '60afb855-ed79-40bc-9103-baf4a1752536', '2026-01-08 20:11:53.529092+00'),
	('ca93234b-c919-4f4a-af65-4aeadf4e697f', '6f3cb9c7-f004-4b84-ae08-bfd09f82190f', '027bc72c-0fed-46bb-921b-694f458d345b', '2026-01-08 20:11:53.529092+00'),
	('cd7e3591-36a8-4339-ad9e-a02babab658a', '87c6b8e9-7a65-42ed-8f70-06b7a4813f48', 'a21cd9a4-0986-4e48-9626-2fb4082c258e', '2026-01-08 20:11:53.529092+00'),
	('cf323c86-8df0-4fdb-ad24-63e981825f5e', '6245d273-27ed-494b-a394-062f0c2e058c', '69c6e4dc-6503-4b64-be23-ac3df2c04744', '2026-01-08 20:11:53.529092+00'),
	('d07d0f1d-495a-429a-ba5e-2a646000abac', '467a1ba5-e9db-4a7c-9c36-da46464aa961', '12c4100a-b45c-470c-9903-0691b6ab5716', '2026-01-08 20:11:53.529092+00'),
	('d999622d-7692-4759-9e52-35704576d712', '9e6b7c92-c70b-4acb-95b9-b5e52d8f1471', 'a21cd9a4-0986-4e48-9626-2fb4082c258e', '2026-01-08 20:11:53.529092+00'),
	('da9f999c-ba9f-4a21-8334-4b7d43db312c', '4b2cd7ea-09ed-4469-83a7-85097053b670', '027bc72c-0fed-46bb-921b-694f458d345b', '2026-01-08 20:11:53.529092+00'),
	('dd9476b6-da2f-4075-bc38-f4d181fccc31', 'b38f35d5-c329-4ee8-9954-52677a554b77', '60afb855-ed79-40bc-9103-baf4a1752536', '2026-01-08 20:11:53.529092+00'),
	('de343613-d7b7-4eaf-90df-2d74ddc2f528', '6245d273-27ed-494b-a394-062f0c2e058c', '7249b54d-5789-43aa-96dd-4850452ac7c3', '2026-01-08 20:11:53.529092+00'),
	('de731860-69ab-448b-a7cf-1b8a587ccc28', 'ce53431f-a6a3-4b94-9f6f-5c48302d5f26', 'a21cd9a4-0986-4e48-9626-2fb4082c258e', '2026-01-08 20:11:53.529092+00'),
	('de735d76-d87e-4a86-ae5c-b4f737d9f105', 'f2848e51-0230-4a4c-887f-84868c227ded', 'a21cd9a4-0986-4e48-9626-2fb4082c258e', '2026-01-08 20:11:53.529092+00'),
	('deafa18a-e292-4e27-b491-e938893608cd', '379f1133-283a-4c7c-abac-aad53be31964', 'a21cd9a4-0986-4e48-9626-2fb4082c258e', '2026-01-08 20:11:53.529092+00'),
	('df64e2de-58d7-4ca8-ba14-56dea76ee1e5', 'f92dc6ec-32c8-4cb6-a97a-2b12b1ecd502', '669d8833-4729-4225-b869-e3f62d804a41', '2026-01-08 20:11:53.529092+00'),
	('e15fb054-e481-49bb-a04d-c183e9377b8f', 'ce3d5f07-58e2-44f4-a6ab-2971f0f02df4', 'cfe024e0-eaaf-4cab-a492-1fec144fa226', '2026-01-08 20:11:53.529092+00'),
	('e46da86a-d20f-4519-b659-ead676dccbbf', 'ce3d5f07-58e2-44f4-a6ab-2971f0f02df4', '34c8dc22-aecd-46c2-8fde-a810909f5e6d', '2026-01-08 20:11:53.529092+00'),
	('e6cdb5ed-9935-4acc-9076-5ba91b3d4e81', 'ce3d5f07-58e2-44f4-a6ab-2971f0f02df4', '963edd40-7139-479e-b11f-4223187b76eb', '2026-01-08 20:11:53.529092+00'),
	('e8c8b426-e7ac-4112-b8a9-75a3b87d1383', '6245d273-27ed-494b-a394-062f0c2e058c', '1255449f-008c-4d6d-aa75-b2a454992f0b', '2026-01-08 20:11:53.529092+00'),
	('e8dbd2cd-3fc8-4083-8c92-6f4b554cd7e9', 'b7639835-9d18-44d4-8c67-4050ff326146', '12c4100a-b45c-470c-9903-0691b6ab5716', '2026-01-08 20:11:53.529092+00'),
	('e93b5198-5414-4843-aed1-6c72087bc77d', '467a1ba5-e9db-4a7c-9c36-da46464aa961', '34c8dc22-aecd-46c2-8fde-a810909f5e6d', '2026-01-08 20:11:53.529092+00'),
	('eac27a1f-63fd-4907-81a8-b5efb8561045', '4b2cd7ea-09ed-4469-83a7-85097053b670', '9f4d4c29-ea68-42e8-9c29-2784feed4a30', '2026-01-08 20:11:53.529092+00'),
	('f3670b14-62f0-476d-a107-3e237bf4f04a', 'ce3d5f07-58e2-44f4-a6ab-2971f0f02df4', '9f4d4c29-ea68-42e8-9c29-2784feed4a30', '2026-01-08 20:11:53.529092+00'),
	('f4050eee-f9a3-4aa7-9ef5-945b3cf29e90', '6245d273-27ed-494b-a394-062f0c2e058c', '5282352b-07ee-42e9-8ba6-44417b86fc5c', '2026-01-08 20:11:53.529092+00'),
	('f684a911-5f0f-420d-9ecf-dd79a7128d5f', 'd07b3b47-01a1-4f13-b241-301bdfcf67e4', '1255449f-008c-4d6d-aa75-b2a454992f0b', '2026-01-08 20:11:53.529092+00'),
	('f842ec41-9670-4130-8f4d-79d6e855f92b', '6f3cb9c7-f004-4b84-ae08-bfd09f82190f', '669d8833-4729-4225-b869-e3f62d804a41', '2026-01-08 20:11:53.529092+00'),
	('fb99f10a-c128-41e9-b799-8d61d01f9788', 'b7639835-9d18-44d4-8c67-4050ff326146', 'cdc81757-e03e-450f-b170-f29ef7d546a9', '2026-01-08 20:11:53.529092+00'),
	('fee3dd71-980c-46b7-85ef-22be876660dc', '60b3c71d-64b9-4553-9bee-bef278766798', '29a660f6-1094-4603-afdf-19fbae335c16', '2026-01-08 20:11:53.529092+00'),
	('32fbf41d-4462-4843-a391-d251477a7e5d', '2a361bf6-e315-4f69-8beb-0d4ac503936e', '03b447d5-3698-45e3-b850-64379a87de0b', '2026-01-09 14:03:24.847121+00'),
	('25a9226a-0424-4ec2-acce-d5f63f398454', '2a361bf6-e315-4f69-8beb-0d4ac503936e', '12c4100a-b45c-470c-9903-0691b6ab5716', '2026-01-09 14:03:24.849005+00'),
	('c1ac1ad0-2fce-4833-b3ac-c55f07f88610', '2a361bf6-e315-4f69-8beb-0d4ac503936e', 'cdc81757-e03e-450f-b170-f29ef7d546a9', '2026-01-09 14:03:24.865804+00'),
	('4bb26cf5-09f4-4800-87b7-7d2e57c1bb37', '2a361bf6-e315-4f69-8beb-0d4ac503936e', 'b5e16f44-9d4d-48e4-92a7-242e04f3a8e1', '2026-01-09 14:03:24.875492+00'),
	('4e227174-fc67-48d8-a0e4-603d11a388c6', '2a361bf6-e315-4f69-8beb-0d4ac503936e', '34c8dc22-aecd-46c2-8fde-a810909f5e6d', '2026-01-09 14:03:24.879576+00'),
	('caf1a4fb-802e-44be-88ab-ec8db060c7dd', '2a361bf6-e315-4f69-8beb-0d4ac503936e', 'cfe024e0-eaaf-4cab-a492-1fec144fa226', '2026-01-09 14:03:24.884586+00'),
	('9ff54c3a-e973-4295-bddd-a7546945ece5', '2a361bf6-e315-4f69-8beb-0d4ac503936e', '027bc72c-0fed-46bb-921b-694f458d345b', '2026-01-09 14:03:25.625819+00'),
	('2dc7a4d3-9515-41cc-a028-cb6c0a5e0947', '2a361bf6-e315-4f69-8beb-0d4ac503936e', '7249b54d-5789-43aa-96dd-4850452ac7c3', '2026-01-09 14:03:25.639152+00'),
	('1a0ceac5-adc9-464d-b310-30c672e83960', '2a361bf6-e315-4f69-8beb-0d4ac503936e', '60afb855-ed79-40bc-9103-baf4a1752536', '2026-01-09 14:03:25.645016+00'),
	('ef96ba6e-93da-4be4-822d-9af95e60bb07', '2a361bf6-e315-4f69-8beb-0d4ac503936e', '54acd631-f017-4972-a461-6562cccfb9e5', '2026-01-09 14:03:25.656065+00'),
	('a37d41d4-d9ce-4f3c-84bf-da302205ebf9', '2a361bf6-e315-4f69-8beb-0d4ac503936e', 'd11c7137-5245-46f1-aa3e-49bbb6e7e585', '2026-01-09 14:03:25.658432+00'),
	('03b0755c-15d6-464d-9b7c-07724c03cecb', '2a361bf6-e315-4f69-8beb-0d4ac503936e', '645a371c-a301-42fd-b99c-3c7a8a261453', '2026-01-09 14:03:25.663868+00'),
	('cc7bcf5e-38ab-437f-b490-c904700aaa38', '2a361bf6-e315-4f69-8beb-0d4ac503936e', '92e92710-dd6b-4870-9738-50fda2f76b26', '2026-01-09 14:03:26.382753+00'),
	('db3d156b-9d20-42a6-9bba-4fbfb3159f75', '2a361bf6-e315-4f69-8beb-0d4ac503936e', '5282352b-07ee-42e9-8ba6-44417b86fc5c', '2026-01-09 14:03:26.404129+00'),
	('eba00111-f352-4b4b-a467-e486368df4a8', '2a361bf6-e315-4f69-8beb-0d4ac503936e', '7a2444c9-5799-4d85-9b9d-0aa5f740e903', '2026-01-09 14:03:26.458016+00'),
	('2f897051-2883-4b61-a6ac-caab23507083', '2a361bf6-e315-4f69-8beb-0d4ac503936e', 'a56abb83-f3e8-47a1-bc87-ae14667fb00f', '2026-01-09 14:03:26.580213+00'),
	('859ea164-f702-4022-8478-5edaa99100c6', '2a361bf6-e315-4f69-8beb-0d4ac503936e', '5a29824a-e99c-4cfa-b17f-8ce97ee3c57c', '2026-01-09 14:03:26.58395+00'),
	('2e33ece8-c8f8-490a-aa60-46333bb917b2', '2a361bf6-e315-4f69-8beb-0d4ac503936e', '8f5a63a2-06d8-416d-9a4b-bd80ee138bfa', '2026-01-09 14:03:26.86923+00'),
	('7ec93b19-e918-4683-b6fd-d04a52067e43', '2a361bf6-e315-4f69-8beb-0d4ac503936e', '9f4d4c29-ea68-42e8-9c29-2784feed4a30', '2026-01-09 14:03:27.151094+00'),
	('b6a8b8c5-42e7-4451-8aea-584439e06bcd', '2a361bf6-e315-4f69-8beb-0d4ac503936e', '669d8833-4729-4225-b869-e3f62d804a41', '2026-01-09 14:03:27.180976+00'),
	('0dde50d2-87ae-404d-92d0-a8c6286916ba', '2a361bf6-e315-4f69-8beb-0d4ac503936e', '1255449f-008c-4d6d-aa75-b2a454992f0b', '2026-01-09 14:03:27.230459+00'),
	('89cedad7-84d8-43fd-911f-41cba940a20c', '2a361bf6-e315-4f69-8beb-0d4ac503936e', 'a21cd9a4-0986-4e48-9626-2fb4082c258e', '2026-01-09 14:03:27.344787+00'),
	('c050af5b-9faf-4cf2-a7ed-78da704f670a', '2a361bf6-e315-4f69-8beb-0d4ac503936e', '29a660f6-1094-4603-afdf-19fbae335c16', '2026-01-09 14:03:27.36279+00'),
	('df5553a9-9493-4072-86c1-8a82eca175db', '2a361bf6-e315-4f69-8beb-0d4ac503936e', 'a81d6630-0c0a-480f-bed9-30dc1009a67e', '2026-01-09 14:03:27.633957+00'),
	('83f25cc9-60dc-470f-ad4e-7636f7e54bdd', '9e6b7c92-c70b-4acb-95b9-b5e52d8f1471', '963edd40-7139-479e-b11f-4223187b76eb', '2026-01-09 14:27:04.743203+00'),
	('f8cf7459-0e5b-4723-b89e-5fd9fbeb480a', '9e6b7c92-c70b-4acb-95b9-b5e52d8f1471', '1255449f-008c-4d6d-aa75-b2a454992f0b', '2026-01-09 14:27:04.752711+00'),
	('1537fbca-04cb-4611-9713-e1f594133e79', '9e6b7c92-c70b-4acb-95b9-b5e52d8f1471', '669d8833-4729-4225-b869-e3f62d804a41', '2026-01-09 14:27:04.866834+00'),
	('e66c77a4-f8f0-4a74-af2d-e91e943740e5', '9e6b7c92-c70b-4acb-95b9-b5e52d8f1471', '9f4d4c29-ea68-42e8-9c29-2784feed4a30', '2026-01-09 14:27:18.252054+00'),
	('8d7b2a42-6b23-4e8c-91f5-87d1fff92f84', '3316a0ea-5835-49ec-9adc-51ccb45cd61e', '9f4d4c29-ea68-42e8-9c29-2784feed4a30', '2026-01-11 14:06:35.178407+00'),
	('020bb8b9-712e-4124-982c-f2d2f7ac6a31', '3316a0ea-5835-49ec-9adc-51ccb45cd61e', 'b5e16f44-9d4d-48e4-92a7-242e04f3a8e1', '2026-01-11 14:06:35.181398+00'),
	('2227d2e2-1f71-4e6b-b877-11efe7e86c7f', '3316a0ea-5835-49ec-9adc-51ccb45cd61e', '963edd40-7139-479e-b11f-4223187b76eb', '2026-01-11 14:06:35.222029+00'),
	('1e65ef22-80f6-454d-a85d-2d2689b1bdbf', '9e6b7c92-c70b-4acb-95b9-b5e52d8f1471', 'b5e16f44-9d4d-48e4-92a7-242e04f3a8e1', '2026-01-11 17:27:36.691944+00'),
	('004e621b-8f13-497a-836c-5140b23a3251', '9e6b7c92-c70b-4acb-95b9-b5e52d8f1471', '03b447d5-3698-45e3-b850-64379a87de0b', '2026-01-11 17:27:36.755243+00'),
	('008b6127-b119-4709-8687-b96a8c66c5d1', '3316a0ea-5835-49ec-9adc-51ccb45cd61e', '29a660f6-1094-4603-afdf-19fbae335c16', '2026-01-14 20:48:21.15454+00'),
	('82e82fe6-e4af-47bd-9d12-bc8a1cc9fee4', '3316a0ea-5835-49ec-9adc-51ccb45cd61e', 'a21cd9a4-0986-4e48-9626-2fb4082c258e', '2026-01-14 20:48:21.161606+00'),
	('95689b7c-05d8-421c-8c77-2d3967820976', '3316a0ea-5835-49ec-9adc-51ccb45cd61e', 'a81d6630-0c0a-480f-bed9-30dc1009a67e', '2026-01-14 20:48:21.216769+00'),
	('f6c56620-2b34-482d-8cfa-9f6178de634f', '3316a0ea-5835-49ec-9adc-51ccb45cd61e', '7ee596d8-9c11-465b-b748-4606fafc0283', '2026-01-14 20:48:22.045227+00'),
	('985ddc3b-91a9-4b22-88bf-963a420d4727', '3316a0ea-5835-49ec-9adc-51ccb45cd61e', '669d8833-4729-4225-b869-e3f62d804a41', '2026-01-14 20:48:22.078809+00'),
	('aee5f47a-b791-4df2-a7b7-625e1daa4394', '3316a0ea-5835-49ec-9adc-51ccb45cd61e', '1255449f-008c-4d6d-aa75-b2a454992f0b', '2026-01-14 20:48:22.338787+00'),
	('33cadf8d-6475-469c-bc4a-55f31f6a0360', '3316a0ea-5835-49ec-9adc-51ccb45cd61e', 'cdc81757-e03e-450f-b170-f29ef7d546a9', '2026-01-14 20:48:22.79298+00'),
	('a9045ea2-0aaa-4a2c-a02b-63db6cd7fda9', '3316a0ea-5835-49ec-9adc-51ccb45cd61e', '60afb855-ed79-40bc-9103-baf4a1752536', '2026-01-14 20:48:22.835312+00'),
	('585c02d2-b481-49da-b2b2-4b29e7aea068', '3316a0ea-5835-49ec-9adc-51ccb45cd61e', '027bc72c-0fed-46bb-921b-694f458d345b', '2026-01-14 20:48:23.100187+00'),
	('cd977c62-7025-442e-8a18-963d132adcee', '3316a0ea-5835-49ec-9adc-51ccb45cd61e', 'd11c7137-5245-46f1-aa3e-49bbb6e7e585', '2026-01-14 20:48:23.545947+00'),
	('e2698831-7df5-4b22-b32e-d18e15d3ebfd', '3316a0ea-5835-49ec-9adc-51ccb45cd61e', '54acd631-f017-4972-a461-6562cccfb9e5', '2026-01-14 20:48:23.619135+00'),
	('39f88d4e-6d4e-45bf-9536-f895276afe7a', '3316a0ea-5835-49ec-9adc-51ccb45cd61e', '7249b54d-5789-43aa-96dd-4850452ac7c3', '2026-01-14 20:48:23.888268+00'),
	('228480f9-3ca9-4b93-9f58-95c76903dc1d', '3316a0ea-5835-49ec-9adc-51ccb45cd61e', '92e92710-dd6b-4870-9738-50fda2f76b26', '2026-01-14 20:48:24.388189+00'),
	('dd7beac7-5e71-4d0a-b84c-ae7831a4c10b', '3316a0ea-5835-49ec-9adc-51ccb45cd61e', '645a371c-a301-42fd-b99c-3c7a8a261453', '2026-01-14 20:48:24.583884+00'),
	('c4158d59-f5e4-460d-91ae-051d63536ebf', '3316a0ea-5835-49ec-9adc-51ccb45cd61e', '5282352b-07ee-42e9-8ba6-44417b86fc5c', '2026-01-14 20:48:24.65992+00'),
	('8b75e63e-0fe3-4eb1-b8d7-44d4f561756f', '3316a0ea-5835-49ec-9adc-51ccb45cd61e', '7a2444c9-5799-4d85-9b9d-0aa5f740e903', '2026-01-14 20:48:25.172323+00'),
	('71571675-4a60-4572-8d86-97191f13520f', '3316a0ea-5835-49ec-9adc-51ccb45cd61e', '5a29824a-e99c-4cfa-b17f-8ce97ee3c57c', '2026-01-14 20:48:25.383697+00'),
	('bcb582d9-5647-4a60-9fd1-d642d33456e5', '3316a0ea-5835-49ec-9adc-51ccb45cd61e', 'a56abb83-f3e8-47a1-bc87-ae14667fb00f', '2026-01-14 20:48:25.814549+00'),
	('e07b6b0b-a8e4-4ec7-8f42-6c6abf23cc6f', '3316a0ea-5835-49ec-9adc-51ccb45cd61e', '8f5a63a2-06d8-416d-9a4b-bd80ee138bfa', '2026-01-14 20:48:25.923345+00'),
	('97d6b89c-733b-494d-aeb8-1c347bf1c266', '3316a0ea-5835-49ec-9adc-51ccb45cd61e', '34c8dc22-aecd-46c2-8fde-a810909f5e6d', '2026-01-14 20:48:26.152983+00'),
	('48f2af9a-7cfa-4169-a45c-6f15bf06d57e', '3316a0ea-5835-49ec-9adc-51ccb45cd61e', '12c4100a-b45c-470c-9903-0691b6ab5716', '2026-01-14 20:48:26.6211+00'),
	('0ffc04e0-0102-40b7-95b6-0c0e948164e3', '3316a0ea-5835-49ec-9adc-51ccb45cd61e', 'cfe024e0-eaaf-4cab-a492-1fec144fa226', '2026-01-14 20:48:26.717781+00'),
	('186aaf79-05ff-4594-98cb-5a2ac108103f', '3316a0ea-5835-49ec-9adc-51ccb45cd61e', '03b447d5-3698-45e3-b850-64379a87de0b', '2026-01-14 20:48:27.20266+00'),
	('913c0982-0870-46d2-ada8-167d8088e0cc', 'b6467fb9-66f8-4014-b29b-725a15096b93', '669d8833-4729-4225-b869-e3f62d804a41', '2026-01-21 00:02:33.957116+00');


--
-- Data for Name: buckets; Type: TABLE DATA; Schema: storage; Owner: supabase_storage_admin
--

INSERT INTO "storage"."buckets" ("id", "name", "owner", "created_at", "updated_at", "public", "avif_autodetection", "file_size_limit", "allowed_mime_types", "owner_id", "type") VALUES
	('malfunction-images', 'malfunction-images', NULL, '2026-01-08 19:53:19.326263+00', '2026-01-08 19:53:19.326263+00', true, false, 5242880, '{image/jpeg,image/png,image/webp,image/gif}', NULL, 'STANDARD'),
	('report-images', 'report-images', NULL, '2026-01-08 19:53:19.326263+00', '2026-01-08 19:53:19.326263+00', true, false, NULL, NULL, NULL, 'STANDARD'),
	('reports', 'reports', NULL, '2026-01-21 15:12:43.134692+00', '2026-01-21 15:12:43.134692+00', true, false, 5242880, '{image/jpeg,image/png,image/gif,image/webp}', NULL, 'STANDARD');


--
-- Data for Name: buckets_analytics; Type: TABLE DATA; Schema: storage; Owner: supabase_storage_admin
--



--
-- Data for Name: buckets_vectors; Type: TABLE DATA; Schema: storage; Owner: supabase_storage_admin
--



--
-- Data for Name: objects; Type: TABLE DATA; Schema: storage; Owner: supabase_storage_admin
--

INSERT INTO "storage"."objects" ("id", "bucket_id", "name", "owner", "created_at", "updated_at", "last_accessed_at", "metadata", "version", "owner_id", "user_metadata", "level") VALUES
	('39a97790-3efd-416b-9c9e-befc99c427d0', 'report-images', '6f96cb9d-cff7-4f75-b6f2-851a14f6486c/1768508494892-17b2343a-cb25-48ca-900d-49c27ac2a5a8.png', NULL, '2026-01-15 20:21:35.934062+00', '2026-01-15 20:21:35.934062+00', '2026-01-15 20:21:35.934062+00', '{"eTag": "\"b53d528c8c65db681c0c31bb9d5fe648\"", "size": 78937, "mimetype": "image/png", "cacheControl": "max-age=3600", "lastModified": "2026-01-15T20:21:36.000Z", "contentLength": 78937, "httpStatusCode": 200}', '9c61b52d-38b4-435f-ad97-16ec45c06f5f', NULL, '{}', 2),
	('bc61ef2a-78fe-43da-9f5f-0dbc6256e113', 'report-images', '09d9b88d-0f9c-4730-9ce8-d1601cdd5def/1768571786457-46c0b4fc-0cec-4472-b5bc-08e4aa3a4012.png', NULL, '2026-01-16 13:56:27.455019+00', '2026-01-16 13:56:27.455019+00', '2026-01-16 13:56:27.455019+00', '{"eTag": "\"3e17c6820237df8123a773af4dd91d1f\"", "size": 62616, "mimetype": "image/png", "cacheControl": "max-age=3600", "lastModified": "2026-01-16T13:56:28.000Z", "contentLength": 62616, "httpStatusCode": 200}', 'ebf17338-8645-4bbb-a518-53fa68ee1973', NULL, '{}', 2),
	('5e74ec54-6b9f-409a-9ec1-7dc3e0c8d7d6', 'report-images', '32207b0b-8aa4-4550-968c-29b9b7890ab4/1768675877489-b68cafdf-9098-48db-89b9-659d7f13759c.png', NULL, '2026-01-17 18:51:18.45628+00', '2026-01-17 18:51:18.45628+00', '2026-01-17 18:51:18.45628+00', '{"eTag": "\"3e17c6820237df8123a773af4dd91d1f\"", "size": 62616, "mimetype": "image/png", "cacheControl": "max-age=3600", "lastModified": "2026-01-17T18:51:19.000Z", "contentLength": 62616, "httpStatusCode": 200}', '99de78a5-455f-41ef-a7e9-44d77614a711', NULL, '{}', 2),
	('f29c73d5-10c5-4bc6-a6bd-783a4795597c', 'report-images', '78632f83-9384-4fb7-8794-7775f6220ad6/1768917007065-49338592-1eb1-4896-b409-706f85383565.jpeg', NULL, '2026-01-20 13:50:08.912728+00', '2026-01-20 13:50:08.912728+00', '2026-01-20 13:50:08.912728+00', '{"eTag": "\"35cac48c178a2c7ded8de39be0440de2\"", "size": 2366275, "mimetype": "image/jpeg", "cacheControl": "max-age=3600", "lastModified": "2026-01-20T13:50:09.000Z", "contentLength": 2366275, "httpStatusCode": 200}', '0b2871de-1504-4e88-a357-e5f06d6a54dc', NULL, '{}', 2),
	('447b0900-bb1f-4994-9468-0a7d9a0080e5', 'reports', 'first-product-approval/1769008609983-d75bf45c-b10a-4d95-aef3-3a39bd2cf323.jpg', NULL, '2026-01-21 15:16:51.863871+00', '2026-01-21 15:16:51.863871+00', '2026-01-21 15:16:51.863871+00', '{"eTag": "\"5098d2d67e40e767db3fe93218a4268d\"", "size": 1819449, "mimetype": "image/jpeg", "cacheControl": "max-age=3600", "lastModified": "2026-01-21T15:16:52.000Z", "contentLength": 1819449, "httpStatusCode": 200}', 'f4a74bc1-3312-4254-b977-31b8453f6ee8', NULL, '{}', 2);


--
-- Data for Name: prefixes; Type: TABLE DATA; Schema: storage; Owner: supabase_storage_admin
--

INSERT INTO "storage"."prefixes" ("bucket_id", "name", "created_at", "updated_at") VALUES
	('report-images', '6f96cb9d-cff7-4f75-b6f2-851a14f6486c', '2026-01-15 20:21:35.934062+00', '2026-01-15 20:21:35.934062+00'),
	('report-images', '09d9b88d-0f9c-4730-9ce8-d1601cdd5def', '2026-01-16 13:56:27.455019+00', '2026-01-16 13:56:27.455019+00'),
	('report-images', '32207b0b-8aa4-4550-968c-29b9b7890ab4', '2026-01-17 18:51:18.45628+00', '2026-01-17 18:51:18.45628+00'),
	('report-images', '78632f83-9384-4fb7-8794-7775f6220ad6', '2026-01-20 13:50:08.912728+00', '2026-01-20 13:50:08.912728+00'),
	('reports', 'first-product-approval', '2026-01-21 15:16:51.863871+00', '2026-01-21 15:16:51.863871+00');


--
-- Data for Name: s3_multipart_uploads; Type: TABLE DATA; Schema: storage; Owner: supabase_storage_admin
--



--
-- Data for Name: s3_multipart_uploads_parts; Type: TABLE DATA; Schema: storage; Owner: supabase_storage_admin
--



--
-- Data for Name: vector_indexes; Type: TABLE DATA; Schema: storage; Owner: supabase_storage_admin
--



--
-- Name: refresh_tokens_id_seq; Type: SEQUENCE SET; Schema: auth; Owner: supabase_auth_admin
--

SELECT pg_catalog.setval('"auth"."refresh_tokens_id_seq"', 1, false);


--
-- PostgreSQL database dump complete
--

-- \unrestrict zTQsa10PoSgXWVRWW06GVDTsxfLsYXc2eRAhPb2VLy9O80WXMBxPH8DEajsW8sh

RESET ALL;
